Row,GameName,Predicted_RecommendationCount,Actual_RecommendationCount,Error,AbsError
1,Counter-Strike,79439,68991,10448,10448
2,Team Fortress Classic,2466,2439,27,27
3,Day of Defeat,0,2319,-2319,2319
4,Deathmatch Classic,7020,888,6132,6132
5,Half-Life: Opposing Force,2466,2934,-468,468
6,Ricochet,2466,1965,501,501
7,Half-Life,11095,12486,-1391,1391
8,Counter-Strike: Condition Zero,11095,7067,4028,4028
9,Half-Life: Blue Shift,3542,2219,1323,1323
10,Half-Life 2,19326,35792,-16466,16466
11,Counter-Strike: Source,79439,53931,25508,25508
12,Half-Life: Source,2466,2547,-81,81
13,Day of Defeat: Source,19326,7185,12141,12141
14,Half-Life 2: Lost Coast,4352,4352,0,0
15,Half-Life Deathmatch: Source,780,864,-84,84
16,Half-Life 2: Episode One,4352,4437,-85,85
17,Portal,79439,27535,51904,51904
18,Team Fortress 2,590480,383949,206531,206531
19,Left 4 Dead,11095,9980,1115,1115
20,Left 4 Dead 2,79439,140726,-61287,61287
21,Dota 2,590480,590480,0,0
22,Portal 2,79439,73128,6311,6311
23,Alien Swarm,19326,14625,4701,4701
24,Portal 2,79439,73128,6311,6311
25,Counter-Strike: Global Offensive,590480,1427633,-837153,837153
26,Rag Doll Kung Fu,0,0,0,0
27,Red Orchestra: Ostfront 41-45,2466,1220,1246,1246
28,Killing Floor,41001,44364,-3363,3363
29,SiN Episodes: Emergence,280,385,-105,105
30,Darwinia,1494,444,1050,1050
31,Multiwinia,624,340,284,284
32,Dangerous Waters,128,112,16,16
33,Jagged Alliance 2 Gold,0,0,0,0
34,Disciples II: Galleans Return,174,400,-226,226
35,Iron Warriors: T - 72 Tank Command,0,210,-210,210
36,Space Empires V,0,204,-204,204
37,Arx Fatalis,280,389,-109,109
38,Source Filmmaker,9269,10079,-810,810
39,Two Worlds Epic Edition,1760,2399,-639,639
40,Dark Messiah of Might & Magic,1760,2776,-1016,1016
41,Quake III Arena,749,656,93,93
42,Quake IV,624,509,115,115
43,Wolfenstein 3D,749,1061,-312,312
44,Ultimate Doom,1522,2000,-478,478
45,Final DOOM,408,389,19,19
46,DOOM II,1074,1279,-205,205
47,QUAKE,1074,1266,-192,192
48,QUAKE II,408,660,-252,252
49,QUAKE II Mission Pack: Ground Zero,0,0,0,0
50,QUAKE III: Team Arena,188,0,188,188
51,HeXen: Beyond Heretic,118,158,-40,40
52,Heretic: Shadow of the Serpent Riders,280,241,39,39
53,The Ship: Murder Party,5375,5026,349,349
54,The Ship: Single Player,780,706,74,74
55,Bloody Good Time,749,716,33,33
56,Gumboy - Crazy Adventures(tm),0,0,0,0
57,RIP - Trilogy(tm),274,291,-17,17
58,RIP - Trilogy(tm),274,291,-17,17
59,RIP - Trilogy(tm),274,291,-17,17
60,Vigil: Blood Bitterness(tm),0,129,-129,129
61,Alpha Prime,174,984,-810,810
62,Vampire: The Masquerade - Bloodlines,3111,3983,-872,872
63,GUN(tm),188,351,-163,163
64,Call of Duty(r),749,851,-102,102
65,Call of Duty(r) 2,1522,1307,215,215
66,Call of Duty: United Offensive,408,318,90,90
67,RollerCoaster Tycoon(r) 3: Platinum,3542,2579,963,963
68,Act of War: Direct Action,0,109,-109,109
69,ARMA: Combat Operations,189,181,8,8
70,X2: The Threat,280,183,97,97
71,X3: Reunion,749,280,469,469
72,X3: Terran Conflict,1522,1262,260,260
73,X: Beyond the Frontier,174,136,38,38
74,X: Tension,118,0,118,118
75,X Rebirth,3050,5637,-2587,2587
76,688(I) Hunter/Killer,0,0,0,0
77,Fleet Command,0,0,0,0
78,Sub Command,0,0,0,0
79,FlatOut 2(tm),1522,2870,-1348,1348
80,Xpand Rally,274,116,158,158
81,Call of Juarez(tm),405,501,-96,96
82,Xpand Rally Xtreme,0,0,0,0
83,Kings Bounty: Armored Princess,575,308,267,267
84,Painkiller Overdose,405,374,31,31
85,Bejeweled 2 Deluxe,0,0,0,0
86,Chuzzle Deluxe,0,0,0,0
87,Zuma Deluxe,0,118,-118,118
88,AstroPop Deluxe,0,0,0,0
89,Bejeweled Deluxe,0,0,0,0
90,Big Money! Deluxe,0,0,0,0
91,Dynomite Deluxe,0,0,0,0
92,Heavy Weapon Deluxe,0,0,0,0
93,Iggle Pop Deluxe,0,0,0,0
94,Pizza Frenzy Deluxe,0,0,0,0
95,Rocket Mania Deluxe,0,0,0,0
96,Talismania Deluxe,0,0,0,0
97,Peggle Deluxe,1522,682,840,840
98,Peggle Extreme,624,618,6,6
99,Venice Deluxe,0,0,0,0
100,Mystery P.I.(tm) - The Lottery Ticket,0,0,0,0
101,Amazing Adventures The Lost Tomb(tm),0,0,0,0
102,Mystery P.I.(tm) - The Vegas Heist,0,0,0,0
103,Amazing Adventures Around the World,0,0,0,0
104,Peggle(tm) Nights,408,248,160,160
105,Bejeweled Twist,0,0,0,0
106,Mystery P.I.(tm) - The New York Fortune,0,0,0,0
107,The Wizards Pen(tm),0,0,0,0
108,Plants vs. Zombies GOTY Edition,0,6207,-6207,6207
109,Escape Rosecliff Island,189,124,65,65
110,Mystery P.I. - Lost in Los Angeles,0,0,0,0
111,Sniper Elite,1494,866,628,628
112,Judge Dredd: Dredd vs. Death,274,425,-151,151
113,Evil Genius,1074,1195,-121,121
114,Aliens versus Predator Classic 2000,624,1084,-460,460
115,Advent Rising,189,226,-37,37
116,BloodRayne,274,307,-33,33
117,BloodRayne 2,189,224,-35,35
118,Psychonauts,5375,5130,245,245
119,Sid Meiers Civilization(r) IV,2466,887,1579,1579
120,Sid Meiers Civilization(r) III Complete,780,1328,-548,548
121,Sid Meiers Pirates!,1760,1641,119,119
122,Shattered Union,162,0,162,162
123,CivCity: Rome,405,143,262,262
124,Poker Superstars II,0,0,0,0
125,RACE - The WTCC Game,636,126,510,510
126,RACE - The WTCC Game,636,126,510,510
127,RACE: Caterham Expansion,0,0,0,0
128,RoboBlitz,0,0,0,0
129,Silverfall,128,0,128,128
130,City Life 2008,0,0,0,0
131,Silverfall: Earth Awakening,0,0,0,0
132,S.T.A.L.K.E.R.: Shadow of Chernobyl,5375,4657,718,718
133,Full Spectrum Warrior,274,104,170,170
134,Full Spectrum Warrior: Ten Hammers,0,0,0,0
135,Titan Quest,4347,2218,2129,2129
136,Titan Quest - Immortal Throne,4347,2216,2131,2131
137,Company of Heroes,6824,3856,2968,2968
138,Warhammer(r) 40000: Dawn of War(r) - Game of the Year Edition,2466,2212,254,254
139,Warhammer(r) 40000: Dawn of War(r) - Dark Crusade,2466,1715,751,751
140,Rome: Total War(tm) - Alexander,308,266,42,42
141,Medieval II: Total War(tm) Kingdoms,0,549,-549,549
142,Heroes of Annihilated Empires,0,153,-153,153
143,Cossacks: Art of War,0,0,0,0
144,Cossacks: European Wars,189,135,54,54
145,Cossacks II: Battle for Europe,174,223,-49,49
146,Natural Selection 2,9269,7873,1396,1396
147,Natural Selection 2,9269,7873,1396,1396
148,STAR WARS(tm) Republic Commando(tm),2466,3763,-1297,1297
149,STAR WARS(tm) Jedi Knight - Jedi Academy(tm),3542,3535,7,7
150,STAR WARS(tm) Jedi Knight II - Jedi Outcast(tm),2466,1433,1033,1033
151,The Dig(r),174,370,-196,196
152,STAR WARS(tm) Battlefront(tm) II,13356,16580,-3224,3224
153,Thrillville(r): Off the Rails(tm),137,151,-14,14
154,Armed and Dangerous(r),137,0,137,137
155,Shank,1494,1232,262,262
156,Shank,1494,1232,262,262
157,Ghost Master(r),749,846,-97,97
158,Vegas: Make It Big(tm),0,0,0,0
159,FlatOut,624,1241,-617,617
160,Making History: The Calm & the Storm,189,453,-264,264
161,Ducati World Championship,0,161,-161,161
162,Dreamfall: The Longest Journey,188,397,-209,209
163,The Longest Journey,408,737,-329,329
164,Bloodline Champions,1494,1381,113,113
165,Joint Task Force,0,0,0,0
166,Nexus - The Jupiter Incident,174,333,-159,159
167,Devil May Cry(r) 3 Special Edition,749,1401,-652,652
168,Bullet Candy,189,0,189,189
169,Commandos: Behind Enemy Lines,1002,854,148,148
170,Commandos: Beyond the Call of Duty,749,244,505,505
171,Commandos 2: Men of Courage,1002,877,125,125
172,Commandos 3: Destination Berlin,1002,415,587,587
173,Hitman 2: Silent Assassin,1494,1144,350,350
174,Hitman: Blood Money,5375,3895,1480,1480
175,Battlestations: Midway,174,214,-40,40
176,Hitman: Codename 47,1002,1049,-47,47
177,Deus Ex: Game of the Year Edition,3542,3706,-164,164
178,Deus Ex: Invisible War,1494,679,815,815
179,Tomb Raider: Legend,1002,921,81,81
180,Project: Snowblind,0,110,-110,110
181,Trackmania United Forever Star Edition,636,633,3,3
182,Runaway A Road Adventure,280,212,68,68
183,Loki,137,0,137,137
184,Azada,0,0,0,0
185,X-Blades,1002,1846,-844,844
186,Two Worlds II,5375,3331,2044,2044
187,Two Worlds II Castle Defense,274,221,53,53
188,Sid Meiers Railroads!,1002,1097,-95,95
189,Railroad Tycoon 3,342,273,69,69
190,Railroad Tycoon II Platinum,408,296,112,112
191,X-COM: Apocalypse,408,296,112,112
192,BioShock(tm),41001,16260,24741,24741
193,X-COM: Interceptor,174,0,174,174
194,X-COM: UFO Defense,1002,1289,-287,287
195,X-COM: Enforcer,174,201,-27,27
196,Men of War(tm),1074,1203,-129,129
197,Death Track(r): Resurrection,0,0,0,0
198,NecroVision,405,506,-101,101
199,Call of Duty(r) 4: Modern Warfare(r),23548,5983,17565,17565
200,Cabelas(r) Big Game Hunter(tm) Trophy Bucks,0,0,0,0
201,Tomb Raider: Anniversary,1494,1111,383,383
202,Kane and Lynch: Dead Men(tm),749,1136,-387,387
203,Conflict: Denied Ops,0,0,0,0
204,Tomb Raider: Underworld,1002,1079,-77,77
205,Just Cause 2,41001,27899,13102,13102
206,Sam & Max 102: Situation: Comedy,174,0,174,174
207,Sam & Max 103: The Mole the Mob and the Meatball,118,0,118,118
208,Sam & Max 104: Abe Lincoln Must Die!,749,253,496,496
209,Sam & Max 106: Bright Side of the Moon,0,0,0,0
210,Sam & Max 201: Ice Station Santa,0,0,0,0
211,Sam & Max 202: Moai Better Blues,0,0,0,0
212,Sam & Max 203: Night of the Raving Dead,0,0,0,0
213,Sam & Max 204: Chariots of the Dogs,0,0,0,0
214,Sam & Max 205: What’s New Beelzebub?,0,0,0,0
215,Bone: Out From Boneville,0,0,0,0
216,Bone: The Great Cow Race,0,0,0,0
217,Telltale Texas Hold Em,0,0,0,0
218,Strong Bads Cool Game for Attractive People: Season 1,189,175,14,14
219,Strong Bads Cool Game for Attractive People: Episode 2,0,0,0,0
220,Strong Bads Cool Game for Attractive People: Episode 4,0,0,0,0
221,Strong Bads Cool Game for Attractive People: Episode 5,0,0,0,0
222,Geometry Wars: Retro Evolved,749,507,242,242
223,EVE Online,5375,4269,1106,1106
224,RACE 07,2466,1637,829,829
225,RACE On,0,0,0,0
226,GTR 2 FIA GT Racing Game,174,132,42,42
227,Civilization IV: Beyond the Sword,780,780,0,0
228,BioShock(r) 2,6824,7624,-800,800
229,BioShock Infinite,40879,55512,-14633,14633
230,Freedom Force,408,242,166,166
231,Freedom Force vs. the Third Reich,174,0,174,174
232,Sid Meiers Civilization(r) V,79439,85750,-6311,6311
233,Axel & Pixel,0,0,0,0
234,Borderlands,11095,15545,-4450,4450
235,Spear of Destiny,118,122,-4,4
236,Return to Castle Wolfenstein,1494,1533,-39,39
237,QUAKE Mission Pack 2: Dissolution of Eternity,0,0,0,0
238,QUAKE Mission Pack 1: Scourge of Armagon,118,118,0,0
239,DOOM 3,1494,1645,-151,151
240,HeXen II,280,137,143,143
241,Master Levels for Doom II,342,181,161,161
242,Commander Keen,624,510,114,114
243,RAGE,9269,8176,1093,1093
244,RAGE,9269,8176,1093,1093
245,Warhammer(r) 40000: Dawn of War(r) - Winter Assault,1760,377,1383,1383
246,Supreme Commander,308,782,-474,474
247,Supreme Commander: Forged Alliance,2778,2834,-56,56
248,Frontlines(tm): Fuel of War(tm),749,438,311,311
249,Saints Row 2,6824,6867,-43,43
250,Gish,408,219,189,189
251,Desperados 2: Coopers Revenge,0,0,0,0
252,Tycoon City: New York,0,0,0,0
253,Death to Spies,274,450,-176,176
254,Codename: Panzers - Cold War,0,0,0,0
255,Ghostbusters: The Videogame,749,1518,-769,769
256,Test Drive Unlimited 2,3111,5972,-2861,2861
257,Blade Kitten,685,670,15,15
258,Haunted House(tm),0,0,0,0
259,Star Raiders,0,0,0,0
260,The UnderGarden,0,0,0,0
261,Ghostbusters: Sanctum of Slime,0,105,-105,105
262,Kings Quest(tm) Collection,0,0,0,0
263,Space Quest(tm) Collection,118,103,15,15
264,Aces of the Galaxy(tm),0,0,0,0
265,TimeShift(tm),188,571,-383,383
266,3D Ultra(tm) Minigolf Adventures,0,0,0,0
267,Prototype(tm),3111,2122,989,989
268,Call of Duty(r): Modern Warfare(r) 2,19326,22223,-2897,2897
269,Call of Duty(r): Modern Warfare(r) 2,19326,22223,-2897,2897
270,Postal III,759,1045,-286,286
271,A Stroke of Fate: Operation Valkyrie,0,0,0,0
272,PT Boats: Knights of the Sea,0,0,0,0
273,PT Boats: South Gambit,0,0,0,0
274,Disciples III: Reincarnation,174,480,-306,306
275,The Club(tm),0,0,0,0
276,Beijing 2008(tm) - The Official Video Game of the Olympic Games,0,0,0,0
277,Space Siege,189,0,189,189
278,TrackMania Nations Forever,6824,5077,1747,1747
279,Sherlock Holmes - Nemesis,0,0,0,0
280,Sherlock Holmes: The Mystery of the Mummy,128,125,3,3
281,Sherlock Holmes: The Awakened - Remastered Edition,118,131,-13,13
282,Sherlock Holmes: The Silver Earring,0,0,0,0
283,Sherlock Holmes: The Mystery of the Persian Carpet,0,0,0,0
284,Sherlock Holmes versus Jack the Ripper,189,257,-68,68
285,Shadowgrounds Survivor,749,465,284,284
286,Gumboy Tournament,189,519,-330,330
287,Space Trader: Merchant Marine,393,557,-164,164
288,Pacific Storm,0,0,0,0
289,Pacific Storm Allies,0,0,0,0
290,Penguins Arena: Sednas World,771,822,-51,51
291,Obulis,393,588,-195,195
292,Chains,174,474,-300,300
293,Nikopol: Secrets of the Immortals,118,236,-118,118
294,Crash Time 2,1002,1810,-808,808
295,Overlord(tm),5375,2050,3325,3325
296,Soldiers: Heroes of World War II,293,166,127,127
297,Maelstrom: The Battle for Earth Begins,0,0,0,0
298,Dragon Nest,1494,1481,13,13
299,LUMINES(tm),0,0,0,0
300,LUMINES(tm) Advance Pack,0,0,0,0
301,Grand Theft Auto: Vice City,3542,4866,-1324,1324
302,Grand Theft Auto: San Andreas,13356,14209,-853,853
303,Max Payne,1494,2214,-720,720
304,Max Payne 2: The Fall of Max Payne,1494,1404,90,90
305,Midnight Club 2,405,384,21,21
306,Grand Theft Auto,308,125,183,183
307,Grand Theft Auto 2,408,0,408,408
308,Bully: Scholarship Edition,7020,5797,1223,1223
309,Grand Theft Auto: Episodes from Liberty City,6824,5677,1147,1147
310,Culpa Innata,0,0,0,0
311,Sacred Gold,749,951,-202,202
312,Darkstar One,174,219,-45,45
313,Jack Keane,0,0,0,0
314,Jagged Alliance 2 Gold,0,0,0,0
315,Jagged Alliance 2 Gold,0,0,0,0
316,Exodus from the Earth,0,0,0,0
317,Perimeter 2: New Earth,0,0,0,0
318,SlamIt Pinball Big Score,137,0,137,137
319,Ankh 3: Battle of the Gods,0,0,0,0
320,BC Kings,137,133,4,4
321,Port Royale 2,174,179,-5,5
322,9th Company: Roots Of Terror,0,122,-122,122
323,PuzzleQuest: Challenge of the Warlords,408,437,-29,29
324,18 Wheels of Steel: American Long Haul,393,272,121,121
325,Hunting Unlimited(tm) 2008,0,0,0,0
326,Mahjongg Investigations: Under Suspicion,0,0,0,0
327,Ride! Carnival Tycoon,0,0,0,0
328,Hot Dish,0,0,0,0
329,Dr. Daisy Pet Vet,0,0,0,0
330,Sprint Cars Road to Knoxville,0,0,0,0
331,Midnight Outlaw: 6 Hours to SunUp,0,0,0,0
332,Legend - Hand of God,0,0,0,0
333,Drakensang,189,148,41,41
334,Miss Popularity,0,0,0,0
335,Overlord(tm): Raising Hell,1002,623,379,379
336,GRID(tm),1760,2893,-1133,1133
337,Rise of the Argonauts,405,375,30,30
338,Damnation,128,239,-111,111
339,Overlord II,1760,1349,411,411
340,Operation Flashpoint: Dragon Rising,1002,1084,-82,82
341,AudioSurf,6824,8181,-1357,1357
342,Ninja Reflex: Steamworks Edition,0,0,0,0
343,Americas Army 3,1760,2053,-293,293
344,Unreal 2: The Awakening,188,188,0,0
345,Unreal Tournament 2004: Editors Choice Edition,1494,1318,176,176
346,Unreal Tournament: Game of the Year Edition,1074,1140,-66,66
347,Unreal Gold,624,418,206,206
348,Prince of Persia: Warrior Within(tm),319,396,-77,77
349,Far Cry(r),1760,2318,-558,558
350,Prince of Persia: The Two Thrones(tm),405,237,168,168
351,Tom Clancys Rainbow Six(r) Vegas,174,260,-86,86
352,Tom Clancys Splinter Cell(r),749,586,163,163
353,Tom Clancys Splinter Cell Chaos Theory(r),1074,1230,-156,156
354,Prince of Persia(r): The Sands of Time,408,558,-150,150
355,Tom Clancys Ghost Recon(r) Desert Siege(tm),0,0,0,0
356,Tom Clancys Ghost Recon(r) Island Thunder(tm),0,0,0,0
357,Rayman Raving Rabbids(tm),0,133,-133,133
358,Assassins Creed(tm): Directors Cut Edition,5375,4031,1344,1344
359,Tom Clancys Rainbow Six(r) Vegas 2,3111,2133,978,978
360,Beyond Good and Evil(tm),624,1113,-489,489
361,Heroes of Might & Magic V,1522,772,750,750
362,Brothers in Arms: Road to Hill 30(tm),405,349,56,56
363,Silent Hunter(r): Wolves of the Pacific,174,199,-25,25
364,Silent Hunter(r) III,749,382,367,367
365,Silent Hunter(r): Wolves of the Pacific U-Boat Missions,0,0,0,0
366,Cold Fear(tm),0,150,-150,150
367,IL-2 Sturmovik: 1946,749,878,-129,129
368,Tom Clancys Ghost Recon(r),405,327,78,78
369,The Settlers(r): Heritage of Kings,0,0,0,0
370,IL-2 Sturmovik: 1946,749,878,-129,129
371,Brain Spa,0,0,0,0
372,Heroes of Might & Magic V: Tribes of the East,408,404,4,4
373,Heroes of Might & Magic V: Hammers of Fate,174,0,174,174
374,Brothers in Arms: Hells Highway(tm),174,485,-311,311
375,Harvest: Massive Encounter,121,0,121,121
376,The Wonderful End of the World,393,467,-74,74
377,1... 2... 3... KICK IT! (Drop That Beat Like an Ugly Baby),393,399,-6,6
378,AaaaaAAaaaAAAaaAAAAaAAAAA!!! for the Awesome,749,876,-127,127
379,Oddworld: Abes Oddysee(r),1760,1539,221,221
380,Oddworld: Abes Exoddus(r),624,540,84,84
381,Oddworld: Munchs Oddysee,393,394,-1,1
382,Oddworld: Strangers Wrath HD,408,615,-207,207
383,7 Wonders II,0,0,0,0
384,Luxor 2,0,0,0,0
385,Luxor 3,0,0,0,0
386,Reaxxion,0,0,0,0
387,Luxor,0,0,0,0
388,Discovery! A Seek and Find Adventure,0,0,0,0
389,Samantha Swift and the Hidden Roses of Athena,0,0,0,0
390,Luxor: Quest for the Afterlife,0,0,0,0
391,Samantha Swift and the Golden Touch,0,0,0,0
392,Virtual Villagers: The Lost Children,0,0,0,0
393,Plant Tycoon,0,0,0,0
394,Fish Tycoon,0,0,0,0
395,Virtual Villagers - The Secret City,0,0,0,0
396,F.E.A.R. 2: Project Origin,3542,2524,1018,1018
397,Trials 2: Second Edition,408,169,239,239
398,Monster Trucks Nitro,0,0,0,0
399,Insecticide Part 1,128,376,-248,248
400,Velvet Assassin,749,1710,-961,961
401,Legendary,749,1794,-1045,1045
402,Sid Meiers Civilization IV: Colonization,1002,255,747,747
403,Children of the Nile: Alexandria,137,0,137,137
404,Hinterland,146,115,31,31
405,Crysis,3542,3881,-339,339
406,Crysis Warhead(r),1760,1131,629,629
407,Crysis Warhead(r),1760,1131,629,629
408,SPORE(tm),9269,8853,416,416
409,Mirrors Edge(tm),13356,14960,-1604,1604
410,Need for Speed Undercover,1494,1726,-232,232
411,SPORE(tm) Creepy & Cute Parts Pack,308,308,0,0
412,Dragon Age: Origins,4347,4146,201,201
413,Mass Effect,6824,6793,31,31
414,Dead Space,9269,5984,3285,3285
415,Command & Conquer: Red Alert 3,2466,2511,-45,45
416,Dystopia,685,692,-7,7
417,Nuclear Dawn,1522,1706,-184,184
418,Empires Mod,601,451,150,150
419,Precipice of Darkness Episode One,749,384,365,365
420,Precipice of Darkness Episode Two,393,121,272,272
421,DeathSpank,188,419,-231,231
422,DeathSpank,188,419,-231,231
423,DeathSpank: Thongs of Virtue,128,115,13,13
424,The Baconing,188,154,34,34
425,Unstoppable Gorg,189,187,2,2
426,Crazy Machines,118,0,118,118
427,Crazy Machines 1.5,0,0,0,0
428,Crazy Machines 1.5,0,0,0,0
429,Crazy Machines 1.5,0,0,0,0
430,Helldorado,0,0,0,0
431,Mata Hari,0,0,0,0
432,Mayhem Intergalactic,0,0,0,0
433,And Yet It Moves,1522,938,584,584
434,Zero Gear,771,716,55,55
435,Silent Hill Homecoming,188,409,-221,221
436,Puzzle Chronicles,0,0,0,0
437,Rocket Knight,0,0,0,0
438,Biozone,0,0,0,0
439,Tank Universal,274,377,-103,103
440,Space Ark,0,0,0,0
441,Eternitys Child,0,0,0,0
442,Alice: Madness Returns,10508,7107,3401,3401
443,Brothers in Arms: Earned in Blood(tm),174,154,20,20
444,The Sum of All Fears,0,0,0,0
445,Tom Clancys Rainbow Six(r) 3 Gold,405,556,-151,151
446,The Settlers(r): Rise Of An Empire Gold Edition,188,132,56,56
447,Galactic Bowling,0,0,0,0
448,Red Faction Guerrilla Steam Edition,5375,5452,-77,77
449,Red Faction,1002,945,57,57
450,Company of Heroes: Tales of Valor,2466,1088,1378,1378
451,Red Faction II,749,446,303,303
452,Mr. Robot,146,0,146,146
453,Shatter,1494,904,590,590
454,The Witcher: Enhanced Edition Directors Cut,19326,15728,3598,3598
455,The Witcher 2: Assassins of Kings Enhanced Edition,19326,25180,-5854,5854
456,LEGO Batman,408,550,-142,142
457,Watchmen: The End is Nigh,128,294,-166,166
458,Watchmen: The End is Nigh Part 2,0,110,-110,110
459,F.E.A.R.,3981,3981,0,0
460,F.E.A.R. 3,3542,5010,-1468,1468
461,F.E.A.R.,3981,3981,0,0
462,LEGO Harry Potter: Years 1-4,1522,970,552,552
463,Gravitron 2,137,0,137,137
464,Project Aftermath,0,0,0,0
465,Pyroblazer(r),0,0,0,0
466,Age of Booty(tm),0,157,-157,157
467,Flock!,128,110,18,18
468,Street Fighter(r) IV,749,343,406,406
469,Bionic Commando,405,589,-184,184
470,Bionic Commando: Rearmed,749,570,179,179
471,Resident Evil(tm) 5/ Biohazard 5(r),4347,5145,-798,798
472,Driver(r) Parallel Lines,0,197,-197,197
473,Tom Clancys EndWar(tm),174,243,-69,69
474,Call of Juarez(r): Bound in Blood,749,828,-79,79
475,World of Goo,2466,2685,-219,219
476,Mount & Blade,2466,2086,380,380
477,Penumbra: Black Plague Gold Edition,749,930,-181,181
478,Hearts of Iron 2 Complete,188,149,39,39
479,Penumbra: Requiem,174,186,-12,12
480,Zeno Clash,1494,1800,-306,306
481,Rock of Ages,3111,2278,833,833
482,Fallout 3,5375,8031,-2656,2656
483,Rogue Warrior,189,364,-175,175
484,The Elder Scrolls III: Morrowind(r) Game of the Year Edition,2466,5428,-2962,2962
485,The Elder Scrolls IV: Oblivion(r) Game of the Year Edition,6824,7792,-968,968
486,Call of Cthulhu(r): Dark Corners of the Earth,749,970,-221,221
487,BRINK,2775,2880,-105,105
488,BRINK,2775,2880,-105,105
489,Fallout 3: Game of the Year Edition,13356,15420,-2064,2064
490,Fallout: New Vegas,41001,41001,0,0
491,Fallout: New Vegas,41001,41001,0,0
492,Spectromancer,137,118,19,19
493,Worms Reloaded,2466,2172,294,294
494,Alien Breed: Impact,749,722,27,27
495,Alien Breed 2: Assault,624,536,88,88
496,Yosumin!(tm),118,115,3,3
497,The Last Remnant(tm),2466,2466,0,0
498,Gyromancer,174,171,3,3
499,Imperium Romanum Gold Edition,174,162,12,12
500,Europa Universalis: Rome - Gold Edition,189,0,189,189
501,Grand Ages: Rome,408,339,69,69
502,Grand Ages: Rome - Reign of Augustus,0,0,0,0
503,Ceville,0,0,0,0
504,Tropico 3 - Steam Special Edition,2466,1266,1200,1200
505,Puzzle Quest: Galactrix,189,234,-45,45
506,Earth Defense Force: Insect Armageddon,453,617,-164,164
507,Depths of Peril,0,0,0,0
508,Puzzle Kingdoms,274,207,67,67
509,Train Simulator 2016,8701,8701,0,0
510,Train Simulator 2016,8701,8701,0,0
511,Train Simulator 2016,8701,8701,0,0
512,Train Simulator 2016,8701,8701,0,0
513,PAYDAY(tm) The Heist,19326,34196,-14870,14870
514,Crusaders: Thy Kingdom Come,137,0,137,137
515,Aquaria,749,808,-59,59
516,King Arthur: Fallen Champions,0,0,0,0
517,King Arthur II: The Role-Playing Wargame,749,271,478,478
518,Trainz: Classic Cabon City,0,0,0,0
519,Trainz Settle and Carlisle,0,0,0,0
520,Trainz: Murchison 2,0,0,0,0
521,Trainz(tm) Simulator 12,188,565,-377,377
522,SPORE(tm) Galactic Adventures,1760,1363,397,397
523,Burnout Paradise: The Ultimate Box,6824,7919,-1095,1095
524,Command & Conquer 3: Tiberium Wars,1522,1378,144,144
525,Command & Conquer: Red Alert 3 - Uprising,780,984,-204,204
526,Command & Conquer 3: Kanes Wrath,408,518,-110,110
527,Medal of Honor: Airborne,749,1145,-396,396
528,Need for Speed: Shift,749,749,0,0
529,Battlefield: Bad Company(tm) 2,28374,14553,13821,13821
530,Mass Effect 2,9269,7263,2006,2006
531,Overgrowth,1925,2422,-497,497
532,Lugaru HD,174,306,-132,132
533,Cricket Revolution,146,104,42,42
534,Eschalon: Book I,128,106,22,22
535,Eschalon: Book II,0,0,0,0
536,Europa Universalis III Complete,1522,1043,479,479
537,Europa Universalis III: Divine Wind,0,0,0,0
538,Knights of Honor,405,537,-132,132
539,Elven Legacy,189,0,189,189
540,Sword of the Stars: Complete Collection,174,293,-119,119
541,Hearts of Iron III,3111,3002,109,109
542,Kings Bounty: The Legend,1074,781,293,293
543,Supreme Ruler 2020 Gold,0,135,-135,135
544,Majesty 2,174,309,-135,135
545,The Maw,189,162,27,27
546,Drug Wars,0,0,0,0
547,Cogs,1522,614,908,908
548,Crayon Physics Deluxe,308,623,-315,315
549,The Graveyard,0,424,-424,424
550,Fatale,0,0,0,0
551,Summer Athletics,0,0,0,0
552,Dangerous High School Girls in Trouble!(tm),121,121,0,0
553,Mevo and The Grooveriders,0,0,0,0
554,Space Giraffe,0,0,0,0
555,Gridrunner Revolution,0,0,0,0
556,Twin Sector,189,200,-11,11
557,Booster Trooper,189,177,12,12
558,Dead Horde,453,554,-101,101
559,Kane & Lynch 2: Dog Days,2778,2723,55,55
560,Yumsters 2: Around the World,0,0,0,0
561,Musaic Box,0,150,-150,150
562,Osmos,1522,761,761,761
563,Guild Wars(r) Game of the Year Edition,50345,0,50345,50345
564,Guild Wars Factions(r),0,0,0,0
565,Guild Wars Trilogy,0,0,0,0
566,Guild Wars: Eye of the North(r),0,0,0,0
567,Caster,1522,4115,-2593,2593
568,Tales of Monkey Island Complete Pack,408,310,98,98
569,Tales of Monkey Island Complete Pack: Chapter 2 - The Siege of Spinner Cay,174,0,174,174
570,Tales of Monkey Island Complete Pack: Chapter 3 - Lair of the Leviathan,174,0,174,174
571,Tales of Monkey Island Complete Pack: Chapter 4 - The Trial and Execution of Guybrush Threepwood,174,0,174,174
572,Tales of Monkey Island Complete Pack: Chapter 5 - Rise of the Pirate God,174,0,174,174
573,Sam & Max 301: The Penal Zone,314,271,43,43
574,Sam & Max 303: They Stole Maxs Brain!,0,0,0,0
575,Sam & Max 304: Beyond the Alley of the Dolls,0,0,0,0
576,Sam & Max 305: The City That Dares Not Sleep,0,0,0,0
577,Puzzle Agent,408,1148,-740,740
578,Poker Night at the Inventory,5375,5551,-176,176
579,Back to the Future: The Game,1494,1619,-125,125
580,Tunnel Rats,0,0,0,0
581,Iron Grip: Warlord,393,305,88,88
582,Nancy Drew(r): Danger by Design,0,0,0,0
583,Nancy Drew(r): Last Train to Blue Moon Canyon,0,0,0,0
584,Nancy Drew(r): The Haunted Carousel,0,0,0,0
585,Nancy Drew(r): Curse of Blackmoor Manor,0,0,0,0
586,Nancy Drew(r): Ghost Dogs of Moon Lake,0,0,0,0
587,Nancy Drew(r): Legend of the Crystal Skull,0,0,0,0
588,Nancy Drew(r) Dossier(tm): Lights Camera Curses!,0,0,0,0
589,Nancy Drew(r): Secret of the Scarlet Hand,0,0,0,0
590,Nancy Drew(r): The Creature of Kapu Cave,0,0,0,0
591,Nancy Drew(r): The Haunting of Castle Malloy,0,0,0,0
592,Nancy Drew(r): The White Wolf of Icicle Creek,0,0,0,0
593,Nancy Drew(r): Ransom of the Seven Ships,0,0,0,0
594,Raycatcher,0,0,0,0
595,Chainz 2: Relinked,0,0,0,0
596,Midnight Mysteries,0,0,0,0
597,Everyday Genius: SquareLogic,137,217,-80,80
598,Zombie Bowl-o-Rama,165,180,-15,15
599,Metal Drift,118,112,6,6
600,Indiana Jones(r) and the Last Crusade(tm),174,0,174,174
601,LEGO(r) Indiana Jones(tm): The Original Adventures,189,132,57,57
602,LOOM(tm),174,219,-45,45
603,STAR WARS(tm) Starfighter(tm),308,320,-12,12
604,The Secret of Monkey Island: Special Edition,3111,1201,1910,1910
605,STAR WARS(tm) - Knights of the Old Republic(tm),13356,7820,5536,5536
606,STAR WARS(tm) Jedi Knight - Mysteries of the Sith(tm),624,392,232,232
607,STAR WARS(tm) - Dark Forces,780,1141,-361,361
608,Lucidity(tm),0,0,0,0
609,STAR WARS(tm) - The Force Unleashed(tm) Ultimate Sith Edition,4347,2351,1996,1996
610,LEGO(r) Star Wars(tm) - The Complete Saga,1522,1426,96,96
611,LEGO(r) Indiana Jones(tm) 2: The Adventure Continues,0,0,0,0
612,Monkey Island(tm) 2 Special Edition: LeChucks Revenge(tm),1074,695,379,379
613,STAR WARS(tm) Empire at War - Gold Pack,5375,3147,2228,2228
614,STAR WARS(tm): The Force Unleashed(tm) II,1760,2061,-301,301
615,LEGO(r) Star Wars(tm) III - The Clone Wars(tm),408,459,-51,51
616,Delta Force,0,0,0,0
617,Delta Force 2,0,0,0,0
618,Delta Force Land Warrior,0,0,0,0
619,Delta Force: Xtreme,0,0,0,0
620,Delta Force -- Black Hawk Down: Team Sabre,137,0,137,137
621,F-22 Lightning 3,0,0,0,0
622,MiG-29 Fulcrum,0,0,0,0
623,Tachyon: The Fringe,0,0,0,0
624,Joint Operations: Combined Arms Gold,0,0,0,0
625,Restaurant Empire II,146,120,26,26
626,Alien Shooter 2: Reloaded,189,313,-124,124
627,Zombie Shooter,280,287,-7,7
628,Zombie Shooter 2,280,209,71,71
629,Dawn of Discovery(tm),189,142,47,47
630,Tom Clancys Splinter Cell Conviction(tm) Deluxe Edition,3111,1329,1782,1782
631,Assassins Creed 2 Deluxe Edition,5375,8656,-3281,3281
632,Prince of Persia: The Forgotten Sands(tm),408,540,-132,132
633,Zeit2,0,0,0,0
634,Call of Juarez(r): The Cartel,749,742,7,7
635,Driver San Francisco,1494,2186,-692,692
636,From Dust,3111,1667,1444,1444
637,Tropico Reloaded,280,280,0,0
638,Patrician III,174,230,-56,56
639,The Great Art Race,360,0,360,360
640,Broken Sword 2 - the Smoking Mirror: Remastered,280,290,-10,10
641,Broken Sword 3 - the Sleeping Dragon,174,207,-33,33
642,Crash Time 3,137,152,-15,15
643,Puzzler World,189,294,-105,105
644,Ziro,0,0,0,0
645,eversion,697,881,-184,184
646,Paws and Claws: Pampered Pets,0,0,0,0
647,Paws and Claws: Pet School,0,0,0,0
648,Paws and Claws: Pet Vet,0,0,0,0
649,18 Wheels of Steel: Extreme Trucker,128,111,17,17
650,Prison Tycoon 4: SuperMax,0,0,0,0
651,The Search for Amelia Earhart,0,0,0,0
652,Drakensang: The River of Time,0,110,-110,110
653,Elizabeth Find M.D. - Diagnosis Mystery - Season 2,0,0,0,0
654,Arma 2,6824,1928,4896,4896
655,Arma 2,6824,1928,4896,4896
656,Arma 2: Operation Arrowhead,19326,15312,4014,4014
657,Fish Fillets 2,0,178,-178,178
658,Pound of Ground,137,114,23,23
659,Alternativa,0,141,-141,141
660,Alpha Protocol(tm),2593,2593,0,0
661,Alpha Protocol(tm),2593,2593,0,0
662,Napoleon: Total War(tm),13356,5919,7437,7437
663,Vancouver 2010(tm) - The Official Video Game of the Olympic Winter Games,0,0,0,0
664,Sonic & SEGA All-Stars Racing,405,451,-46,46
665,Comix Zone(tm),0,0,0,0
666,Crack Down(tm),0,0,0,0
667,Gain Ground(tm),0,0,0,0
668,Golden Axe(tm),0,0,0,0
669,Shinobi(tm) III: Return of the Ninja Master,0,0,0,0
670,Sonic 3D Blast(tm),0,0,0,0
671,Space Harrier(tm) II,0,0,0,0
672,Vectorman(tm),0,0,0,0
673,Altered Beast(tm),0,0,0,0
674,Shadow Dancer(tm),0,0,0,0
675,Alex Kidd(tm) in the Enchanted Castle,0,0,0,0
676,Bonanza Bros.(tm),0,0,0,0
677,Columns(tm),0,0,0,0
678,Dr. Robotniks Mean Bean Machine(tm),0,0,0,0
679,Ecco(tm) Jr.,0,0,0,0
680,Eternal Champions(tm),0,0,0,0
681,Fatal Labyrinth(tm),0,0,0,0
682,Ristar(tm),0,0,0,0
683,Sonic Spinball(tm),0,0,0,0
684,Super Thunder Blade(tm),0,0,0,0
685,Alien Storm,0,0,0,0
686,Bio-Hazard Battle(tm),0,0,0,0
687,Columns(tm) III,0,0,0,0
688,Decap Attack(tm),0,0,0,0
689,Total War: SHOGUN 2,19326,15436,3890,3890
690,Death to Spies: Moment of Truth,0,233,-233,233
691,XIII Century - Gold Edition,0,0,0,0
692,Sid Meiers Civilization(r) IV,2466,887,1579,1579
693,Civilization IV(r): Warlords,1002,0,1002,1002
694,Civilization IV: Beyond the Sword,780,780,0,0
695,Sid Meiers Civilization IV: Colonization,1002,255,747,747
696,Order of War(tm),408,225,183,183
697,Massive Assault,0,0,0,0
698,Massive Assault: Phantom Renaissance,0,0,0,0
699,Massive Assault Network 2,0,0,0,0
700,Project Freedom,0,0,0,0
701,Combat Wings: Battle of Britain,0,216,-216,216
702,Sniper: Ghost Warrior,2466,2105,361,361
703,Sniper: Ghost Warrior 2,3542,3682,-140,140
704,Bad Rats: the Rats Revenge,1522,11817,-10295,10295
705,Mini Ninjas,749,711,38,38
706,Batman: Arkham Asylum Game of the Year Edition,13356,13356,0,0
707,Floras Fruit Farm,0,0,0,0
708,Lara Croft and the Guardian of Light,1760,1991,-231,231
709,Batman: Arkham Asylum Game of the Year Edition,13356,13356,0,0
710,Warfare,0,0,0,0
711,Clutch,0,102,-102,102
712,Insane 2,274,262,12,12
713,Red Orchestra 2: Heroes of Stalingrad with Rising Storm,23548,20235,3313,3313
714,The Ball,1074,674,400,400
715,Big Brain Wolf,137,0,137,137
716,Trine Enchanted Edition,6824,6891,-67,67
717,Trine 2: Complete Story,13356,12617,739,739
718,Trine 2: Complete Story,13356,12617,739,739
719,BRAINPIPE: A Plunge to Unhumanity,0,106,-106,106
720,Tradewinds Classics,0,0,0,0
721,Tradewinds Classics,0,0,0,0
722,Tradewinds Classics,0,0,0,0
723,Tradewinds Caravans + Odyssey Pack,0,0,0,0
724,Tradewinds Caravans + Odyssey Pack,0,0,0,0
725,Westward Collection,0,0,0,0
726,Westward Collection,0,0,0,0
727,Cake Mania Collection,0,0,0,0
728,Cake Mania Collection,0,0,0,0
729,Cake Mania Collection,0,0,0,0
730,Kuros,0,0,0,0
731,Super Granny Collection,0,0,0,0
732,Super Granny Collection,0,0,0,0
733,Cake Mania Main Street(tm),0,0,0,0
734,Westward(r) IV: All Aboard,0,0,0,0
735,Forsaken World,749,821,-72,72
736,Angle of Attack,0,0,0,0
737,All Aspect Warfare,0,0,0,0
738,Ninja Blade,137,114,23,23
739,UFO: Extraterrestrials Gold,118,124,-6,6
740,Aztaka,0,0,0,0
741,Chocolatier(r): Decadence by Design(tm),0,0,0,0
742,Cooking Dash(r),0,0,0,0
743,Diner Dash:(r) Hometown Hero(tm),0,0,0,0
744,Dream Chronicles(r): The Chosen Child(tm),0,0,0,0
745,Emerald City Confidential(tm),0,0,0,0
746,Wandering Willows(tm),0,0,0,0
747,Wedding Dash(r) 2: Rings Around the World,0,0,0,0
748,Zenerchi(r),0,0,0,0
749,DinerTown Tycoon,0,0,0,0
750,DinerTown Detective Agency(tm),0,0,0,0
751,The Nightshift Code(tm),0,0,0,0
752,Nightshift Legacy: The Jaguars Eye(tm),0,0,0,0
753,Mahjong Roadshow(tm),0,0,0,0
754,TriJinx: A Kristine Kross Mystery(tm),0,0,0,0
755,Gemini Lost(tm),0,0,0,0
756,Time Gentlemen Please! and Ben There Dan That! Special Edition  Double Pack,314,527,-213,213
757,Windosill,174,709,-535,535
758,Darkest of Days,0,149,-149,149
759,Quantz,189,0,189,189
760,Jewel Quest Pack,0,0,0,0
761,Jewel Quest Pack,0,0,0,0
762,Jewel Quest Pack,0,0,0,0
763,Mahjong Quest Collection,0,0,0,0
764,Mahjong Quest Collection,0,0,0,0
765,Mahjong Quest Collection,0,0,0,0
766,Coconut Queen,0,0,0,0
767,Build-A-Lot 2: Town of the Year,0,0,0,0
768,Build-A-Lot 3: Passport to Europe,0,0,0,0
769,Build-A-Lot 4: Power Source,0,0,0,0
770,Farm Frenzy,0,0,0,0
771,Farm Frenzy 2,0,0,0,0
772,Farm Frenzy: Pizza Party,0,0,0,0
773,Farm Frenzy 3: American Pie,0,0,0,0
774,Cradle of Rome,0,0,0,0
775,Cradle of Persia,0,0,0,0
776,Roogoo,0,330,-330,330
777,Portal 2,50345,73144,-22799,22799
778,SiN Episodes: Emergence,0,386,-386,386
779,Dark Messiah of Might & Magic,1002,2777,-1775,1775
780,RIP - Trilogy(tm),0,291,-291,291
781,RIP - Trilogy(tm),274,291,-17,17
782,RACE - The WTCC Game,0,126,-126,126
783,Natural Selection 2,13562,7874,5688,5688
784,RACE On,118,0,118,118
785,RAGE,0,8174,-8174,8174
786,Call of Duty(r): Modern Warfare(r) 2,19326,22245,-2919,2919
787,Jagged Alliance 2 Gold,188,0,188,188
788,Jagged Alliance 2 Gold,0,0,0,0
789,IL-2 Sturmovik: 1946,181,879,-698,698
790,DeathSpank,0,419,-419,419
791,Crazy Machines 1.5,0,0,0,0
792,Crazy Machines 1.5,0,0,0,0
793,F.E.A.R.,1494,3985,-2491,2491
794,F.E.A.R.,8672,3985,4687,4687
795,BRINK,0,2881,-2881,2881
796,BRINK,0,2881,-2881,2881
797,Fallout: New Vegas,5375,41021,-35646,35646
798,Train Simulator 2016,8707,8707,0,0
799,Train Simulator 2016,8707,8707,0,0
800,Train Simulator 2016,8707,8707,0,0
801,Train Simulator 2016,8707,8707,0,0
802,Sword of the Stars: Complete Collection,137,294,-157,157
803,Tom Clancys Splinter Cell Conviction(tm) Deluxe Edition,0,1328,-1328,1328
804,Tropico Reloaded,280,280,0,0
805,Arma 2,4352,1929,2423,2423
806,Alpha Protocol(tm),0,2593,-2593,2593
807,Sid Meiers Civilization(r) IV,408,888,-480,480
808,Civilization IV(r): Warlords,0,0,0,0
809,Civilization IV: Beyond the Sword,405,780,-375,375
810,Sid Meiers Civilization IV: Colonization,0,255,-255,255
811,Batman: Arkham Asylum Game of the Year Edition,8672,13358,-4686,4686
812,Tradewinds Classics,0,0,0,0
813,Tradewinds Classics,0,0,0,0
814,Westward Collection,0,0,0,0
815,Cake Mania Collection,0,0,0,0
816,Cake Mania Collection,0,0,0,0
817,Super Granny Collection,0,0,0,0
818,Super Granny Collection,0,0,0,0
819,Jewel Quest Pack,0,0,0,0
820,Mahjong Quest Collection,0,0,0,0
821,Mahjong Quest Collection,0,0,0,0
822,Hotel Giant 2,274,0,274,274
823,Fallout: A Post Nuclear Role Playing Game,3542,2648,894,894
824,Fallout 2: A Post Nuclear Role Playing Game,2622,2294,328,328
825,Fallout Tactics: Brotherhood of Steel,1002,596,406,406
826,Kingpin -- Life of Crime,137,131,6,6
827,Sacrifice,0,234,-234,234
828,MDK,137,108,29,29
829,MDK 2,0,0,0,0
830,Earthworm Jim 2,0,0,0,0
831,Faerie Solitaire,1074,2093,-1019,1019
832,RUSH,1074,1081,-7,7
833,EDGE,1522,1555,-33,33
834,CrimeCraft: GangWars,1522,1844,-322,322
835,Moonbase Alpha,5375,8095,-2720,2720
836,SEASON OF MYSTERY: The Cherry Blossom Murders,165,150,15,15
837,RIFT,6824,8009,-1185,1185
838,FINAL FANTASY VII,9307,8431,876,876
839,FINAL FANTASY VIII,3111,3954,-843,843
840,Dungeon Siege,1074,796,278,278
841,Dungeon Siege II,1074,536,538,538
842,FINAL FANTASY(r) XIV: A Realm Reborn(tm),4693,5022,-329,329
843,Gothic(r) 3,1522,1707,-185,185
844,Gothic II: Gold Edition,1074,1541,-467,467
845,The Guild Gold Edition,211,105,106,106
846,SpellForce - Platinum Edition,174,405,-231,231
847,SpellForce 2: Gold Edition,408,247,161,161
848,Painkiller: Resurrection,189,169,20,20
849,AquaNox,128,156,-28,28
850,AquaNox 2: Revelation,0,0,0,0
851,The Guild II,1002,403,599,599
852,The Guild II - Pirates of the European Seas,174,0,174,174
853,The Guild II Renaissance,1074,1188,-114,114
854,ArcaniA,575,958,-383,383
855,Nation Red,1494,1692,-198,198
856,Supreme Commander 2,2466,4468,-2002,2002
857,ItzaBitza,0,0,0,0
858,ItzaZoo,0,0,0,0
859,Risen,2622,2622,0,0
860,Rush for Berlin Gold,0,0,0,0
861,Secret Files Tunguska,0,0,0,0
862,Secret Files 2: Puritas Cordis,0,0,0,0
863,Lost Horizon,0,145,-145,145
864,naild,405,852,-447,447
865,Risen 2: Dark Waters,2466,2682,-216,216
866,AI War: Fleet Command,1074,848,226,226
867,Tidalis,393,164,229,229
868,Machinarium,2622,2748,-126,126
869,Samorost 2,280,444,-164,164
870,Super Meat Boy,19326,18033,1293,1293
871,Stronghold HD,2466,1702,764,764
872,Stronghold HD,1074,1702,-628,628
873,Stronghold Crusader HD,1760,1732,28,28
874,Serious Sam HD: The First Encounter,4347,2450,1897,1897
875,Serious Sam HD: The Second Encounter,0,0,0,0
876,Serious Sam Classic: The First Encounter,1494,766,728,728
877,Serious Sam 3: BFE,9269,11601,-2332,2332
878,Hammerfight,1002,1441,-439,439
879,Altitude,1494,1406,88,88
880,Doom Rails,0,0,0,0
881,Torchlight,6824,3175,3649,3649
882,Tommy Tronic,0,0,0,0
883,Death and the Fly,0,0,0,0
884,S.T.A.L.K.E.R.: Call of Pripyat,4347,4515,-168,168
885,Cargo! The Quest for Gravity,189,289,-100,100
886,Gratuitous Space Battles,1002,574,428,428
887,The Bards Tale,749,467,282,282
888,Trino,0,0,0,0
889,Hamiltons Great Adventure,393,229,164,164
890,War of the Roses,4347,4417,-70,70
891,Krater,749,656,93,93
892,Nancy Drew(r) Dossier(tm): Resorting to Danger!,0,0,0,0
893,Nancy Drew(r):  Secrets Can Kill REMASTERED,0,0,0,0
894,Nancy Drew: The Captive Curse,0,0,0,0
895,DogFighter,342,325,17,17
896,Transformers(tm): War for Cybertron(tm),1494,1266,228,228
897,Singularity(tm),1925,1677,248,248
898,Call of Duty(r): Modern Warfare(r) 3,19326,19250,76,76
899,Call of Duty(r): Modern Warfare(r) 3,19326,19250,76,76
900,Call of Duty(r): Black Ops,11095,11095,0,0
901,Call of Duty(r): Black Ops,11095,11095,0,0
902,For The Glory: A Europa Universalis Game,0,0,0,0
903,Arsenal of Democracy: A Hearts of Iron Game,189,125,64,64
904,Magicka,19326,17631,1695,1695
905,The Kings Crusade,174,0,174,174
906,Elven Legacy: Magic,0,0,0,0
907,Elven Legacy: Siege,0,0,0,0
908,Victoria II,1522,2640,-1118,1118
909,Front Mission Evolved,749,569,180,180
910,World of Zoo,0,0,0,0
911,Metro 2033,19326,15639,3687,3687
912,The Haunted: Hells Reach,453,398,55,55
913,M.U.D. TV,128,131,-3,3
914,Nancy Drew(r): Warnings at Waverly Academy,0,0,0,0
915,Super Laser  Racer,0,0,0,0
916,Galcon Fusion,453,146,307,307
917,F1 2010(tm),405,250,155,155
918,Operation Flashpoint: Red River,1002,991,11,11
919,GRID 2,4347,9495,-5148,5148
920,F1 2011,188,171,17,17
921,GTR - FIA GT Racing Game,211,0,211,211
922,RACE Injection,174,0,174,174
923,GT Legends,174,171,3,3
924,Sol Survivor,393,250,143,143
925,Secret of the Magic Crystals,408,1469,-1061,1061
926,Wings of Prey,749,338,411,411
927,Fortix,393,801,-408,408
928,Ignite,118,228,-110,110
929,Fortix 2,393,442,-49,49
930,Clickr,393,474,-81,81
931,Devil May Cry 4,1074,1545,-471,471
932,Lost Planet: Extreme Condition Colonies Edition,189,147,42,42
933,Dark Void(tm) Zero,0,259,-259,259
934,Lost Planet(r) 2,749,921,-172,172
935,Ultra Street Fighter(r) IV,8701,7875,826,826
936,Dead Rising 2: Off the Record,749,901,-152,152
937,Bob Came in Pieces,393,0,393,393
938,A.I.M. Racing,0,0,0,0
939,NecroVisioN: Lost Company,121,129,-8,8
940,Star Wolves,128,161,-33,33
941,Star Wolves 2,0,0,0,0
942,Theatre of War,274,137,137,137
943,Theatre of War 2: Africa 1943,0,0,0,0
944,Real Warfare 1242,0,0,0,0
945,Theatre of War 2: Kursk 1943,0,0,0,0
946,Rig n Roll,274,268,6,6
947,Reign: Conflict of Nations,0,0,0,0
948,Greed: Black Border,189,208,-19,19
949,Avencast: Rise of the Mage,405,377,28,28
950,Future Wars,189,267,-78,78
951,Grotesque Tactics: Evil Heroes,393,275,118,118
952,Still Life,174,353,-179,179
953,Still Life 2,0,176,-176,176
954,Syberia,1074,1302,-228,228
955,Syberia II,174,515,-341,341
956,Wasteland Angel,274,217,57,57
957,Post Mortem,128,132,-4,4
958,Robin Hood: The Legend of Sherwood,280,443,-163,163
959,Swarm Arena,0,0,0,0
960,Ironclads: American Civil War,0,0,0,0
961,Ironclads: High Seas,0,0,0,0
962,Dimensity,0,0,0,0
963,Hazen: The Dark Whispers,0,0,0,0
964,World Basketball Manager 2010,0,120,-120,120
965,Dark Fall: Lost Souls,146,142,4,4
966,Ironclads: Schleswig War 1864,0,0,0,0
967,Making History II: The War of the World,146,194,-48,48
968,Armada 2526,0,0,0,0
969,Ironclads: Chincha Islands War 1866,0,0,0,0
970,Zombie Pirates,0,0,0,0
971,4 Elements,697,513,184,184
972,Escape From Paradise 2,0,0,0,0
973,Book of Legends,0,0,0,0
974,Stronghold 3 Gold,2466,2326,140,140
975,Stronghold Kingdoms,5375,6647,-1272,1272
976,Mishap: An Accidental Haunting,0,0,0,0
977,The Otherside: Realm of Eons,0,0,0,0
978,Puzzle Quest 2,393,259,134,134
979,Mishap 2: An Intentional Haunting - Collectors Edition,0,0,0,0
980,Dragon Age(tm): Origins Awakening,405,0,405,405
981,Dead Space(tm) 2,5375,5375,0,0
982,Medal of Honor(tm),2466,3099,-633,633
983,RISK(tm): Factions,393,317,76,76
984,Dragon Age: Origins - Ultimate Edition,4347,6848,-2501,2501
985,Medal of Honor(tm),2466,3099,-633,633
986,Need For Speed: Hot Pursuit,3542,6554,-3012,3012
987,Battlefield: Bad Company 2 Vietnam,181,181,0,0
988,The Sims(tm) 3,9269,6191,3078,3078
989,Shift 2 Unleashed,1349,1172,177,177
990,LIMBO,19326,17808,1518,1518
991,Silent Hunter 5(r): Battle of the Atlantic,405,686,-281,281
992,Voodoo Dice,0,0,0,0
993,Assassins Creed 2 Deluxe Edition,181,8664,-8483,8483
994,Assassins Creed(r) Brotherhood,2466,4337,-1871,1871
995,The Settlers 7: Paths to a Kingdom: Deluxe Gold Edition,408,0,408,408
996,Might & Magic: Heroes VI,4347,4277,70,70
997,Anno 2070(tm),3981,7284,-3303,3303
998,Mount & Blade: Warband,41001,43319,-2318,2318
999,Mount & Blade: With Fire & Sword,2466,4221,-1755,1755
1000,Ship Simulator Extremes,624,1009,-385,385
1001,Saira,174,245,-71,71
1002,Greed Corp,408,401,7,7
1003,Hotel Dash(tm) Suite Success(tm),0,0,0,0
1004,Commander: Conquest of the Americas,393,108,285,285
1005,Woody Two-Legs: Attack of the Zombie Pirates,137,0,137,137
1006,Pirates of Black Cove,189,104,85,85
1007,Duels of the Planeswalkers Gold Deck Bundle,0,0,0,0
1008,Borderlands 2,79439,86362,-6923,6923
1009,Aliens: Colonial Marines Collection,4693,6035,-1342,1342
1010,Beat Hazard,5375,5250,125,125
1011,CreaVures,137,101,36,36
1012,Plain Sight,3570,227,3343,3343
1013,Nimbus,189,166,23,23
1014,Sid Meiers Civilization(r) V,50345,85790,-35445,35445
1015,Mafia II,19326,19403,-77,77
1016,Spec Ops: The Line,23290,19624,3666,3666
1017,Darksiders(tm),9269,7445,1824,1824
1018,Darksiders(tm),274,7445,-7171,7171
1019,Max and the Magic Marker,0,0,0,0
1020,Professor Fizzwizzle and the Molten Mystery,0,0,0,0
1021,Hidden Expedition: Everest,0,0,0,0
1022,Hidden Expedition: Titanic,0,0,0,0
1023,Mahjong Towers Eternity,0,0,0,0
1024,Mystery Case Files: Madame Fate,0,0,0,0
1025,Mystery Case Files: Prime Suspects,0,0,0,0
1026,Mystery Case Files: Ravenhearst,0,0,0,0
1027,Mystery Case Files: Return to Ravenhearst,0,0,0,0
1028,My Tribe,0,0,0,0
1029,Unwell Mel,0,0,0,0
1030,Atlantis Sky Patrol,0,0,0,0
1031,Portal,50345,27546,22799,22799
1032,Flotilla,174,158,16,16
1033,Air Forte,0,0,0,0
1034,Atom Zombie Smasher,1522,1337,185,185
1035,Homefront,2466,2489,-23,23
1036,Red Faction(r): Armageddon(tm),2775,2775,0,0
1037,MX vs. ATV Reflex,1522,1378,144,144
1038,Warhammer 40000: Space Marine,5375,6203,-828,828
1039,Saints Row: The Third,19326,30053,-10727,10727
1040,Dawn of War II: Retribution - The Last Stand,0,0,0,0
1041,NyxQuest: Kindred Spirits,0,0,0,0
1042,Puzzle Dimension,393,393,0,0
1043,Amnesia: The Dark Descent,23548,14322,9226,9226
1044,Patrician IV - Steam Special Edition,188,191,-3,3
1045,Broken Sword: Directors Cut,749,798,-49,49
1046,DUNGEONS - Steam Special Edition,749,339,410,410
1047,The First Templar - Steam Special Edition,453,454,-1,1
1048,Tropico 4: Steam Special Edition,6824,6855,-31,31
1049,Whos That Flying?!,128,132,-4,4
1050,Jagged Alliance - Back in Action,1074,846,228,228
1051,Doc Clock: The Toasted Sandwich of Time,393,152,241,241
1052,Jolly Rover,118,241,-123,123
1053,MacGuffins Curse,0,0,0,0
1054,Turba,0,107,-107,107
1055,Blood Bowl(r) Legendary Edition,1002,742,260,260
1056,A Game of Thrones - Genesis,408,474,-66,66
1057,Runaway: A Twist of Fate,0,137,-137,137
1058,The Next BIG Thing,189,252,-63,63
1059,Wargame: European Escalation,2466,1948,518,518
1060,Luxor: 5th Passage,0,0,0,0
1061,Glowfish,0,0,0,0
1062,Power of Defense,0,0,0,0
1063,Numen: Contest of Heroes,128,114,14,14
1064,Lucid,189,197,-8,8
1065,Battle: Los Angeles,0,105,-105,105
1066,Fractal: Make Blooms Not War,174,168,6,6
1067,Age of Wonders,174,224,-50,50
1068,Age of Wonders II: The Wizards Throne,189,0,189,189
1069,Age of Wonders Shadow Magic,189,162,27,27
1070,Zen Bound 2,342,418,-76,76
1071,Might & Magic: Clash of Heroes,408,979,-571,571
1072,Critter Crunch,297,215,82,82
1073,Flight Control HD,393,385,8,8
1074,Chime,342,505,-163,163
1075,Alter Ego,0,106,-106,106
1076,Monday Night Combat,0,744,-744,744
1077,Sniper Elite V2,19326,20555,-1229,1229
1078,Swords and Soldiers HD,392,333,59,59
1079,realMYST,174,185,-11,11
1080,Cosmic Osmo and the Worlds Beyond the Mackerel,0,0,0,0
1081,The Manhole: Masterpiece Edition,0,0,0,0
1082,Spelunx and the Caves of Mr. Seudo,0,0,0,0
1083,URU: Complete Chronicles,0,0,0,0
1084,Myst: Masterpiece Edition,174,137,37,37
1085,BIT.TRIP RUNNER,9307,3297,6010,6010
1086,Delve Deeper,393,345,48,48
1087,Fantasy Wars,0,0,0,0
1088,Kings Bounty: Crossworlds,749,273,476,476
1089,Men of War: Vietnam,408,408,0,0
1090,IL-2 Sturmovik: Cliffs of Dover,1074,555,519,519
1091,Theatre of War 3: Korea,0,0,0,0
1092,Men of War: Assault Squad,1522,2473,-951,951
1093,Ride em Low,0,0,0,0
1094,Kaptain Brawe: A Brawe New World,0,0,0,0
1095,Dive to the Titanic,0,0,0,0
1096,Demolition Company Gold Edition,128,122,6,6
1097,Dustforce DX,1522,1535,-13,13
1098,Archon Classic,137,0,137,137
1099,Aura: Fate of the Ages,0,115,-115,115
1100,SpellForce 2: Faith in Destiny,408,159,249,249
1101,Gothic 1,1074,1469,-395,395
1102,Painkiller Redemption,274,280,-6,6
1103,Gothic 3: Forsaken Gods Enhanced Edition,405,272,133,133
1104,ArcaniA: Fall of Setarrif,189,200,-11,11
1105,Pat & Mat,0,265,-265,265
1106,Carrier Command: Gaea Mission,513,650,-137,137
1107,ARMA: Gold Edition,405,485,-80,80
1108,ARMA: Cold War Assault,2466,3286,-820,820
1109,Dungeon Defenders,9269,10059,-790,790
1110,The Bureau: XCOM Declassified,5375,5556,-181,181
1111,Sid Meiers Civilization(r): Beyond Earth(tm),14567,15657,-1090,1090
1112,The Polynomial - Space of the music,342,360,-18,18
1113,The Darkness II,5375,6337,-962,962
1114,Dino D-Day,9269,12517,-3248,3248
1115,Hacker Evolution: Untold,408,287,121,121
1116,Hacker Evolution Duality,749,464,285,285
1117,Governor of Poker 2 - Premium Edition,0,133,-133,133
1118,VVVVVV,5375,5603,-228,228
1119,Worms Ultimate Mayhem,1522,1401,121,121
1120,Worms Crazy Golf,408,404,4,4
1121,Worms,280,243,37,37
1122,Worms Blast,280,150,130,130
1123,Worms Pinball,280,256,24,24
1124,Star Ruler,188,226,-38,38
1125,Evochron Mercenary,408,372,36,36
1126,ESWAT(tm): City Under Siege,0,0,0,0
1127,Flicky(tm),0,0,0,0
1128,Golden Axe(tm) II,0,0,0,0
1129,Sonic the Hedgehog,0,0,0,0
1130,Sword of Vermilion(tm),0,0,0,0
1131,Virtua Fighter(tm) 2,0,0,0,0
1132,Alien Soldier,0,0,0,0
1133,Gunstar Heroes,0,0,0,0
1134,Landstalker: The Treasures of King Nole,0,0,0,0
1135,Light Crusader,0,0,0,0
1136,Shining in the Darkness,0,0,0,0
1137,Sonic 3 and Knuckles,0,0,0,0
1138,Streets of Rage 2,0,0,0,0
1139,ToeJam & Earl,0,0,0,0
1140,ToeJam & Earl in Panic on Funkotron,0,0,0,0
1141,Crazy Taxi,624,614,10,10
1142,SEGA Bass Fishing,393,248,145,145
1143,Space Channel 5: Part 2,189,369,-180,180
1144,Sonic Generations Collection,5375,4707,668,668
1145,Closure,1494,659,835,835
1146,Universe Sandbox,5375,2648,2727,2727
1147,Clones,0,0,0,0
1148,Arcadia,0,0,0,0
1149,The Elder Scrolls V: Skyrim,79439,182587,-103148,103148
1150,Winter Voices,189,176,13,13
1151,Cities in Motion,1074,601,473,473
1152,Darkest Hour: A Hearts of Iron Game,749,703,46,46
1153,Pride of Nations,0,0,0,0
1154,Bejeweled(r) 3,1074,1687,-613,613
1155,APOX,118,136,-18,18
1156,Fate of the World,393,263,130,130
1157,Puzzle Bots,0,125,-125,125
1158,Gemini Rue,1395,1001,394,394
1159,The Blackwell Legacy,685,669,16,16
1160,Blackwell Unbound,274,256,18,18
1161,Blackwell Convergence,274,207,67,67
1162,Blackwell Deception,453,232,221,221
1163,Blue Toad Murder Files(tm): The Mysteries of Little Riddle,0,0,0,0
1164,SkyDrift,624,670,-46,46
1165,Anomaly: Warzone Earth,3542,3434,108,108
1166,Iron Front: Digital War Edition,513,511,2,2
1167,Sanctum,5375,2422,2953,2953
1168,E.Y.E: Divine Cybermancy,5375,4225,1150,1150
1169,Cloning Clyde,137,0,137,137
1170,Ancients of Ooga,0,0,0,0
1171,Hydrophobia: Prophecy,408,1872,-1464,1464
1172,DETOUR,1522,1445,77,77
1173,Hitogata Happa,146,149,-3,3
1174,GundeadliGne,189,120,69,69
1175,A.R.E.S.: Extinction Agenda,749,725,24,24
1176,B.U.T.T.O.N. (Brutally Unfair Tactics Totally OK Now),0,0,0,0
1177,Xotic,118,132,-14,14
1178,SpaceChem,2466,3233,-767,767
1179,Agricultural Simulator 2011: Extended Edition,189,153,36,36
1180,Revenge of the Titans,1522,848,674,674
1181,Dinner Date,128,733,-605,605
1182,Jamestown,1760,1788,-28,28
1183,Nidhogg,5889,5040,849,849
1184,Back to the Future: Ep 2 - Get Tannen!,314,0,314,314
1185,Back to the Future: Ep 3 - Citizen Brown,174,0,174,174
1186,Back to the Future: Ep 4 - Double Visions,174,0,174,174
1187,Hector: Episode 1,0,0,0,0
1188,Hector: Episode 2,0,0,0,0
1189,Hector: Badge of Carnage - Full Series,0,122,-122,122
1190,Capsized,1494,760,734,734
1191,ibb & obb,2245,1358,887,887
1192,The Cat and the Coup,530,695,-165,165
1193,Air Conflicts: Secret Wars,189,201,-12,12
1194,The Tiny Bang Story,408,1816,-1408,1408
1195,Defy Gravity Extended,10508,8428,2080,2080
1196,Steel Storm: Burning Retribution,749,252,497,497
1197,Shoot Many Robots,749,625,124,124
1198,Slam Bolt Scrappers,137,0,137,137
1199,Solar 2,1522,1492,30,30
1200,Kohan: Immortal Sovereigns,181,0,181,181
1201,Kohan: Ahrimans Gift,0,0,0,0
1202,Magic: The Gathering - Duels of the Planeswalkers 2013,3111,897,2214,2214
1203,Trauma,749,529,220,220
1204,Frozen Synapse,2466,2192,274,274
1205,Toy Soldiers,1074,911,163,163
1206,Hard Reset Extended Edition,1494,2684,-1190,1190
1207,Naval Warfare,189,217,-28,28
1208,Demolition Inc.,393,224,169,169
1209,Dungeons of Dredmor,3111,3386,-275,275
1210,Alien Hallway,137,171,-34,34
1211,Dungeons and Dragons: Daggerdale,1287,297,990,990
1212,Yars Revenge,0,0,0,0
1213,YOU DONT KNOW JACK(r),137,107,30,30
1214,Renegade Ops,1494,1441,53,53
1215,Garshasp: The Monster Slayer,0,267,-267,267
1216,Garshasp: Temple of the Dragon,0,0,0,0
1217,NightSky,1074,692,382,382
1218,Bulletstorm(tm),2664,3545,-881,881
1219,Crysis 2 - Maximum Edition,4636,5458,-822,822
1220,Spiral Knights,6824,15519,-8695,8695
1221,Silo 2,0,0,0,0
1222,CameraBag 2,0,126,-126,126
1223,3D-Coat V4.7,0,0,0,0
1224,Vertex Dispenser,137,0,137,137
1225,Kingdoms of Amalur: Reckoning(tm),5375,6628,-1253,1253
1226,Orcs Must Die!,5375,4412,963,963
1227,A.V.A. Alliance of Valiant Arms(tm),5375,8010,-2635,2635
1228,Gatling Gears,0,0,0,0
1229,Shank 2,1494,1277,217,217
1230,Warp,189,224,-35,35
1231,iBomber Defense,393,166,227,227
1232,Storm in a Teacup,137,118,19,19
1233,Inside a Star-filled Sky,137,0,137,137
1234,BEEP,3111,3861,-750,750
1235,Portal 2 - The Final Hours,749,395,354,354
1236,ORION: Prelude,23548,27713,-4165,4165
1237,A New Beginning - Final Cut,685,961,-276,276
1238,Lume,189,408,-219,219
1239,Critical Mass,393,354,39,39
1240,Age of Empires(r) III: Complete Collection,6824,7658,-834,834
1241,Terraria,79439,139819,-60380,60380
1242,Tobes Vertical Adventure,118,115,3,3
1243,PixelJunk(tm) Eden,342,625,-283,283
1244,Bastion,13356,19633,-6277,6277
1245,Space Pirates and Zombies,2622,2187,435,435
1246,Arma 3,61699,63534,-1835,1835
1247,Waves,771,924,-153,153
1248,Rochard,1074,1198,-124,124
1249,War Inc. Battlezone,4347,3030,1317,1317
1250,Starpoint Gemini,128,0,128,128
1251,Memoir 44 Online,189,217,-28,28
1252,Project Zomboid,17460,12449,5011,5011
1253,Alan Wake,23548,14262,9286,9286
1254,Crysis 2 - Maximum Edition,6824,5458,1366,1366
1255,MicroVolts Surge,1760,3515,-1755,1755
1256,Neverwinter,25537,18128,7409,7409
1257,Achron,0,0,0,0
1258,inMomentum,189,138,51,51
1259,Data Jammers: FastForward,0,0,0,0
1260,Astro Tripper,0,0,0,0
1261,Alien Zombie Megadeath,0,0,0,0
1262,Mutant Storm: Reloaded,0,0,0,0
1263,L.A. Noire,9269,10103,-834,834
1264,The Clockwork Man,0,0,0,0
1265,Snuggle Truck,393,395,-2,2
1266,Smash Cars,0,0,0,0
1267,Bunch of Heroes,749,352,397,397
1268,Blocks That Matter,1074,642,432,432
1269,Guardians of Middle-earth,1074,1175,-101,101
1270,Avadon: The Black Fortress,749,320,429,429
1271,The Binding of Isaac,41001,39367,1634,1634
1272,APB Reloaded,19326,24608,-5282,5282
1273,Fallen Earth Free2Play,5375,6303,-928,928
1274,Stacking,1522,1101,421,421
1275,Iron Brigade,513,470,43,43
1276,Cossacks II: Napoleonic Wars,174,205,-31,31
1277,American Conquest,174,173,1,1
1278,American Conquest: Fight Back,189,128,61,61
1279,Call of Duty(r): Modern Warfare(r) 3,13562,19251,-5689,5689
1280,Prototype 2,3111,4130,-1019,1019
1281,Owlboy,0,0,0,0
1282,Super Toy Cars,297,267,30,30
1283,Quantum Conundrum,1074,1063,11,11
1284,Global Ops: Commando Libya,137,241,-104,104
1285,Naval War: Arctic Circle,189,148,41,41
1286,Nancy Drew(r):  Shadow at the Waters Edge,137,0,137,137
1287,Puzzler World 2,146,165,-19,19
1288,Battle Chess: Game of Kings(tm),0,167,-167,167
1289,Worms Revolution,4347,3320,1027,1027
1290,Sideway(tm) New York,0,0,0,0
1291,Realm of the Mad God,13356,22224,-8868,8868
1292,Off-Road Drive,118,333,-215,215
1293,Batman: Arkham City - Game of the Year Edition,13356,16418,-3062,3062
1294,A Game of Dwarves,393,395,-2,2
1295,Oil Rush,408,293,115,115
1296,SOL: Exodus,189,0,189,189
1297,Memento Mori,0,0,0,0
1298,XCOM: Enemy Unknown,25537,31794,-6257,6257
1299,Dungeons - The Dark Lord,188,126,62,62
1300,Gettysburg: Armored Warfare,137,188,-51,51
1301,Disciples III - Resurrection,118,0,118,118
1302,Torchlight II,19326,23667,-4341,4341
1303,Cave Story+,2466,4006,-1540,1540
1304,Before the Echo,749,1107,-358,358
1305,Sonic CD,1395,1225,170,170
1306,Geneforge 1,118,193,-75,75
1307,Geneforge 2,0,0,0,0
1308,Geneforge 3,0,0,0,0
1309,Geneforge 4: Rebellion,0,0,0,0
1310,Geneforge 5: Overthrow,0,0,0,0
1311,Galcon Legends,522,129,393,393
1312,Revelations 2012,0,251,-251,251
1313,Pox Nora,408,407,1,1
1314,Total War: SHOGUN 2,0,15442,-15442,15442
1315,Total War: Shogun 2 - Fall of the Samurai,181,158,23,23
1316,Sins of a Solar Empire(r): Trinity,408,415,-7,7
1317,Toki Tori 2+,408,647,-239,239
1318,Serious Sam: The Random Encounter,749,500,249,249
1319,Airline Tycoon 2,405,351,54,54
1320,Flatout 3: Chaos & Destruction,636,1528,-892,892
1321,Really Big Sky,5913,1866,4047,4047
1322,DiRT Showdown,2622,2680,-58,58
1323,Orcs Must Die! 2,9269,11166,-1897,1897
1324,Wolfenstein: The New Order,23548,17822,5726,5726
1325,Jurassic Park: The Game,824,1087,-263,263
1326,Choplifter HD,128,157,-29,29
1327,Impire,368,313,55,55
1328,Sleeping Dogs,14567,14510,57,57
1329,Ridge Racer(tm) Unbounded,624,692,-68,68
1330,Scary Girl,0,0,0,0
1331,Scoregasm,128,108,20,20
1332,Sonic the Hedgehog 4 - Episode I,749,911,-162,162
1333,Nancy Drew(r): Alibi in Ashes,0,0,0,0
1334,Demigod,408,566,-158,158
1335,Dynamite Jack,393,370,23,23
1336,Alan Wakes American Nightmare,2622,3236,-614,614
1337,Real Warfare 2: Northern Crusades,0,0,0,0
1338,Call of Duty(r): Black Ops II,25537,23400,2137,2137
1339,Call of Duty(r): Black Ops II,25537,23400,2137,2137
1340,Tomb Raider,40879,55844,-14965,14965
1341,Americas Army: Proving Grounds,9269,6142,3127,3127
1342,Kings Bounty: Warriors of the North,408,574,-166,166
1343,Fortune Summoners,513,503,10,10
1344,Warlock - Master of the Arcane,1760,1809,-49,49
1345,Sonic the Hedgehog 4 - Episode II,453,551,-98,98
1346,Binary Domain,1522,3404,-1882,1882
1347,Crusader Kings II,20533,16341,4192,4192
1348,Dear Esther,2466,5542,-3076,3076
1349,The Dark Eye: Chains of Satinav,749,873,-124,124
1350,SATAZIUS,189,204,-15,15
1351,Fable - The Lost Chapters,5375,3473,1902,1902
1352,Superbrothers: Sword & Sworcery EP,1760,1828,-68,68
1353,The Showdown Effect,1494,1357,137,137
1354,LEGO Harry Potter: Years 5-7,408,329,79,79
1355,Waveform,1522,1727,-205,205
1356,Snapshot,392,202,190,190
1357,The Bridge,1522,2208,-686,686
1358,Awesomenauts,20533,17240,3293,3293
1359,Castle Crashers(r),40879,32371,8508,8508
1360,Pineapple Smash Crew,114,102,12,12
1361,Pickers,137,102,35,35
1362,Infested Planet,1395,1284,111,111
1363,Rotastic,0,0,0,0
1364,Retro City Rampage(tm) DX,1494,1934,-440,440
1365,Babel Rising,0,0,0,0
1366,Men of War: Condemned Heroes,393,185,208,208
1367,Sins of a Solar Empire(r): Rebellion,5375,5723,-348,348
1368,Crusader Kings Complete,0,0,0,0
1369,Magical Drop V,335,347,-12,12
1370,Lumino City,513,548,-35,35
1371,BIT.TRIP CORE,211,0,211,211
1372,BIT.TRIP FATE,211,0,211,211
1373,BIT.TRIP FLUX,137,0,137,137
1374,Dishonored,40879,25429,15450,15450
1375,Rocksmith(tm),1074,781,293,293
1376,Hell Yeah! Wrath of the Dead Rabbit,2622,2312,310,310
1377,3DMark 11,211,0,211,211
1378,Gratuitous Tank Battles,0,0,0,0
1379,Foreign Legion: Multi Massacre,312,273,39,39
1380,The Testament of Sherlock Holmes,1395,1468,-73,73
1381,1000 Amps,128,231,-103,103
1382,Everquest (r),408,492,-84,84
1383,Insanely Twisted Shadow Planet,408,522,-114,114
1384,Jagged Alliance: Crossfire,513,145,368,368
1385,Luxor Evolved,137,136,1,1
1386,Auditorium,174,197,-23,23
1387,Chronicle: RuneScape Legends,1522,1405,117,117
1388,Tiny and Big: Grandpas Leftovers,3050,3154,-104,104
1389,Jet Set Radio,2778,2719,59,59
1390,Avernum 4,0,0,0,0
1391,Avernum 5,0,0,0,0
1392,Avernum 6,0,0,0,0
1393,Gotham City Impostors Free to Play,9269,9300,-31,31
1394,Clan of Champions,0,0,0,0
1395,Tales From Space: Mutant Blobs Attack,393,485,-92,92
1396,Crazy Machines Elements,0,0,0,0
1397,To the Moon,3542,23170,-19628,19628
1398,Dungeons & Dragons Online(r),1760,1442,318,318
1399,AirMech(r),3542,6994,-3452,3452
1400,3SwitcheD,0,174,-174,174
1401,Painkiller: Recurring Evil,274,136,138,138
1402,Alien Spidy,137,117,20,20
1403,Bang Bang Racing,274,292,-18,18
1404,Sine Mora,749,744,5,5
1405,Indie Game: The Movie,1494,1507,-13,13
1406,SpeedRunners,18506,15156,3350,3350
1407,Stellar Impact,174,484,-310,310
1408,Legend of Grimrock,2466,3898,-1432,1432
1409,Fireburst,0,111,-111,111
1410,Tony Hawks Pro Skater(r) HD,342,1304,-962,962
1411,ArcheBlade(tm),3920,6963,-3043,3043
1412,Cubemen,408,443,-35,35
1413,eXceed - Gun Bullet Children,174,403,-229,229
1414,eXceed 2nd - Vampire REX,312,201,111,111
1415,eXceed 3rd - Jade Penetrate Black Package,405,431,-26,26
1416,Hack Slash Loot,749,628,121,121
1417,Rayman(r) Origins,1074,1142,-68,68
1418,Noitu Love 2: Devolution,0,381,-381,381
1419,English Country Tune,174,283,-109,109
1420,The Walking Dead,28374,28241,133,133
1421,A Virus Named TOM,1074,612,462,462
1422,AVSEQ,137,0,137,137
1423,Botanicula,1522,2268,-746,746
1424,Arena Wars 2,293,384,-91,91
1425,Symphony,749,1186,-437,437
1426,Janes Advanced Strike Fighters,0,293,-293,293
1427,Moon Breakers,174,429,-255,255
1428,Loadout,40879,40106,773,773
1429,Myst V,0,0,0,0
1430,Doom 3: BFG Edition,2466,3073,-607,607
1431,Avernum: Escape From the Pit,393,481,-88,88
1432,Tryst,0,0,0,0
1433,Assassins Creed(r) III,2466,8592,-6126,6126
1434,F1 2012(tm),1522,1042,480,480
1435,Omerta - City of Gangsters,1522,1329,193,193
1436,STAR WARS(tm) Knights of the Old Republic(tm) II - The Sith Lords(tm),6824,5213,1611,1611
1437,Midnight Mysteries: Salem Witch Trials,0,0,0,0
1438,Midnight Mysteries 3: Devil on the Mississippi,0,0,0,0
1439,Midnight Mysteries 4: Haunted Houdini,0,0,0,0
1440,Batman(tm): Arkham Knight,16455,27235,-10780,10780
1441,Blades of Time,749,1240,-491,491
1442,Colour Bind,0,0,0,0
1443,Apotheon,1395,1612,-217,217
1444,Batman(tm): Arkham Origins,6824,17773,-10949,10949
1445,Drunken Robot Pornography,312,548,-236,236
1446,Guns of Icarus Online,9269,11169,-1900,1900
1447,Resident Evil: Operation Raccoon City,1925,1173,752,752
1448,Street Fighter X Tekken,1425,904,521,521
1449,Call of Duty(r): Ghosts,20533,23993,-3460,3460
1450,Call of Duty(r): Ghosts,20533,23993,-3460,3460
1451,Sherlock Holmes and The Hound of The Baskervilles,137,167,-30,30
1452,A Valley Without Wind,408,424,-16,16
1453,All Zombies Must Die!: Scorepocalypse,137,0,137,137
1454,Analogue: A Hate Story,1395,1701,-306,306
1455,Dungeonbowl - Knockout Edition,0,0,0,0
1456,Mini Motor Racing EVO,685,571,114,114
1457,Strike Suit Zero,1494,1365,129,129
1458,Call of Duty(r): Advanced Warfare - Gold Edition,20533,20533,0,0
1459,Call of Duty(r): Advanced Warfare - Gold Edition,20533,20533,0,0
1460,War of the Immortals,174,274,-100,100
1461,R.A.W. Realms of Ancient War,408,476,-68,68
1462,Splice,342,458,-116,116
1463,Lone Survivor: The Directors Cut,1002,1031,-29,29
1464,Highborn,137,0,137,137
1465,Blacklight: Retribution,14567,14567,0,0
1466,Triple Town,393,490,-97,97
1467,Spirits,393,158,235,235
1468,Nancy Drew: Tomb of the Lost Queen,0,0,0,0
1469,Fray: Reloaded Edition,0,0,0,0
1470,Angry Birds Space,335,371,-36,36
1471,Sanctum 2,9269,9939,-670,670
1472,Cloudberry Kingdom(tm),211,150,61,61
1473,Rune Classic,0,387,-387,387
1474,The Witness,1925,2111,-186,186
1475,Pro Cycling Manager 2012,0,0,0,0
1476,Alien Shooter 2 Conscription,0,0,0,0
1477,Check vs Mate,0,0,0,0
1478,Viking: Battle for Asgard,1522,1271,251,251
1479,Unmechanical,312,317,-5,5
1480,Dynamite Headdy,0,0,0,0
1481,Phantasy Star III: Generations of Doom,0,0,0,0
1482,Phantasy Star IV: The End of the Millennium,0,0,0,0
1483,Streets of Rage 3,0,0,0,0
1484,Revenge of the Shinobi,0,0,0,0
1485,Vectorman 2,0,0,0,0
1486,Wonder Boy in Monster World,0,0,0,0
1487,They Bleed Pixels,749,1738,-989,989
1488,Primal Fears,297,267,30,30
1489,Magical Diary: Horse Hall,513,723,-210,210
1490,Offspring Fling!,392,481,-89,89
1491,Deadlight,9307,9380,-73,73
1492,DARK SOULS(tm): Prepare To Die(tm) Edition,19326,47180,-27854,27854
1493,Adventures of Shuggy,1395,996,399,399
1494,Wanderlust: Rebirth,749,448,301,301
1495,Thief(tm) Gold,1494,1116,378,378
1496,Conflict Desert Storm(tm),0,190,-190,190
1497,Dead Hungry Diner,128,116,12,12
1498,Starbound,40879,57493,-16614,16614
1499,Conquest of Elysium 3,297,271,26,26
1500,Galaxy on Fire 2(tm) Full HD,624,1065,-441,441
1501,Kung Fu Strike - The Warriors Rise,685,813,-128,128
1502,Resonance,194,303,-109,109
1503,Sugar Cube: Bittersweet Factory,211,187,24,24
1504,Vindictus,5375,3784,1591,1591
1505,Mabinogi,1002,1922,-920,920
1506,Continent of the Ninth Seal,1002,1014,-12,12
1507,Inversion(tm),297,374,-77,77
1508,Sonic & All-Stars Racing Transformed,7020,8242,-1222,1222
1509,The Lord of the Rings Online,6824,5405,1419,1419
1510,The Amazing Spider-Man(tm),2943,1279,1664,1664
1511,Tom Clancys Ghost Recon: Future Soldier(tm),1494,2265,-771,771
1512,FTL: Faster Than Light,41001,31184,9817,9817
1513,New Star Soccer 5,297,241,56,56
1514,Super Crate Box,5375,6179,-804,804
1515,Penny Arcades On the Rain-Slick Precipice of Darkness 3,575,489,86,86
1516,Transformers(tm): Fall of Cybertron(tm),1925,2149,-224,224
1517,The Lord of the Rings Online,181,5405,-5224,5224
1518,LEGO(r) Batman 2 DC Super Heroes(tm),749,624,125,125
1519,MDK2 HD,0,0,0,0
1520,Atooms to Moolecules Demo,0,0,0,0
1521,The White Laboratory Demo,0,0,0,0
1522,ThunderWheels Demo,0,0,0,0
1523,Sonic Adventure 2,1494,3080,-1586,1586
1524,Dwarfs - F2P,1522,1468,54,54
1525,South Park(tm): The Stick of Truth(tm),28374,25895,2479,2479
1526,Magic 2014 -- Duels of the Planeswalkers,2466,4271,-1805,1805
1527,Rigonauts,0,0,0,0
1528,Aerofly FS 1 Flight Simulator,137,105,32,32
1529,Galactic Civilizations(r) I: Ultimate Edition,194,0,194,194
1530,Divine Divinity,1002,816,186,186
1531,Minimum,2245,4050,-1805,1805
1532,Cabelas(r) Hunting Expeditions,0,0,0,0
1533,I Am Alive,1074,1499,-425,425
1534,Deponia,5375,4759,616,616
1535,Tower Wars,1522,1509,13,13
1536,Gear Up,6824,6992,-168,168
1537,Alien: Isolation,16455,16116,339,339
1538,LEGO The Lord of the Rings,3111,2653,458,458
1539,Eets Munchies,1074,513,561,561
1540,Mark of the Ninja,6824,11059,-4235,4235
1541,ETHER VAPOR Remaster,312,208,104,104
1542,Fairy Bloom Freesia,1395,902,493,493
1543,Cherry Tree High Comedy Club,319,514,-195,195
1544,Thirty Flights of Loving,174,1151,-977,977
1545,Space Rangers HD: A War Apart,624,1663,-1039,1039
1546,Guacamelee! Gold Edition,2778,4568,-1790,1790
1547,The Basement Collection,1522,808,714,714
1548,GameMaker: Studio,749,2456,-1707,1707
1549,Painkiller Hell & Damnation,2664,2214,450,450
1550,Air Conflicts: Pacific Carriers,393,323,70,70
1551,Total War(tm): ROME II - Emperor Edition,61699,29200,32499,32499
1552,Intrusion 2,749,929,-180,180
1553,WAKFU,3920,3373,547,547
1554,Ragnarok Online,736,980,-244,244
1555,ROSE Online,280,360,-80,80
1556,The Book of Unwritten Tales,749,1159,-410,410
1557,The Secret World,3111,3131,-20,20
1558,Damage Inc. Pacific Squadron WWII,0,0,0,0
1559,Transcripted,0,0,0,0
1560,Primal Carnage,3111,5121,-2010,2010
1561,Rocketbirds: Hardboiled Chicken,1494,1591,-97,97
1562,The Incredible Adventures of Van Helsing,5375,5036,339,339
1563,Zombie Playground(tm),0,0,0,0
1564,Demonicon,513,498,15,15
1565,Home,1395,1372,23,23
1566,Zeno Clash 2,749,813,-64,64
1567,Fieldrunners 2,393,272,121,121
1568,ShadO,137,0,137,137
1569,Dream Pinball 3D,312,429,-117,117
1570,Dungeon-Party,393,408,-15,15
1571,Jagged Alliance 2 - Wildfire,280,335,-55,55
1572,Go Home Dinosaurs!,297,296,1,1
1573,Gemini Wars,297,109,188,188
1574,MapleStory,3542,3378,164,164
1575,Secret Files 3,0,0,0,0
1576,Don Bradman Cricket 14,297,341,-44,44
1577,Gateways,137,140,-3,3
1578,Sleeping Dogs: Ghost Pig,0,0,0,0
1579,Fallen Enchantress,513,244,269,269
1580,Great Big War Game,0,0,0,0
1581,Blood Bowl: Chaos Edition,1074,1158,-84,84
1582,Luxor: Amun Rising HD,0,0,0,0
1583,Doctor Who: The Eternity Clock,297,301,-4,4
1584,Dementium II HD,393,779,-386,386
1585,Waves2,0,0,0,0
1586,Rise of the Triad,1855,1944,-89,89
1587,Worms Armageddon,1760,1967,-207,207
1588,Karateka,137,144,-7,7
1589,Dins Curse,137,111,26,26
1590,Anna - Extended Edition,1395,1171,224,224
1591,Age of Conan: Unchained,408,777,-369,369
1592,Dogfight 1942,453,338,115,115
1593,Special Forces: Team X,137,258,-121,121
1594,Alien Rage - Unlimited,1349,1268,81,81
1595,Nethergate: Resurrection,0,0,0,0
1596,Democracy 2,312,0,312,312
1597,BIT.TRIP Presents... Runner2: Future Legend of Rhythm Alien,1522,2564,-1042,1042
1598,Unity of Command: Stalingrad Campaign,513,439,74,74
1599,Dungeonland,1760,1866,-106,106
1600,PlanetSide 2,25537,32759,-7222,7222
1601,Frontline Tactics,601,1031,-430,430
1602,Smashmuck Champions,0,898,-898,898
1603,Defenders Quest: Valley of the Forgotten (DX edition),1395,2173,-778,778
1604,Planets Under Attack,393,442,-49,49
1605,PAYDAY 2,79439,219763,-140324,140324
1606,Lucius,3111,4551,-1440,1440
1607,iBomber Attack,137,127,10,10
1608,Scribblenauts Unlimited,6824,5684,1140,1140
1609,Angelica Weaver: Catch Me When You Can,0,0,0,0
1610,Pid,1522,2171,-649,649
1611,Mercenary Kings,1494,1714,-220,220
1612,Cabelas(r) Dangerous Hunts 2013,0,0,0,0
1613,Patterns,0,134,-134,134
1614,Miner Wars Arena,0,0,0,0
1615,Hotline Miami,28374,30833,-2459,2459
1616,Ultratron,453,522,-69,69
1617,Droid Assault,393,264,129,129
1618,The Banner Saga: Factions,601,704,-103,103
1619,NBA 2K13,636,451,185,185
1620,Chivalry: Medieval Warfare,25537,42478,-16941,16941
1621,Proteus,2593,2230,363,363
1622,Dont Starve,40879,43420,-2541,2541
1623,Divinity II: Developers Cut,1002,1192,-190,190
1624,Pro Cycling Manager 2013,568,118,450,450
1625,King Arthurs Gold,3050,3042,8,8
1626,Antichamber,9307,9307,0,0
1627,Edna & Harvey: Harveys New Eyes,408,1091,-683,683
1628,NiGHTS Into Dreams,453,400,53,53
1629,Grim Dawn,8701,10412,-1711,1711
1630,The Journey Down: Chapter One,174,683,-509,509
1631,Trials Evolution: Gold Edition,1522,1651,-129,129
1632,Kerbal Space Program,14567,31719,-17152,17152
1633,Far Cry 3,40879,36011,4868,4868
1634,Nancy Drew: The Deadly Device,0,0,0,0
1635,DmC: Devil May Cry,5375,8547,-3172,3172
1636,Cargo Commander,408,679,-271,271
1637,StarDrive,1925,1163,762,762
1638,RPG Maker VX Ace,3111,3111,0,0
1639,Chaos on Deponia,749,876,-127,127
1640,Thomas Was Alone,5375,6777,-1402,1402
1641,Zombie Driver HD,1349,1349,0,0
1642,McPixel,3111,3167,-56,56
1643,ACDSee 15,0,0,0,0
1644,CRYENGINE,0,224,-224,224
1645,Towns,1074,2099,-1025,1025
1646,Resident Evil 6 / Biohazard 6,4347,10113,-5766,5766
1647,Eufloria HD,312,228,84,84
1648,iPi Recorder 2,0,0,0,0
1649,Age of Empires II HD,25537,26738,-1201,1201
1650,DG2: Defense Grid 2,408,1615,-1207,1207
1651,Rocksmith 2014,4347,5558,-1211,1211
1652,The Cave,1074,1379,-305,305
1653,The Book of Unwritten Tales: The Critter Chronicles,211,225,-14,14
1654,The Stanley Parable,23548,24879,-1331,1331
1655,Puddle,393,392,1,1
1656,Hamlet or the Last Game without MMORPG Features Shaders ...,522,328,194,194
1657,THE KING OF FIGHTERS 2002 UNLIMITED MATCH,513,505,8,8
1658,Resident Evil Revelations / Biohazard Revelations,3111,3977,-866,866
1659,Rail Adventures - VR Tech Demo,0,0,0,0
1660,Champions of Regnum,749,701,48,48
1661,Train Simulator: Pacific Surfliner(r) LA - San Diego Route,0,0,0,0
1662,Train Simulator: West Somerset Railway Route Add-On,0,0,0,0
1663,Train Simulator: East Coast Main Line London-Peterborough Route Add-On,0,0,0,0
1664,Train Simulator: South London Network Route Add-On,0,0,0,0
1665,Aarklash: Legacy,312,450,-138,138
1666,Retro/Grade,312,297,15,15
1667,Reus,3542,3207,335,335
1668,Wargame: Airland Battle,3111,3282,-171,171
1669,THE KING OF FIGHTERS XIII STEAM EDITION,3050,2638,412,412
1670,Dead Pixels,1494,2071,-577,577
1671,7 Wonders: Ancient Alien Makeover,0,114,-114,114
1672,Homefront(r): The Revolution,2943,3541,-598,598
1673,Sea Dogs: To Each His Own,297,517,-220,220
1674,Perpetuum,297,520,-223,223
1675,Miner Wars 2081,393,244,149,149
1676,Dyad,297,208,89,89
1677,Blockscape,209,645,-436,436
1678,Miasmata,513,744,-231,231
1679,The Sims(tm) 3,181,6191,-6010,6010
1680,AirBuccaneers,280,560,-280,280
1681,F1 2013,2664,3188,-524,524
1682,Cry of Fear,13356,17968,-4612,4612
1683,FlyN,393,355,38,38
1684,DCS World,2466,2963,-497,497
1685,Ys I & II Chronicles+,1395,824,571,571
1686,Xenonauts,1925,1917,8,8
1687,3DMark,1522,1296,226,226
1688,Ys I & II Chronicles+,824,824,0,0
1689,Deadpool,2664,2759,-95,95
1690,Pressure,1522,1121,401,401
1691,No More Room in Hell,61699,42348,19351,19351
1692,RPG Maker VX Ace Lite,0,172,-172,172
1693,Legacy of Kain: Defiance,174,278,-104,104
1694,Fast & Furious(tm): Showdown,209,117,92,92
1695,Folk Tale,749,1437,-688,688
1696,Contrast,1395,3140,-1745,1745
1697,Gnomoria,1522,2643,-1121,1121
1698,Ace of Spades: Battle Builder,14567,17596,-3029,3029
1699,Defiance,9269,9269,0,0
1700,The Game of Life,0,0,0,0
1701,Clockwork Empires,297,378,-81,81
1702,FEZ,18506,8516,9990,9990
1703,Legacy of Kain: Soul Reaver,749,602,147,147
1704,Legacy of Kain: Soul Reaver 2,280,215,65,65
1705,Tomb Raider I,1002,1174,-172,172
1706,Tomb Raider IV: The Last Revelation,280,238,42,42
1707,Tomb Raider V: Chronicles,280,148,132,132
1708,Tomb Raider VI: The Angel of Darkness,280,294,-14,14
1709,Brothers - A Tale of Two Sons,17460,22471,-5011,5011
1710,Brutal Legend,4347,6720,-2373,2373
1711,Full Mojo Rampage,1395,972,423,423
1712,Tomb Raider II,408,477,-69,69
1713,Tomb Raider III,408,302,106,106
1714,Cities in Motion 2,1760,1535,225,225
1715,Blade Symphony,1522,3592,-2070,2070
1716,Sacred 2 Gold,1002,991,11,11
1717,PixelJunk(tm) Nom Nom Galaxy,312,428,-116,116
1718,Weird Worlds: Return to Infinite Space,319,434,-115,115
1719,Marvel Heroes 2016,25537,11337,14200,14200
1720,Escape Dead Island,312,574,-262,262
1721,F1 2014,636,1096,-460,460
1722,Desktop Dungeons,1395,846,549,549
1723,Infestation: Survivor Stories Classic,23548,24965,-1417,1417
1724,LOST PLANET(r) 3,5913,1862,4051,4051
1725,Monster Loves You!,1395,760,635,635
1726,MUD Motocross World Championship,0,0,0,0
1727,Nancy Drew: the Ghost of Thornton Hall,0,0,0,0
1728,Age of Wonders III,4693,3499,1194,1194
1729,Galactic Civilizations III,3050,5401,-2351,2351
1730,Ironclad Tactics,513,515,-2,2
1731,Rise of Venice,759,259,500,500
1732,Sniper Elite: Nazi Zombie Army,3111,3101,10,10
1733,Kinetic Void,408,1111,-703,703
1734,Kingdom Wars,1522,2210,-688,688
1735,Waking Mars,685,835,-150,150
1736,Sang-Froid - Tales of Werewolves,1855,1397,458,458
1737,Construct 2,1002,790,212,212
1738,DisplayFusion,368,405,-37,37
1739,Euro Truck Simulator 2,61699,68021,-6322,6322
1740,You Need a Budget 4,0,1268,-1268,1268
1741,Dragons Lair,312,279,33,33
1742,God Mode,1494,2097,-603,603
1743,Scourge: Outbreak,453,443,10,10
1744,10000000,1395,1394,1,1
1745,StarForge,1522,8759,-7237,7237
1746,Firefall,9269,8313,956,956
1747,March of the Eagles,759,143,616,616
1748,Serious Sam Classics: Revolution,749,1030,-281,281
1749,Retrovirus,137,146,-9,9
1750,Castle Story,2245,3405,-1160,1160
1751,Battleship,0,0,0,0
1752,Risk,297,120,177,177
1753,Heroes & Generals,79439,54072,25367,25367
1754,Action! - Gameplay Recording and Streaming,211,874,-663,663
1755,Fallen Enchantress: Legendary Heroes,1074,1458,-384,384
1756,Baldurs Gate: Enhanced Edition,2466,2914,-448,448
1757,A Valley Without Wind 2,513,184,329,329
1758,Ace Combat Assault Horizon - Enhanced Edition,2664,3393,-729,729
1759,Cubemen 2,393,186,207,207
1760,Teenage Mutant Ninja Turtles(tm): Out of the Shadows,759,728,31,31
1761,TrackMania2 Canyon,624,916,-292,292
1762,Ashes of the Singularity,1425,1381,44,44
1763,Carnage Racing (tm),0,695,-695,695
1764,Skulls of the Shogun,408,422,-14,14
1765,Dungeon Hearts,393,478,-85,85
1766,Hacker Evolution IMMERSION,0,0,0,0
1767,Dream,864,805,59,59
1768,Bientot lete,0,224,-224,224
1769,Might & Magic: Heroes VI - Shades of Darkness,0,0,0,0
1770,A Fistful of Gun,453,350,103,103
1771,ShootMania Storm,759,659,100,100
1772,Joe Danger,211,0,211,211
1773,Resident Evil 6 Benchmark Tool,0,243,-243,243
1774,Armada 2526 Gold Edition,0,0,0,0
1775,DLC Quest,3111,5685,-2574,2574
1776,The Age of Decadence,864,973,-109,109
1777,Incredipede,393,301,92,92
1778,Divinity: Original Sin (Classic),16455,11048,5407,5407
1779,N++ (NPLUSPLUS),209,477,-268,268
1780,Universe Sandbox 2,3050,3050,0,0
1781,Akaneiro: Demon Hunters,293,244,49,49
1782,FINAL FANTASY(r) XI: Ultimate Collection Seekers Edition,0,0,0,0
1783,Warframe,79439,97562,-18123,18123
1784,Lords of Football,568,215,353,353
1785,DIVO,0,0,0,0
1786,The Night of the Rabbit,749,1010,-261,261
1787,Daylight,393,1517,-1124,1124
1788,Starseed Pilgrim,408,0,408,408
1789,Beatbuddy: Tale of the Guardians,1074,0,1074,1074
1790,Ragnarok Online 2,780,0,780,780
1791,Art Rage 4,0,0,0,0
1792,Kentucky Route Zero,1425,0,1425,1425
1793,MirrorMoon EP,393,0,393,393
1794,Deadfall Adventures,453,0,453,453
1795,Company of Heroes 2,0,0,0,0
1796,Bad Hotel,319,0,319,319
1797,Knights of Pen and Paper +1 Edition,0,0,0,0
1798,Leisure Suit Larry in the Land of the Lounge Lizards: Reloaded,312,0,312,312
1799,Spider-Man(tm): Shattered Dimensions,0,0,0,0
1800,Euro Truck Simulator,0,0,0,0
1801,Eador. Masters of the Broken World,408,0,408,408
1802,Killing Floor 2,0,0,0,0
1803,Gone Home,1760,0,1760,1760
1804,SolForge,575,0,575,575
1805,Mars: War Logs,1074,0,1074,1074
1806,Godus,736,0,736,736
1807,Stronghold Crusader 2,1522,0,1522,1522
1808,TrackMania2 Stadium,1522,0,1522,1522
1809,Bridge Project,342,0,342,342
1810,Defense Technica,0,0,0,0
1811,Shadow Warrior,2775,0,2775,2775
1812,LUFTRAUSERS,1494,0,1494,1494
1813,Final Exam,280,0,280,280
1814,Air Conflicts: Vietnam,0,0,0,0
1815,Kairo,408,0,408,408
1816,Far Cry 3 - Blood Dragon,3542,0,3542,3542
1817,Murdered: Soul Suspect,0,0,0,0
1818,Avadon 2: The Corruption,0,0,0,0
1819,Sudeki,312,0,312,312
1820,The Raven - Legacy of a Master Thief,312,0,312,312
1821,Tomb Raider - The Final Hours Digital Book,162,0,162,162
1822,Prison Architect,13356,0,13356,13356
1823,Evoland,1522,0,1522,1522
1824,Lunnye Devitsy,0,0,0,0
1825,Another World - 20th Anniversary Edition,280,0,280,280
1826,Distance,1395,0,1395,1395
1827,Black Ink,297,0,297,297
1828,Sword of the Stars: The Pit,1074,0,1074,1074
1829,Surgeon Simulator 2013,0,0,0,0
1830,Organ Trail: Directors Cut,1494,0,1494,1494
1831,Arma 3 Tools,0,0,0,0
1832,Worms Clan Wars,0,0,0,0
1833,Kenshi,749,0,749,749
1834,Gear Up,0,0,0,0
1835,Timelines: Assault on America,0,0,0,0
1836,Castlevania: Lords of Shadow - Ultimate Edition,1522,0,1522,1522
1837,Scrabble,0,0,0,0
1838,Mad Max,9269,0,9269,9269
1839,Zack Zero,174,0,174,174
1840,Marvel Puzzle Quest,736,0,736,736
1841,Luxor 2 HD,0,0,0,0
1842,Shattered Haven,297,0,297,297
1843,Rush Bros.,1395,0,1395,1395
1844,Rising Storm Game of the Year Edition,0,0,0,0
1845,War of the Vikings,513,0,513,513
1846,Project CARS,4693,0,4693,4693
1847,Shadowrun Returns,5375,0,5375,5375
1848,NARUTO SHIPPUDEN: Ultimate Ninja STORM 3 Full Burst,0,0,0,0
1849,Poker Night 2,0,0,0,0
1850,Driver Fusion Premium,0,0,0,0
1851,Anodyne,1395,807,588,588
1852,Dyscourse,312,330,-18,18
1853,The 39 Steps,314,0,314,314
1854,STRIDER(tm) / sutoraidaFei Long (r),3050,1735,1315,1315
1855,Super Sanctum TD,575,0,575,575
1856,Original War,393,479,-86,86
1857,Prime World,736,2745,-2009,2009
1858,Prime World: Defenders,174,0,174,174
1859,Blitzkrieg 3,1051,1516,-465,465
1860,Kings Bounty: Legions,575,0,575,575
1861,METAL GEAR RISING: REVENGEANCE,10508,11188,-680,680
1862,Warhammer: End Times - Vermintide,8701,9843,-1142,1142
1863,Tom Clancys Splinter Cell Blacklist,5375,8216,-2841,2841
1864,Small World 2,408,528,-120,120
1865,Eador: Genesis,0,117,-117,117
1866,Cubetractor,174,0,174,174
1867,Audiosurf 2,3050,3064,-14,14
1868,Element4l,319,0,319,319
1869,Tetrobot and Co.,194,0,194,194
1870,Bloxitivity,0,0,0,0
1871,Dust: An Elysian Tail,2466,0,2466,2466
1872,Dungeon Defenders II,13356,0,13356,13356
1873,Horizon,368,0,368,368
1874,Starpoint Gemini 2,3050,0,3050,3050
1875,Cranky Cat,0,0,0,0
1876,Interstellar Marines,1494,0,1494,1494
1877,DARK SOULS(tm) II,23548,0,23548,23548
1878,PAC-MAN(tm) Championship Edition DX+,1074,0,1074,1074
1879,PAC-MAN MUSEUM(tm),0,0,0,0
1880,Hexodius,0,0,0,0
1881,Hot Wheels(tm) Worlds Best Driver(tm),0,0,0,0
1882,Blood Bowl 2,1925,1925,0,0
1883,Anomaly 2,1395,0,1395,1395
1884,Europa Universalis IV,20533,18642,1891,1891
1885,PCMark 8,0,0,0,0
1886,Blackwell Epiphany,137,338,-201,201
1887,Jack Keane 2 - The Fire Within,0,0,0,0
1888,Mortal Kombat Komplete Edition,6824,11249,-4425,4425
1889,Elsword,3920,4967,-1047,1047
1890,Frozen Cortex,297,237,60,60
1891,PlayClaw - Game Recording and Streaming,209,320,-111,111
1892,Expeditions: Conquistador,1395,809,586,586
1893,Battle Worlds: Kronos,297,187,110,110
1894,Realms of Arkania: Blade of Destiny,211,217,-6,6
1895,Penny Arcades On the Rain-Slick Precipice of Darkness 4,174,267,-93,93
1896,R.I.P.D.: The Game,297,223,74,74
1897,DuckTales: Remastered,1074,2669,-1595,1595
1898,Angry Video Game Nerd Adventures,1395,2250,-855,855
1899,Intake,211,335,-124,124
1900,Planet Explorers,3914,3886,28,28
1901,Agarest: Generations of War,1395,1457,-62,62
1902,Transistor,16455,13687,2768,2768
1903,UFO: Afterlight,405,272,133,133
1904,Memento Mori 2,0,0,0,0
1905,The Banner Saga,0,8023,-8023,8023
1906,Deus Ex: Human Revolution - Directors Cut,23548,8724,14824,14824
1907,The Apogee Throwback Pack,211,164,47,47
1908,Shadow Warrior Classic (1997),1002,717,285,285
1909,System Shock 2,2622,3216,-594,594
1910,Edge of Space,1074,2040,-966,966
1911,Legend of Dungeon,2245,1330,915,915
1912,Outlast,23548,23548,0,0
1913,Magicka 2,3914,2894,1020,1020
1914,BattleBlock Theater(r),25537,31040,-5503,5503
1915,Super Puzzle Platformer Deluxe,297,311,-14,14
1916,Fist Puncher,211,197,14,14
1917,Might & Magic X - Legacy,1925,1983,-58,58
1918,Citadels,568,358,210,210
1919,Skyward Collapse,393,261,132,132
1920,Bionic Dues,1074,713,361,361
1921,7 Grand Steps: What Ancients Begat,312,450,-138,138
1922,Path of Exile,40879,33124,7755,7755
1923,Papers Please,18506,16216,2290,2290
1924,Hammerwatch,2466,4760,-2294,2294
1925,Samurai Gunn,209,309,-100,100
1926,FINAL FANTASY III,749,827,-78,78
1927,Dying Light: The Following - Enhanced Edition,23548,32099,-8551,8551
1928,Thief,14567,10768,3799,3799
1929,Amnesia: A Machine for Pigs,2593,4069,-1476,1476
1930,The Mighty Quest For Epic Loot,9269,11512,-2243,2243
1931,Castlevania: Lords of Shadow 2,1925,1923,2,2
1932,Catan: Creators Edition,312,362,-50,50
1933,Q.U.B.E: Directors Cut,771,808,-37,37
1934,Gun Monkeys,3542,3549,-7,7
1935,Soldier Front 2,1494,2063,-569,569
1936,Hate Plus,297,434,-137,137
1937,PAC-MAN(tm) and the Ghostly Adventures,0,115,-115,115
1938,Bleed,1349,1519,-170,170
1939,Game Dev Tycoon,18583,21796,-3213,3213
1940,Dead State: Reanimated,749,1454,-705,705
1941,Panzar,4347,4051,296,296
1942,Dragons Lair 2: Time Warp,0,0,0,0
1943,WWE 2K15,2943,2879,64,64
1944,MotoGP(tm)13,297,305,-8,8
1945,Wanderlust Adventures,209,167,42,42
1946,Rain Blood Chronicles: Mirage,0,137,-137,137
1947,Wasteland 2: Directors Cut,10508,6613,3895,3895
1948,Half Minute Hero: The Second Coming,312,358,-46,46
1949,Sherlock Holmes: Crimes and Punishments,1425,1406,19,19
1950,Ittle Dew,393,763,-370,370
1951,CastleStorm,408,1017,-609,609
1952,State of Decay,23548,17042,6506,6506
1953,The Crew(tm),0,10427,-10427,10427
1954,Inquisitor,280,359,-79,79
1955,Ohm Studio,335,221,114,114
1956,Guncraft,1395,1202,193,193
1957,Kill to Collect,0,118,-118,118
1958,Z3TA+ 2,0,0,0,0
1959,Middle-earth(tm): Shadow of Mordor(tm),25537,30701,-5164,5164
1960,Sorcerer King,568,468,100,100
1961,Assassins Creed(r) IV Black Flag(tm),6824,16623,-9799,9799
1962,Joe Danger 2: The Movie,408,325,83,83
1963,Vector Thrust,297,418,-121,121
1964,The Chaos Engine,453,276,177,177
1965,Rayman(r) Legends,2245,2290,-45,45
1966,Space Hulk,2245,1644,601,601
1967,Styx: Master of Shadows,3050,2951,99,99
1968,Nuclear Throne,3914,6652,-2738,2738
1969,Injustice: Gods Among Us Ultimate Edition,4347,7372,-3025,3025
1970,GunZ 2: The Second Duel,9269,9530,-261,261
1971,The Forest,61699,51125,10574,10574
1972,Day One : Garrys Incident,319,2173,-1854,1854
1973,140,1395,2622,-1227,1227
1974,In Verbis Virtus,759,766,-7,7
1975,Verdun,10508,15969,-5461,5461
1976,Banished,18506,19584,-1078,1078
1977,Blood Omen 2: Legacy of Kain,312,252,60,60
1978,Daikatana,297,325,-28,28
1979,Omikron: The Nomad Soul,312,207,105,105
1980,Startopia,319,349,-30,30
1981,Urban Chaos,0,0,0,0
1982,Glare,0,0,0,0
1983,Mushroom 11,312,296,16,16
1984,Memoria,1395,792,603,603
1985,FRACT OSC,297,443,-146,146
1986,Poof,137,180,-43,43
1987,TrackMania2 Valley,513,279,234,234
1988,Urban Trial Freestyle,1287,1346,-59,59
1989,Watch_Dogs(tm),8701,17516,-8815,8815
1990,Adventure Time:  Explore the Dungeon Because I DONT KNOW!,0,149,-149,149
1991,Maya LT (with Stingray),0,0,0,0
1992,PixelJunk(tm) Monsters Ultimate,1395,635,760,760
1993,Gas Guzzlers Extreme,1425,1799,-374,374
1994,Tom Clancys Ghost Recon Phantoms - NA,0,19042,-19042,19042
1995,Mavis Beacon Teaches Typing Family Edition,0,0,0,0
1996,Bound By Flame,1925,2093,-168,168
1997,Divinity: Dragon Commander,1074,1263,-189,189
1998,Invisible Inc.,2245,2209,36,36
1999,Take On Mars,759,890,-131,131
2000,Rise of Flight United,1187,910,277,277
2001,Sid Meiers Ace Patrol,392,451,-59,59
2002,Sid Meiers Ace Patrol: Pacific Skies,392,260,132,132
2003,Homeworld Remastered Collection,4693,4370,323,323
2004,Assetto Corsa,8286,8286,0,0
2005,realMyst: Masterpiece Edition,513,399,114,114
2006,Men of War: Assault Squad 2,5889,6725,-836,836
2007,Epigenesis,1187,1206,-19,19
2008,NEOTOKYO,2644,2478,166,166
2009,Face Noir,312,167,145,145
2010,Shelter,780,2115,-1335,1335
2011,Divekick,2245,1514,731,731
2012,StarMade,2245,1996,249,249
2013,Foul Play,824,500,324,324
2014,Wing IDE 5,0,0,0,0
2015,Space Engineers,28374,53882,-25508,25508
2016,Electronic Super Joy,2245,3029,-784,784
2017,Homesick,530,530,0,0
2018,Where is my Heart?,0,128,-128,128
2019,Deathtrap Dungeon,0,0,0,0
2020,SpellForce 2 - Demons of the Past,312,163,149,149
2021,The Novelist,513,744,-231,231
2022,Skullgirls,2466,10264,-7798,7798
2023,ENSLAVED(tm): Odyssey to the West(tm) Premium Edition,2664,2664,0,0
2024,Disney Epic Mickey 2:  The Power of Two,0,0,0,0
2025,Etherium,312,756,-444,444
2026,I Have No Mouth and I Must Scream,319,606,-287,287
2027,Wizardry 7: Crusaders of the Dark Savant,0,0,0,0
2028,Wizardry 8,312,293,19,19
2029,Democracy 3,3542,4376,-834,834
2030,Trials Fusion(tm),1395,1364,31,31
2031,Flashback,211,254,-43,43
2032,Hack n Slash,780,606,174,174
2033,Spacebase DF-9,1395,3256,-1861,1861
2034,MASSIVE CHALICE,1395,1022,373,373
2035,Happy Wars,6824,6115,709,709
2036,Perfection.,0,0,0,0
2037,Kingdom Rush,1522,3699,-2177,2177
2038,The Typing of The Dead: Overkill,2664,2210,454,454
2039,Plague Inc: Evolved,18506,12548,5958,5958
2040,Strike Vector,1395,2305,-910,910
2041,Wayward Manor,0,0,0,0
2042,Legends of Eisenwald,864,816,48,48
2043,BeatBlasters III,0,0,0,0
2044,Jeklynn Heights,0,0,0,0
2045,FATE,393,703,-310,310
2046,Recruits,0,0,0,0
2047,Viscera Cleanup Detail,8286,4202,4084,4084
2048,Bombernauts,0,0,0,0
2049,Lords of the Black Sun,297,332,-35,35
2050,Giana Sisters: Twisted Dreams - Rise of the Owlverlord,393,261,132,132
2051,InFlux,297,192,105,105
2052,Talisman: Digital Edition,3050,2581,469,469
2053,Cook Serve Delicious!,1522,3189,-1667,1667
2054,Crypt of the NecroDancer,5889,6604,-715,715
2055,Portal 2 Sixense Perceptual Pack,736,309,427,427
2056,Soundodger+,211,435,-224,224
2057,Volgarr the Viking,1395,1556,-161,161
2058,Saints Row IV - Reverse Cosplay Pack,0,0,0,0
2059,Gravi,0,0,0,0
2060,Mutant Mudds Deluxe,312,273,39,39
2061,Hitman: Contracts,575,686,-111,111
2062,Deadly Premonition: The Directors Cut,1925,1991,-66,66
2063,Cabelas(r) Big Game Hunter(r) Pro Hunts,568,563,5,5
2064,Redshirt,297,351,-54,54
2065,Clickteam Fusion 2.5,312,350,-38,38
2066,Knytt Underground,312,251,61,61
2067,Songs2See,0,0,0,0
2068,Freedom Planet,1395,2710,-1315,1315
2069,Dino Run DX,137,307,-170,170
2070,Craft The World,3050,4470,-1420,1420
2071,Legends of Aethereus,297,254,43,43
2072,Doorways: Prelude,319,446,-127,127
2073,1953 - KGB Unleashed,297,406,-109,109
2074,Dominions 3: The Awakening,209,0,209,209
2075,Depth Hunter 2: Deep Dive,513,594,-81,81
2076,Megabyte Punch,513,668,-155,155
2077,Toribash,13356,10516,2840,2840
2078,Door Kickers,1522,2989,-1467,1467
2079,Kingdoms Rise,759,952,-193,193
2080,Draw a Stickman: EPIC,1395,1014,381,381
2081,Iesabel,293,510,-217,217
2082,A Walk in the Dark,137,325,-188,188
2083,Risk of Rain,18506,18506,0,0
2084,Vector,568,554,14,14
2085,Dungeon of the Endless(tm),8286,5463,2823,2823
2086,LEGO(r) Marvel(tm) Super Heroes,3542,7185,-3643,3643
2087,Unholy Heights,408,1019,-611,611
2088,Zafehouse: Diaries,312,337,-25,25
2089,Carmageddon: Reincarnation,636,2844,-2208,2208
2090,NEStalgia,297,257,40,40
2091,The Castle Doctrine,209,355,-146,146
2092,Teslagrad,393,981,-588,588
2093,Delver,749,1656,-907,907
2094,Marlow Briggs and the Mask of Death,453,1349,-896,896
2095,Scribblenauts Unmasked: A DC Comics Adventure,2245,1202,1043,1043
2096,A-Train 8,0,0,0,0
2097,Forge Quest,568,478,90,90
2098,FORCED: Slightly Better Edition,3111,2102,1009,1009
2099,Lilly Looking Through,174,529,-355,355
2100,Life Goes On: Done to Death,297,264,33,33
2101,Assault Android Cactus,714,745,-31,31
2102,METAL SLUG 3,4693,4572,121,121
2103,Cabelas(r) African Adventures,0,0,0,0
2104,Jazzpunk,2593,3395,-802,802
2105,Super Comboman: Dont Mash Edition,137,0,137,137
2106,Blockland,1074,4319,-3245,3245
2107,MovieWriterPro,0,0,0,0
2108,Knock-knock,762,734,28,28
2109,How to Survive,18506,13108,5398,5398
2110,8BitMMO,2644,5074,-2430,2430
2111,Super Amazing Wagon Adventure,1395,1545,-150,150
2112,UnderRail,864,906,-42,42
2113,C-Wars,0,0,0,0
2114,Fight The Dragon,1395,1092,303,303
2115,The Plan,17714,18944,-1230,1230
2116,Among the Sleep,1395,3227,-1832,1832
2117,Croixleur Sigma,293,298,-5,5
2118,Bunny Must Die! Chelsea and the 7 Devils,297,245,52,52
2119,Super Time Force Ultra,824,603,221,221
2120,Starlight Inception(tm),0,0,0,0
2121,The Binding of Isaac: Rebirth,23548,37982,-14434,14434
2122,Railroad X,0,0,0,0
2123,Wargame: Red Dragon,5889,5709,180,180
2124,INFRA,0,265,-265,265
2125,Chroma Squad,1395,1395,0,0
2126,The Legend of Heroes: Trails in the Sky,2245,2281,-36,36
2127,Damned,1522,2863,-1341,1341
2128,Livelock,0,160,-160,160
2129,Corpse Party,0,188,-188,188
2130,The Legend of Heroes: Trails in the Sky SC,211,503,-292,292
2131,Escape Goat,522,471,51,51
2132,Call of Cthulhu: The Wasted Land,137,161,-24,24
2133,Dark Matter,137,158,-21,21
2134,The Inner World,513,429,84,84
2135,Gravity Ghost,209,221,-12,12
2136,Constant C,0,0,0,0
2137,Anomaly Korea,392,361,31,31
2138,7 Days to Die,23548,33730,-10182,10182
2139,Soul Saga,0,0,0,0
2140,The Impossible Game,393,986,-593,593
2141,Speedball 2 HD,453,478,-25,25
2142,Chainsaw Warrior,194,232,-38,38
2143,Legend of Grimrock 2,2245,1548,697,697
2144,Steel Storm A.M.M.O.,0,0,0,0
2145,Leadwerks Game Engine,209,210,-1,1
2146,Stick it to The Man!,297,476,-179,179
2147,Master Reboot,824,562,262,262
2148,Go! Go! Nippon! ~My First Trip to Japan~,1395,2364,-969,969
2149,World of Diving,297,437,-140,140
2150,Solar Flux,393,210,183,183
2151,Oniken,393,468,-75,75
2152,Valdis Story: Abyssal City,749,1758,-1009,1009
2153,Construction Machines 2014,162,252,-90,90
2154,Gimbal,0,180,-180,180
2155,Lovers in a Dangerous Spacetime,714,593,121,121
2156,Divide By Sheep,137,306,-169,169
2157,Grimm,1494,1599,-105,105
2158,Anomaly Warzone Earth Mobile Campaign,393,256,137,137
2159,Dungeon Dashers,0,153,-153,153
2160,YAIBA: NINJA GAIDEN Z,209,155,54,54
2161,Maia,568,568,0,0
2162,Zombie Tycoon 2: Brainhovs Revenge,312,206,106,106
2163,Elegy for a Dead World,297,0,297,297
2164,Syder Arcade,453,549,-96,96
2165,Slender: The Arrival,5913,3832,2081,2081
2166,Double Dragon: Neon,1395,1547,-152,152
2167,The Shivah,335,457,-122,122
2168,SteamWorld Dig,3050,2971,79,79
2169,Dusty Revenge:Co-Op Edition,209,0,209,209
2170,StarDrive 2,759,1447,-688,688
2171,Space Pirates And Zombies 2,829,766,63,63
2172,Rust,61699,145688,-83989,83989
2173,OMSI 2: Steam Edition,1925,1806,119,119
2174,Qbeh-1: The Atlas Cube,297,434,-137,137
2175,Depths of Fear :: Knossos,293,360,-67,67
2176,Death Road to Canada,542,461,81,81
2177,Eldritch,575,1291,-716,716
2178,Fantasy Grounds,209,189,20,20
2179,The Last Express Gold Edition,0,141,-141,141
2180,YOU DONT KNOW JACK Vol. 1 XL,194,0,194,194
2181,MouseCraft,137,146,-9,9
2182,Vox,0,339,-339,339
2183,Claire,297,236,61,61
2184,PULSAR: Lost Colony,714,1041,-327,327
2185,Dracula: Love Kills,0,0,0,0
2186,Skyscraper Simulator,194,329,-135,135
2187,Rocket League(r),61699,86627,-24928,24928
2188,McDROID,0,0,0,0
2189,Rescue - Everyday Heroes (U.S. Edition),297,287,10,10
2190,Halfway,297,360,-63,63
2191,Kingdom Wars 2: Battles,714,692,22,22
2192,A Hat in Time,0,0,0,0
2193,Stonehearth,2943,3007,-64,64
2194,FOTONICA,312,514,-202,202
2195,Fester Mudd: Curse of the Gold - Episode 1,0,0,0,0
2196,Neverending Nightmares,824,1469,-645,645
2197,Tiny Barbarian DX,137,177,-40,40
2198,Axis Game Factorys AGFPRO v3,368,301,67,67
2199,Hot Tin Roof: The Cat That Wore A Fedora,0,0,0,0
2200,Ravensword: Shadowlands,297,414,-117,117
2201,CastleMiner Z,3914,4231,-317,317
2202,CABAL Online,749,470,279,279
2203,Gentlemen!,522,129,393,393
2204,Wrack,297,414,-117,117
2205,Sparkle 2 Evo,2245,1699,546,546
2206,Tiny Brains,297,294,3,3
2207,theHunter,25537,19923,5614,5614
2208,Bus-Simulator 2012,568,600,-32,32
2209,rymdkapsel,0,174,-174,174
2210,Earth 2140,114,114,0,0
2211,Earth 2150 Trilogy,280,212,68,68
2212,Knights and Merchants,2622,1872,750,750
2213,Gorky 17,280,610,-330,330
2214,Septerra Core,314,342,-28,28
2215,Jack Orlando: Directors Cut,194,207,-13,13
2216,Enclave,2466,4203,-1737,1737
2217,KnightShift,575,499,76,76
2218,World War III: Black Gold,194,168,26,26
2219,FortressCraft Evolved!,1395,1398,-3,3
2220,Duskers,542,542,0,0
2221,Aquanox Deep Descent,0,0,0,0
2222,Pool Nation,1074,2372,-1298,1298
2223,Obscure,297,351,-54,54
2224,Obscure II (Obscure: The Aftermath),137,149,-12,12
2225,Theme Park Studio,209,366,-157,157
2226,Warhammer 40000: Storm of Vengeance,0,206,-206,206
2227,Shadow Warrior,0,10697,-10697,10697
2228,resident evil 4 / biohazard 4,10508,6006,4502,4502
2229,Ground Control Anthology,181,0,181,181
2230,Ground Control II: Operation Exodus,0,0,0,0
2231,Lords of the Realm III,0,0,0,0
2232,MoonBase Commander,0,0,0,0
2233,Lords of the Realm,0,0,0,0
2234,Silent Storm Gold Edition,280,388,-108,108
2235,Echo Prime,0,104,-104,104
2236,Abyss Odyssey,1395,1752,-357,357
2237,Call of Duty(r): Ghosts - Digital Hardened Edition,0,0,0,0
2238,GRID Autosport,4693,5027,-334,334
2239,Pro Cycling Manager 2014,1051,206,845,845
2240,1954 Alcatraz,513,477,36,36
2241,Journey of a Roach,513,734,-221,221
2242,KickBeat Steam Edition,393,676,-283,283
2243,Max: The Curse of Brotherhood,297,708,-411,411
2244,Magic 2015 - Duels of the Planeswalkers,3650,3934,-284,284
2245,NBA 2K14,2245,2296,-51,51
2246,Entropy,297,454,-157,157
2247,Cities: Skylines,61699,28743,32956,32956
2248,The 7th Guest,297,259,38,38
2249,The 11th Hour,0,0,0,0
2250,Bad Mojo Redux,0,0,0,0
2251,Jagged Alliance Flashback,297,624,-327,327
2252,Shadows: Heretic Kingdoms,297,306,-9,9
2253,Adventure Park,209,154,55,55
2254,Truck Racer,0,142,-142,142
2255,Enemy Front,1925,1781,144,144
2256,WRC 4 FIA World Rally Championship,759,759,0,0
2257,MXGP - The Official Motocross Videogame,568,633,-65,65
2258,MotoGP(tm)14,209,326,-117,117
2259,Monsters & Munitions,0,0,0,0
2260,Cosmic Star Heroine,0,0,0,0
2261,CSX ES44AC Add-on Livery,0,0,0,0
2262,CSX SD70MAC Add-on Livery,0,0,0,0
2263,Project Nimbus,297,540,-243,243
2264,Darkout,762,683,79,79
2265,Not The Robots,393,484,-91,91
2266,Rebuild 3: Gangs of Deadsville,864,629,235,235
2267,Secret Files: Sam Peters,0,0,0,0
2268,Inherit the Earth: Quest for the Orb,0,0,0,0
2269,Fuse,1074,1018,56,56
2270,The Talos Principle,8286,9446,-1160,1160
2271,LogoMaker 4,0,0,0,0
2272,Mosaico,0,0,0,0
2273,Elder Sign: Omens,209,163,46,46
2274,J.U.L.I.A.: Among the Stars,209,516,-307,307
2275,Max Gentlemen,780,957,-177,177
2276,Infinity Wars: Animated Trading Card Game,2644,2769,-125,125
2277,Bloody Trapland,3050,2146,904,904
2278,Signal Ops,0,0,0,0
2279,Riptide GP2,297,301,-4,4
2280,Violett Remastered,393,514,-121,121
2281,Hyper Light Drifter,3914,3942,-28,28
2282,Eschalon: Book III,0,0,0,0
2283,Race To Mars,0,183,-183,183
2284,Loren The Amazon Princess,368,385,-17,17
2285,Oozi: Earth Adventure,335,462,-127,127
2286,Ring Runner: Flight of the Sages,771,548,223,223
2287,EARTHLOCK: Festival of Magic,0,0,0,0
2288,Survivor Squad,1349,747,602,602
2289,Probability 0,0,0,0,0
2290,99 Spirits,393,321,72,72
2291,Deus Ex: The Fall,1395,2396,-1001,1001
2292,Talisman: Prologue,575,279,296,296
2293,Blood Knights,297,501,-204,204
2294,Tank Operations: European Campaign,0,0,0,0
2295,The Vanishing of Ethan Carter,5913,6107,-194,194
2296,Adventure Time: Finn and Jakes Epic Quest,211,409,-198,198
2297,Train Simulator: NEC: New York-New Haven Route Add-On,0,0,0,0
2298,Scania Truck Driving Simulator,2245,523,1722,1722
2299,Professional Farmer 2014,1074,507,567,567
2300,Type:Rider,393,1246,-853,853
2301,Citizens of Earth,297,195,102,102
2302,Montagues Mount,312,378,-66,66
2303,Gauntlet(tm) Slayer Edition,4693,4726,-33,33
2304,Dead Pixels II,0,0,0,0
2305,Dragons Prophet,575,704,-129,129
2306,Dominions 4: Thrones of Ascension,759,877,-118,118
2307,Just Cause 2: Multiplayer Mod,6824,11479,-4655,4655
2308,Wasteland 1 - The Original Classic,314,205,109,109
2309,Alone in the Dark,0,336,-336,336
2310,Alone in the Dark: The New Nightmare,0,150,-150,150
2311,Heli Heroes,0,154,-154,154
2312,Chicken Shoot Gold,0,177,-177,177
2313,Ballpoint Universe - Infinite,453,586,-133,133
2314,Sneaky Sneaky,137,225,-88,88
2315,Zigfrak,297,218,79,79
2316,Drifter,0,143,-143,143
2317,Particulars,0,0,0,0
2318,Beast Boxing Turbo,137,243,-106,106
2319,Shufflepuck Cantina Deluxe,312,454,-142,142
2320,Savant - Ascent,408,2355,-1947,1947
2321,Hero of the Kingdom,393,1822,-1429,1429
2322,EDEN STAR,297,517,-220,220
2323,Finding Teddy,393,723,-330,330
2324,Guise Of The Wolf,0,177,-177,177
2325,Void Destroyer,297,243,54,54
2326,Tales of MajEyal,749,1667,-918,918
2327,Dead Sky,137,226,-89,89
2328,Fading Hearts,209,211,-2,2
2329,Nightmares from the Deep: The Cursed Heart,393,862,-469,469
2330,Home Sheep Home 2,0,0,0,0
2331,Wooden SenSeY,137,0,137,137
2332,OMG Zombies!,293,304,-11,11
2333,Agricultural Simulator: Historical Farming,211,222,-11,11
2334,Farming Giant,297,168,129,129
2335,YOU DONT KNOW JACK Vol. 3,0,0,0,0
2336,YOU DONT KNOW JACK Vol. 4 The Ride,0,0,0,0
2337,YOU DONT KNOW JACK MOVIES,162,0,162,162
2338,YOU DONT KNOW JACK SPORTS,0,0,0,0
2339,YOU DONT KNOW JACK TELEVISION,0,0,0,0
2340,YOU DONT KNOW JACK Vol. 6 The Lost Gold,0,0,0,0
2341,Agarest: Generations of War Zero,312,274,38,38
2342,The Last Tinker(tm): City of Colors,211,339,-128,128
2343,Marc Eckos Getting Up: Contents Under Pressure,297,531,-234,234
2344,Assassins Creed(r) Liberation HD,1395,1161,234,234
2345,Valiant Hearts: The Great War(tm) / Soldats Inconnus : Memoires de la Grande Guerre(tm),4693,11294,-6601,6601
2346,Blood of the Werewolf,393,543,-150,150
2347,Shadows: Price For Our Sins Bonus Edition,0,109,-109,109
2348,Company of Heroes 2 - The Western Front Armies,0,0,0,0
2349,Flockers(tm),0,109,-109,109
2350,Get Off My Lawn!,1187,1400,-213,213
2351,The Four Kings Casino and Slots,1361,2523,-1162,1162
2352,World Basketball Tycoon,0,0,0,0
2353,So Many Me,0,0,0,0
2354,Haunted,0,0,0,0
2355,Gray Matter,297,300,-3,3
2356,Cold War,114,154,-40,40
2357,Dark Fall: The Journal,194,0,194,194
2358,Dark Fall 2: Lights Out,0,0,0,0
2359,Desperados: Wanted Dead or Alive,174,415,-241,241
2360,1001 Spikes,312,398,-86,86
2361,Odesi Music Composition,0,0,0,0
2362,The Walking Dead: Season 2,16455,17525,-1070,1070
2363,Killer is Dead - Nightmare Edition,1494,2398,-904,904
2364,Lethal League,5889,3407,2482,2482
2365,Steam Bandits: Outpost,0,0,0,0
2366,Episode 1 - A Boy Learns What Fear Is,0,0,0,0
2367,Distant Worlds: Universe,759,743,16,16
2368,Bedlam,137,289,-152,152
2369,Lifeless Planet Premier Edition,824,2165,-1341,1341
2370,Ori and the Blind Forest,16455,18387,-1932,1932
2371,Basketball Pro Management 2014,0,0,0,0
2372,Borderlands: The Pre-Sequel,14567,12876,1691,1691
2373,Journal,0,301,-301,301
2374,Eryis Action,293,1098,-805,805
2375,Humans Must Answer,0,0,0,0
2376,Corporate Lifestyle Simulator,335,378,-43,43
2377,The Real Texas,0,0,0,0
2378,Catzilla 4K - Advanced,0,0,0,0
2379,The Mysterious Cities of Gold,0,0,0,0
2380,Cube & Star: An Arbitrary Love,0,112,-112,112
2381,Gabriel Knight: Sins of the Fathers 20th Anniversary Edition,297,373,-76,76
2382,Darkest Dungeon,23548,16036,7512,7512
2383,Iron Soul,0,0,0,0
2384,Trench Run,0,0,0,0
2385,Toy Soldiers: Complete,714,488,226,226
2386,Vanguard Princess,2245,2358,-113,113
2387,Zombeer,0,106,-106,106
2388,Last Knight: Rogue Rider Edition,137,168,-31,31
2389,SUGURI,137,0,137,137
2390,JetsnGuns Gold,393,741,-348,348
2391,Dungeons 2,1425,1360,65,65
2392,Tsukumogami,0,0,0,0
2393,Cloudbuilt,513,647,-134,134
2394,Dead Mans Draw,137,284,-147,147
2395,Rollers of the Realm,137,268,-131,131
2396,Manga Maker Comipo,209,377,-168,168
2397,CRIMSON ROOM(r) DECADE,0,0,0,0
2398,Gunman Clive,771,643,128,128
2399,Chucks Challenge 3D,0,146,-146,146
2400,Liquid Rhythm,0,0,0,0
2401,Tom vs. The Armies of Hell,0,0,0,0
2402,RaySupreme 3D,0,0,0,0
2403,Little Racers STREET,685,585,100,100
2404,GoD Factory: Wingmen,297,291,6,6
2405,Freedom Fall,297,331,-34,34
2406,Our Darker Purpose,759,570,189,189
2407,Crimsonland,368,964,-596,596
2408,The Journey Down: Chapter Two,0,190,-190,190
2409,Recovery Search & Rescue Simulation,0,0,0,0
2410,Smooth Operators,194,237,-43,43
2411,Super Chain Crusher Horizon,0,0,0,0
2412,Broken Sword 5 - the Serpents Curse,1925,1205,720,720
2413,Castle In The Darkness,297,727,-430,430
2414,C-RUSH,0,0,0,0
2415,Bot Colony,0,0,0,0
2416,Blockstorm,3050,4368,-1318,1318
2417,Pixel Boy and the Ever Expanding Dungeon,293,191,102,102
2418,9.03m,0,860,-860,860
2419,Ludwig,0,0,0,0
2420,Postmortem: One Must Die (Extended Cut),162,149,13,13
2421,Squirts Adventure,0,0,0,0
2422,SPINTIRES(tm),16455,12204,4251,4251
2423,BlazBlue: Calamity Trigger,1395,1617,-222,222
2424,Saturday Morning RPG,393,379,14,14
2425,Continue?9876543210,0,166,-166,166
2426,3089 -- Futuristic Action RPG,312,468,-156,156
2427,Driftmoon,0,183,-183,183
2428,War of the Human Tanks,312,401,-89,89
2429,Final Rush,0,151,-151,151
2430,Dragons and Titans,2644,2644,0,0
2431,Enola,0,0,0,0
2432,Villagers and Heroes,2644,2546,98,98
2433,Paper Sorcerer,393,457,-64,64
2434,EF-12: Fighting Game Maker,0,0,0,0
2435,Mitsurugi Kamui Hikae,1349,2426,-1077,1077
2436,CDF Ghostship,0,0,0,0
2437,Muffin Knight,211,337,-126,126
2438,FootLOL: Epic Fail League,393,636,-243,243
2439,Turbo Dismount(tm),3914,3696,218,218
2440,Spaceforce Constellations,0,0,0,0
2441,EvilQuest,293,531,-238,238
2442,SPACECOM,312,212,100,100
2443,Aqua Kitty - Milk Mine Defender,211,342,-131,131
2444,Red Baron Pack,0,0,0,0
2445,Out There Somewhere,4693,5124,-431,431
2446,Son of Nor,209,193,16,16
2447,Geekbench 3,0,0,0,0
2448,Full Bore,297,127,170,170
2449,Vangers,0,127,-127,127
2450,Victory: The Age of Racing,1522,744,778,778
2451,Pixel Piracy,5889,6042,-153,153
2452,WazHack,297,371,-74,74
2453,One Finger Death Punch,5889,10391,-4502,4502
2454,CONSORTIUM,1074,1142,-68,68
2455,Global Outbreak: Doomsday Edition,0,0,0,0
2456,99 Levels To Hell,393,455,-62,62
2457,Guns n Zombies,685,766,-81,81
2458,Narcissu 1st & 2nd,601,2332,-1731,1731
2459,Jacob Jones and the Bigfoot Mystery : Episode 1,0,0,0,0
2460,Comicado,0,0,0,0
2461,Children of Liberty,0,0,0,0
2462,A-Men,0,0,0,0
2463,BlackSoul: Extended Edition,0,106,-106,106
2464,Moebius: Empire Rising,209,129,80,80
2465,Platformines,393,233,160,160
2466,Quest for Infamy,297,0,297,297
2467,Lost Civilization,0,0,0,0
2468,Coin Crypt,393,443,-50,50
2469,Subnautica,18506,20434,-1928,1928
2470,Deadly 30,1395,1286,109,109
2471,FORCED SHOWDOWN,360,352,8,8
2472,Meridian: New World,393,398,-5,5
2473,Acceleration of SUGURI X-Edition HD,211,177,34,34
2474,Viscera Cleanup Detail: Santas Rampage,3111,3093,18,18
2475,Lords Of The Fallen(tm),8286,6584,1702,1702
2476,Gomo,679,681,-2,2
2477,Grimind,293,209,84,84
2478,Even the Ocean,0,0,0,0
2479,Dead Rising 3 Apocalypse Edition,10508,7277,3231,3231
2480,The Red Solstice,762,941,-179,179
2481,Epic Battle Fantasy 4,393,1291,-898,898
2482,Fistful of Frags,13356,17156,-3800,3800
2483,Imagine Me,522,449,73,73
2484,NaissanceE,297,746,-449,449
2485,Secret Ponchos,714,1294,-580,580
2486,Cannons Lasers Rockets,601,543,58,58
2487,Residue: Final Cut,137,0,137,137
2488,The Sandbox,335,484,-149,149
2489,Monochroma,209,345,-136,136
2490,Alpha Kimori(tm) 1,211,201,10,10
2491,Hexcells,1395,2128,-733,733
2492,Goat Simulator,61699,38929,22770,22770
2493,Ether One,297,319,-22,22
2494,Worlds of Magic,209,421,-212,212
2495,Rogues Tale,137,261,-124,124
2496,LYNE,3050,5314,-2264,2264
2497,DRAKERZ-Confrontation,194,252,-58,58
2498,Into the Dark: Ultimate Trash Edition,137,180,-43,43
2499,City of Steam: Arkadia,1287,1228,59,59
2500,Starlite: Astronaut Rescue - Developed in Collaboration with NASA,0,195,-195,195
2501,Tower of Guns,1349,723,626,626
2502,Breach & Clear,392,1260,-868,868
2503,Lost Saga NA,624,556,68,68
2504,Windforge,297,420,-123,123
2505,Astral Terra,0,105,-105,105
2506,Last Dream,297,346,-49,49
2507,Procyon,137,101,36,36
2508,Helicopter Simulator 2014: Search and Rescue,297,251,46,46
2509,GameGuru,312,735,-423,423
2510,Ethan: Meteor Hunter,312,189,123,123
2511,Calibre 10 Racing,0,0,0,0
2512,Farm for your Life,297,407,-110,110
2513,iRacing,0,357,-357,357
2514,Anarchy Arcade,2644,2194,450,450
2515,Conquest of Champions,194,251,-57,57
2516,Dark Horizons: Mechanized Corps,0,0,0,0
2517,Lili: Child of Geos - Complete Edition,312,769,-457,457
2518,Hand of Fate,3914,3709,205,205
2519,Spark Rising,0,0,0,0
2520,Alex Hunter - Lord of the Mind Platinum Edition,162,109,53,53
2521,The Labyrinth of Time,0,0,0,0
2522,Gravity Badgers,393,428,-35,35
2523,Line Of Defense Tactics - Tactical Advantage,0,0,0,0
2524,Beware Planet Earth.,297,200,97,97
2525,MURI,162,401,-239,239
2526,Batman(tm): Arkham Origins Blackgate - Deluxe Edition,1395,959,436,436
2527,The LEGO(r) Movie - Videogame,1522,1606,-84,84
2528,The Amazing Spider-Man 2(tm),824,1433,-609,609
2529,Airport Simulator 2014,312,822,-510,510
2530,Woodcutter Simulator 2013,297,490,-193,193
2531,Ground Pounders,0,0,0,0
2532,Shadowrun Chronicles - Boston Lockdown,1279,948,331,331
2533,Guilty Gear Isuka,335,237,98,98
2534,Gun Metal,575,450,125,125
2535,Glacier 3: The Meltdown,297,386,-89,89
2536,Hyper Fighters,211,353,-142,142
2537,Hostile Waters: Antaeus Rising,408,209,199,199
2538,The Evil Within,10508,6788,3720,3720
2539,Heat Signature,0,0,0,0
2540,Antisquad,297,254,43,43
2541,Grapple,297,212,85,85
2542,High Strangeness,0,0,0,0
2543,Panzer Corps,759,544,215,215
2544,XCOM(r) 2,14567,14821,-254,254
2545,The Whispered World Special Edition,1395,479,916,916
2546,From the Depths,2245,2437,-192,192
2547,The Memory of Eldurim,0,144,-144,144
2548,Zero Point,0,0,0,0
2549,Magicite,5889,5613,276,276
2550,Paranormal State: Poison Spring,297,195,102,102
2551,Doctor Who: The Adventure Games,194,404,-210,210
2552,EVGA PrecisionX 16,2644,1106,1538,1538
2553,Satellite Reign,1425,1389,36,36
2554,Masters of the World - Geopolitical Simulator 3,209,354,-145,145
2555,You Are Not The Hero,0,0,0,0
2556,The Yawhg,1022,856,166,166
2557,Super Motherload,312,306,6,6
2558,Pool Nation VR,360,426,-66,66
2559,Hero Siege,16455,10883,5572,5572
2560,Aces Wild: Manic Brawling Action!,297,278,19,19
2561,LOVE,771,899,-128,128
2562,liteCam Game: 100 FPS Game Capture,209,511,-302,302
2563,Infectonator : Survivors,360,399,-39,39
2564,Chronology,114,218,-104,104
2565,Montas,0,132,-132,132
2566,Burning Cars,0,0,0,0
2567,MorphVOX Pro - Voice Changer,0,0,0,0
2568,Bardbarian,393,1196,-803,803
2569,Zoom Player Steam Edition,0,0,0,0
2570,GTGD S1: More Than a Gamer,137,0,137,137
2571,Claustrophobia: The Downward Struggle,0,151,-151,151
2572,Arcane Worlds,0,170,-170,170
2573,A Mass of Dead,0,0,0,0
2574,RymdResa,209,152,57,57
2575,Tumblestone,50345,0,50345,50345
2576,The Golf Club,568,877,-309,309
2577,Secrets of Grindea,1395,1828,-433,433
2578,Spate,0,323,-323,323
2579,Infinite Space III: Sea of Stars,0,0,0,0
2580,Time Rifters,137,239,-102,102
2581,Snow Horse,0,0,0,0
2582,Quest of Dungeons,393,531,-138,138
2583,The Girl and the Robot,0,0,0,0
2584,//N.P.P.D. RUSH//- The milk of Ultraviolet,679,766,-87,87
2585,Block Story(tm),137,277,-140,140
2586,The Gallery - Episode 1: Call of the Starseed,864,540,324,324
2587,RUNNING WITH RIFLES,3914,3161,753,753
2588,Depression Quest,749,3461,-2712,2712
2589,1HEART,0,146,-146,146
2590,Melodys Escape,393,2661,-2268,2268
2591,Ku: Shroud of the Morrigan,137,0,137,137
2592,I Want To Be Human,0,0,0,0
2593,Cypress Inheritance: The Beginning,0,0,0,0
2594,Robot Roller-Derby Disco Dodgeball,1074,2165,-1091,1091
2595,The Forest of Doom,211,163,48,48
2596,EPOCH,0,0,0,0
2597,Yet Another Zombie Defense,5889,8367,-2478,2478
2598,Long Night,0,0,0,0
2599,Realms of Arkania 2 - Star Trail Classic,0,0,0,0
2600,Realms of Arkania 3 - Shadows over Riva Classic,0,0,0,0
2601,Etherlords,162,0,162,162
2602,Etherlords II,194,134,60,60
2603,Jones On Fire,0,0,0,0
2604,Global ATC Simulator,0,0,0,0
2605,American Truck Simulator,4693,10397,-5704,5704
2606,Offworld Trading Company,2245,1639,606,606
2607,Industry Giant 2,312,244,68,68
2608,Transport Giant,162,174,-12,12
2609,Sniper Art of Victory,405,405,0,0
2610,Tribloos 2,0,130,-130,130
2611,Space Farmers,1395,816,579,579
2612,Grand Theft Auto V,61699,136846,-75147,75147
2613,Humanity Asset,1395,379,1016,1016
2614,10 Second Ninja,312,565,-253,253
2615,Light,0,273,-273,273
2616,Dungeon Lords Steam Edition,0,0,0,0
2617,Card City Nights,393,701,-308,308
2618,Super Killer Hornet: Resurrection,575,723,-148,148
2619,Hexcells Plus,393,759,-366,366
2620,Worlds Adrift Island Creator,0,110,-110,110
2621,Hero and Daughter+,0,0,0,0
2622,Aveyond 3-1: Lord of Twilight,0,0,0,0
2623,Sub Rosa,0,0,0,0
2624,Torment: Tides of Numenera,297,176,121,121
2625,CardFile3D,0,0,0,0
2626,Shadow Blade: Reload,0,126,-126,126
2627,The Incredible Adventures of Van Helsing II,2245,1527,718,718
2628,Detective Grimoire,297,769,-472,472
2629,Vertiginous Golf,1349,849,500,500
2630,Rail Adventures,0,0,0,0
2631,GAUGE,137,183,-46,46
2632,Pro Rugby Manager 2015,0,143,-143,143
2633,The Last Federation,513,324,189,189
2634,Counter-Strike Nexon: Zombies,25537,24111,1426,1426
2635,Gunhound EX,209,159,50,50
2636,Evolve Stage 2,25537,35278,-9741,9741
2637,Over 9000 Zombies!,312,430,-118,118
2638,Descent: FreeSpace - The Great War,0,123,-123,123
2639,Freespace 2,50345,163,50182,50182
2640,Driving School Simulator,0,130,-130,130
2641,Extreme Roads USA,0,0,0,0
2642,Formula Truck 2013,0,0,0,0
2643,Towtruck Simulator 2015,114,254,-140,140
2644,Game Tycoon 1.5,280,454,-174,174
2645,Agricultural Simulator 2012: Deluxe Edition,0,0,0,0
2646,Forestry 2017 - The Simulation,0,0,0,0
2647,Mining & Tunneling Simulator,114,101,13,13
2648,Aviator - Bush Pilot,0,0,0,0
2649,Stock Car Extreme,211,330,-119,119
2650,Ski-World Simulator,0,0,0,0
2651,Snowcat Simulator,0,0,0,0
2652,Mechs & Mercs: Black Talons,0,109,-109,109
2653,Ship Simulator: Maritime Search and Rescue,297,0,297,297
2654,Rambo The Video Game: Baker Team,0,274,-274,274
2655,Hotline Miami 2: Wrong Number,10508,12055,-1547,1547
2656,Broforce,16455,16455,0,0
2657,RONIN,393,1027,-634,634
2658,OlliOlli,392,696,-304,304
2659,NOT A HERO,1349,1116,233,233
2660,Gods Will Be Watching,1494,1677,-183,183
2661,Always Sometimes Monsters,1494,1836,-342,342
2662,Dropsy,312,552,-240,240
2663,Assault Squad 2: Men of War Origins,0,0,0,0
2664,Drox Operative,209,185,24,24
2665,Darkwood,759,846,-87,87
2666,Revolution Ace,1361,1381,-20,20
2667,868-HACK,0,0,0,0
2668,Jet Car Stunts,0,112,-112,112
2669,Murder Miners,1361,2930,-1569,1569
2670,FaceRig,3050,2957,93,93
2671,Depth,10508,12632,-2124,2124
2672,Tech Executive Tycoon,0,0,0,0
2673,Influent,1395,755,640,640
2674,Punch! ViaCAD 2D/3D v9 + 3D Printing PowerPack LT,0,0,0,0
2675,Alone in the Dark: Illumination(tm),0,171,-171,171
2676,Post Master,194,196,-2,2
2677,Shelter 2,1395,1395,0,0
2678,Costume Quest 2,312,332,-20,20
2679,Westerado: Double Barreled,824,492,332,332
2680,Graviteam Tactics: Operation Star,297,254,43,43
2681,Victorian Admirals,0,0,0,0
2682,Anmynor Puzzles,0,0,0,0
2683,Sentinel 3: Homeworld,0,0,0,0
2684,Guacamelee! Super Turbo Championship Edition,1395,790,605,605
2685,Chip,408,919,-511,511
2686,Canyon Capers,1074,1849,-775,775
2687,Z Steel Soldiers,0,0,0,0
2688,Z,312,457,-145,145
2689,Summoner,771,182,589,589
2690,Warhammer 40000: Kill Team,453,689,-236,236
2691,Space Run,1395,1483,-88,88
2692,7 Wonders of the Ancient World,0,0,0,0
2693,7 Wonders: Magical Mystery Tour,0,0,0,0
2694,No Mans Sky,8701,68725,-60024,60024
2695,My Best Friends - Cats & Dogs,0,0,0,0
2696,My Vet Practice: In the Country,0,0,0,0
2697,My Riding Stables,0,0,0,0
2698,My Riding Stables: Life with Horses,0,0,0,0
2699,Riding Star,0,0,0,0
2700,My Pet Hotel,0,0,0,0
2701,My Pet Hotel 2,0,0,0,0
2702,Kingdom Tales,0,0,0,0
2703,Tales From The Dragon Mountain 2: The Lair,0,0,0,0
2704,Tango Fiesta,0,0,0,0
2705,Toy Soldiers: War Chest,0,199,-199,199
2706,Mordheim: City of the Damned,1925,3092,-1167,1167
2707,Dwelvers,0,145,-145,145
2708,FATE: Undiscovered Realms,312,126,186,186
2709,Return to Mysterious Island,0,124,-124,124
2710,Return to Mysterious Island 2,0,0,0,0
2711,VIDEOBALL,0,0,0,0
2712,Halo: Spartan Assault,3050,3067,-17,17
2713,Imperial Glory,522,610,-88,88
2714,Praetorians,194,288,-94,94
2715,The Book of Legends,297,216,81,81
2716,Battle Group 2,211,320,-109,109
2717,Farming World,194,185,9,9
2718,Shiny The Firefly,297,0,297,297
2719,Albedo: Eyes from Outer Space,297,210,87,87
2720,Tales From The Dragon Mountain: The Strix,0,0,0,0
2721,Where Angels Cry,0,0,0,0
2722,Assassins Creed Freedom Cry,824,815,9,9
2723,Kult: Heretic Kingdoms,0,0,0,0
2724,About Love Hate and the other ones,297,314,-17,17
2725,On Rusty Trails,0,0,0,0
2726,The Count of Monster Disco,0,0,0,0
2727,Sportsfriends,209,0,209,209
2728,Diehard Dungeon,393,318,75,75
2729,Shantae: Riskys Revenge - Directors Cut,749,690,59,59
2730,Mars Colony:Challenger,0,109,-109,109
2731,TUG,522,697,-175,175
2732,Deadbreed(r),2644,2513,131,131
2733,DYNASTY WARRIORS 8: Xtreme Legends Complete Edition,2245,2872,-627,627
2734,Sound Forge Audio Studio 10 - Steam Powered,0,0,0,0
2735,A Story About My Uncle,5913,6675,-762,762
2736,Spider: Rite of the Shrouded Moon,0,0,0,0
2737,0RBITALIS,211,227,-16,16
2738,Skyborn,1494,1213,281,281
2739,Aveyond 3-2: Gates of Night,0,0,0,0
2740,JUDGEMENT SILVERSWORD - Resurrection -,0,0,0,0
2741,3 Stars of Destiny,0,166,-166,166
2742,A-Train 9 V4.0 : Japan Rail Simulator,0,0,0,0
2743,Heroes of Legionwood,0,0,0,0
2744,Terrian Saga: KR-17,194,196,-2,2
2745,LA Cops,0,115,-115,115
2746,Spaceforce Homeworld,0,0,0,0
2747,Angvik,194,448,-254,254
2748,Interplanetary,714,638,76,76
2749,GIGANTIC ARMY,312,260,52,52
2750,Digger Online,10508,20146,-9638,9638
2751,9th Dawn II,0,0,0,0
2752,Making History: The Great War,297,259,38,38
2753,Ultionus: A Tale of Petty Revenge,137,205,-68,68
2754,Ohmicide,0,0,0,0
2755,Gardens Inc. - From Rakes to Riches,0,0,0,0
2756,Joe Devers Lone Wolf HD Remastered,312,288,24,24
2757,IHF Handball Challenge 14,0,0,0,0
2758,Abalone,0,0,0,0
2759,Nicolas Eymerich - The Inquisitor - Book 1 : The Plague,0,0,0,0
2760,Rage Runner,0,0,0,0
2761,Pretentious Game,0,240,-240,240
2762,Dracula 4 and  5 - Special Steam Edition,0,0,0,0
2763,Devils Dare E Mo noTiao Zhan,209,131,78,78
2764,The Troma Project,114,0,114,114
2765,The I of the Dragon,280,164,116,116
2766,3D ParticleGen Visual FX,0,0,0,0
2767,Grim Legends 2: Song of the Dark Swan,312,473,-161,161
2768,Soul Axiom,0,124,-124,124
2769,Infinity Runner,0,105,-105,105
2770,The Book of Unwritten Tales 2,312,375,-63,63
2771,Bridge Constructor Playground,297,144,153,153
2772,Gunjitsu,0,1002,-1002,1002
2773,A Wizards Lizard,393,372,21,21
2774,Millennium - A New Hope,211,211,0,0
2775,Aragami,0,0,0,0
2776,Hover : Revolt Of Gamers,209,336,-127,127
2777,Eterium,0,0,0,0
2778,Creeper World 3: Arc Eternal,1395,1489,-94,94
2779,Adventurer Manager,393,450,-57,57
2780,Interstellaria,297,285,12,12
2781,Uprising44: The Silent Shadows,0,0,0,0
2782,Pulstar,137,0,137,137
2783,KRUNCH,0,0,0,0
2784,GhostControl Inc.,0,111,-111,111
2785,Danmaku Unlimited 2,335,301,34,34
2786,BloodLust Shadowhunter,209,208,1,1
2787,Dark Shadows - Army of Evil,114,116,-2,2
2788,Krita Gemini,0,0,0,0
2789,Imagine Earth,209,124,85,85
2790,Creativerse,13356,8837,4519,4519
2791,Foosball - Street Edition,0,172,-172,172
2792,Ghostship Aftermath,0,0,0,0
2793,T.E.C. 3001,194,344,-150,150
2794,Battlepillars Gold Edition,194,267,-73,73
2795,Reversion - The Meeting (2nd Chapter),137,0,137,137
2796,Adventure Chronicles: The Search For Lost Treasure,0,0,0,0
2797,Desert Gunner,0,0,0,0
2798,Mashed,0,176,-176,176
2799,US and THEM,0,0,0,0
2800,Real Horror Stories Ultimate Edition,1245,1245,0,0
2801,ORB,0,0,0,0
2802,Ubersoldier II,0,255,-255,255
2803,Clans,0,105,-105,105
2804,Disciples Sacred Lands Gold,0,0,0,0
2805,Wings Over Europe,0,0,0,0
2806,Homeworld: Deserts of Kharak,1925,2011,-86,86
2807,The Banner Saga 2,864,711,153,153
2808,The Legend of Korra(tm),2245,3253,-1008,1008
2809,Munin,297,189,108,108
2810,4PM,0,220,-220,220
2811,Indie Graphics Bundle - Royalty Free Sprites,0,0,0,0
2812,Splatter - Blood Red Edition,137,171,-34,34
2813,Woolfe - The Red Hood Diaries,312,947,-635,635
2814,Stellaris,16455,9324,7131,7131
2815,Carmageddon 2: Carpocalypse Now,312,270,42,42
2816,MX vs. ATV Supercross Encore,209,392,-183,183
2817,This War of Mine,18506,19903,-1397,1397
2818,SOMA,5913,6144,-231,231
2819,Sid Meiers Starships,1395,1737,-342,342
2820,NBA 2K15,5913,3635,2278,2278
2821,Future Perfect,0,0,0,0
2822,SuperPower 2 Steam Edition,393,943,-550,550
2823,Quake Live(tm),9269,10249,-980,980
2824,Castlevania: Lords of Shadow - Mirror of Fate HD,513,612,-99,99
2825,RollerCoaster Tycoon World(tm),636,2847,-2211,2211
2826,Star Ruler 2,759,511,248,248
2827,The Battle of Sol,0,0,0,0
2828,LOST ORBIT,0,0,0,0
2829,Warring States,0,0,0,0
2830,Organic Panic,0,0,0,0
2831,Circuits,1395,1710,-315,315
2832,Stick Em Up 2: Paper Adventures,0,106,-106,106
2833,100% Orange Juice,1522,5045,-3523,3523
2834,FaeVerse Alchemy,762,252,510,510
2835,Hyperdimension Neptunia Re;Birth1 / Chao Ci Ci Yuan geimu neputeyunuRe;Birth1,3050,6149,-3099,3099
2836,Atajrubah,0,0,0,0
2837,Strategic War in Europe,194,103,91,91
2838,The Campaign Series: Fall Weiss,0,0,0,0
2839,Paper Dungeons,137,0,137,137
2840,Super Chibi Knight,137,181,-44,44
2841,Colonies Online,0,190,-190,190
2842,The Samaritan Paradox,297,101,196,196
2843,Spoiler Alert,393,833,-440,440
2844,Jagged Alliance 1: Gold Edition,0,0,0,0
2845,Nosferatu: The Wrath of Malachi,1494,1650,-156,156
2846,Soulbringer,0,0,0,0
2847,Desert Thunder,0,159,-159,159
2848,Marine Sharpshooter II: Jungle Warfare,522,506,16,16
2849,Incoming Forces,174,174,0,0
2850,CT Special Forces: Fire for Effect,0,130,-130,130
2851,Zooloretto,0,0,0,0
2852,The Secret Of Hildegards,0,0,0,0
2853,IHF Handball Challenge 12,0,0,0,0
2854,Munich Bus Simulator,0,105,-105,105
2855,New York Bus Simulator,0,0,0,0
2856,World of Subways 2 - Berlin Line 7,0,0,0,0
2857,World of Subways 3 - London Underground Circle Line,0,198,-198,198
2858,Salt and Sanctuary,1395,2021,-626,626
2859,Rabbit Hole 3D: Steam Edition,293,288,5,5
2860,Astebreed,824,927,-103,103
2861,ALLTYNEX Second,0,0,0,0
2862,Heroines Quest: The Herald of Ragnarok,393,686,-293,293
2863,Freddi Fish and The Case of the Missing Kelp Seeds,297,189,108,108
2864,Pajama Sam: No Need to Hide When Its Dark Outside,312,386,-74,74
2865,Putt-Putt(r) and Peps Balloon-o-Rama,0,0,0,0
2866,Freddi Fish and Luthers Maze Madness,0,0,0,0
2867,Sanitarium,137,170,-33,33
2868,Lost Squad,0,0,0,0
2869,Unclaimed World,0,0,0,0
2870,Magicians & Looters,0,0,0,0
2871,Robot Rescue Revolution,0,0,0,0
2872,Diadra Empty,0,0,0,0
2873,Maize,0,0,0,0
2874,PANORAMICAL,0,120,-120,120
2875,Farm Machines Championships 2014,0,106,-106,106
2876,Cornerstone: The Song of Tyrim,0,0,0,0
2877,DeadCore,1395,1212,183,183
2878,ZAMB! Biomutant Extermination,0,0,0,0
2879,Tremor,0,0,0,0
2880,Abyss: The Wraiths of Eden,393,650,-257,257
2881,Dark Arcana: The Carnival,194,243,-49,49
2882,Enigmatis: The Ghosts of Maple Creek,312,392,-80,80
2883,Enigmatis 2: The Mists of Ravenwood,685,555,130,130
2884,Nightmares from the Deep 2: The Siren`s Call,393,395,-2,2
2885,Nightmares from the Deep 3: Davy Jones,1051,311,740,740
2886,Clockwork Tales: Of Glass and Ink,453,511,-58,58
2887,Grim Legends: The Forsaken Bride,685,584,101,101
2888,9 Clues: The Secret of Serpent Creek,685,685,0,0
2889,Left in the Dark: No One on Board,312,283,29,29
2890,Purgatory: War of the Damned,0,0,0,0
2891,Speed Kills,211,125,86,86
2892,Pixel Puzzles: Japan,1395,1950,-555,555
2893,Project Root,0,0,0,0
2894,Solarix,0,204,-204,204
2895,Pixel Puzzles: UndeadZ,393,340,53,53
2896,Showtime!,297,306,-9,9
2897,Between Me and The Night,312,0,312,312
2898,GearCity,209,313,-104,104
2899,Battleplan: American Civil War,0,0,0,0
2900,LEGO(r) The Hobbit(tm),1522,2282,-760,760
2901,Warhammer(r) 40000(tm): Dawn of War(r) III,0,0,0,0
2902,RollerCoaster Tycoon(r): Deluxe,3650,1754,1896,1896
2903,RollerCoaster Tycoon(r) 2: Triple Thrill Pack,1002,1272,-270,270
2904,Kingdom Elemental,0,0,0,0
2905,Deadly Sin 2,0,0,0,0
2906,The Entente Gold,293,392,-99,99
2907,Hard Truck Apocalypse / Ex Machina,568,670,-102,102
2908,ACE - Arena: Cyber Evolution,1002,1086,-84,84
2909,Galactic Command Echo Squad SE,0,0,0,0
2910,Action Henk,312,295,17,17
2911,Enemy Mind,1395,643,752,752
2912,Gang Beasts,5889,5889,0,0
2913,Q*bert: Rebooted,0,134,-134,134
2914,Kromaia,0,0,0,0
2915,Dead Effect,1395,2080,-685,685
2916,Eidolon,297,259,38,38
2917,Tabletop Simulator,8701,5272,3429,3429
2918,Pier Solar and the Great Architects,0,0,0,0
2919,Dog Sled Saga,0,0,0,0
2920,fault - milestone one,312,641,-329,329
2921,Oknytt,293,242,51,51
2922,FarSky,1395,2889,-1494,1494
2923,Shadows on the Vatican Act I: Greed,1395,580,815,815
2924,Strata,137,282,-145,145
2925,Rover Rescue,0,0,0,0
2926,Black Mirror III,114,0,114,114
2927,Viking Brothers,0,0,0,0
2928,Nearwood - Collectors Edition,0,154,-154,154
2929,F1 2015,636,2170,-1534,1534
2930,Avoid - Sensory Overload,0,169,-169,169
2931,Metro 2033 Redux,8701,8504,197,197
2932,Gunship!,0,0,0,0
2933,Zoo Empire,0,0,0,0
2934,Shadow Ops: Red Mercury,0,0,0,0
2935,Falcon A.T.,0,0,0,0
2936,Hard Truck Apocalypse: Rise Of Clans / Ex Machina: Meridian 113,297,337,-40,40
2937,Hard Truck Apocalypse: Arcade / Ex Machina: Arcade,137,102,35,35
2938,Disney Planes,0,0,0,0
2939,Crouching Pony Hidden Dragon,0,0,0,0
2940,Harvester,297,374,-77,77
2941,Battle Academy,209,0,209,209
2942,Chaos Domain,771,734,37,37
2943,Ionball 2: Ionstorm,601,461,140,140
2944,Toybox Turbos,824,531,293,293
2945,Resident Evil Revelations 2 / Biohazard Revelations 2,5889,7066,-1177,1177
2946,Colin McRae Rally,1349,1430,-81,81
2947,CoH 2 - The Western Front Armies: US Forces,0,0,0,0
2948,CoH 2 - The Western Front Armies: Oberkommando West,0,0,0,0
2949,Metro: Last Light Redux,8701,6677,2024,2024
2950,Rise of Nations: Extended Edition,4693,3142,1551,1551
2951,Sunset,0,175,-175,175
2952,METAL GEAR SOLID V: THE PHANTOM PAIN,23290,26956,-3666,3666
2953,Nostradamus: The Last Prophecy,0,0,0,0
2954,The Witchs Yarn,0,0,0,0
2955,Derrick the Deathfin,0,0,0,0
2956,TY the Tasmanian Tiger 4,0,164,-164,164
2957,8-Bit Commando,522,168,354,354
2958,Pro Pinball Ultra,0,0,0,0
2959,Mortal Online,1361,2011,-650,650
2960,Oncoming Death Steam Edition,0,0,0,0
2961,Rex Rocket,137,164,-27,27
2962,Actual Sunlight,0,323,-323,323
2963,Whispering Willows,771,389,382,382
2964,MechRunner,0,0,0,0
2965,Dungeonmans,209,326,-117,117
2966,The Room,3570,4054,-484,484
2967,Backstage Pass,0,142,-142,142
2968,Conflicks - Revolutionary Space Battles,0,147,-147,147
2969,Strike Suit Zero: Directors Cut,211,237,-26,26
2970,Deckadance 2,0,0,0,0
2971,Fable Anniversary,4693,2999,1694,1694
2972,Black Rainbow,0,0,0,0
2973,Kingdom Tales 2,0,0,0,0
2974,Sharpe Investigations: Death on the Seine,0,0,0,0
2975,HTR+ Slot Car Simulation,0,0,0,0
2976,Myths Of Orion,0,0,0,0
2977,Demolition Master 3D,0,0,0,0
2978,Redneck Racers,0,0,0,0
2979,Hotel Collectors Edition,0,0,0,0
2980,White Haven Mysteries,0,0,0,0
2981,Voodoo Whisperer Curse of a Legend,0,0,0,0
2982,Haunted Past: Realm of Ghosts,0,0,0,0
2983,Pineview Drive,297,324,-27,27
2984,The Charnel House Trilogy,0,284,-284,284
2985,Dark Lore Mysteries: The Hunt For Truth,0,0,0,0
2986,Shannon Tweeds Attack Of The Groupies,0,0,0,0
2987,Endless Legend(tm),8701,7008,1693,1693
2988,A.I.M.2 Clan Wars,0,136,-136,136
2989,Ascension to the Throne,0,123,-123,123
2990,BorderZone,0,0,0,0
2991,Perimeter: Emperors Testament,0,0,0,0
2992,Dreamscapes: The Sandman - Premium Edition,0,0,0,0
2993,El Matador,0,137,-137,137
2994,Fairy Tale About Father Frost Ivan and Nastya,0,0,0,0
2995,Freight Tycoon Inc.,194,154,40,40
2996,Konung 2,0,0,0,0
2997,Konung 3: Ties of the Dynasty,0,0,0,0
2998,Parkan 2,194,158,36,36
2999,Planet Alcatraz,0,161,-161,161
3000,Perimeter,0,0,0,0
3001,RC Cars,0,117,-117,117
3002,The Tomorrow War,0,0,0,0
3003,UFO: Aftershock,162,0,162,162
3004,Kings Bounty: Dark Side,393,566,-173,173
3005,Aggression: Europe Under Fire,0,0,0,0
3006,Collapse,297,297,0,0
3007,Assassins Creed(r) Unity,5913,10465,-4552,4552
3008,LARA CROFT AND THE TEMPLE OF OSIRIS(tm),624,872,-248,248
3009,ROCKETSROCKETSROCKETS,453,481,-28,28
3010,Requiem: Rise of the Reaver,314,318,-4,4
3011,Dracula 2: The Last Sanctuary,0,0,0,0
3012,Dracula 3: The Path of the Dragon,0,0,0,0
3013,762 High Calibre,293,177,116,116
3014,Ropeway Simulator 2014,0,0,0,0
3015,TransOcean: The Shipping Company,513,675,-162,162
3016,Construction Simulator 2015,1522,1809,-287,287
3017,DubWars,0,140,-140,140
3018,LogicBots,0,0,0,0
3019,Retro Game Crunch,0,137,-137,137
3020,Glitchspace,0,201,-201,201
3021,Life is Feudal: Your Own,8286,6745,1541,1541
3022,Echo of Soul,2644,1455,1189,1189
3023,Volt,293,212,81,81
3024,Rebel Galaxy,3050,3100,-50,50
3025,Armello,2245,2645,-400,400
3026,Micron,0,125,-125,125
3027,Falling Skies: The Game,0,0,0,0
3028,QUALIA 3: Multi Agent,0,0,0,0
3029,Legionwood 2: Rise of the Eternals Realm - Directors Cut,0,0,0,0
3030,The Flock,0,265,-265,265
3031,Clandestine,209,167,42,42
3032,My Lands: Black Gem Hunting,408,3251,-2843,2843
3033,Grey Goo,3050,2413,637,637
3034,Colossal Kaiju Combat(tm): Kaijuland Battles,0,0,0,0
3035,You Must Build A Boat,393,492,-99,99
3036,1849,297,198,99,99
3037,Flower Shop: Summer In Fairbrook,0,110,-110,110
3038,The Hat Man: Shadow Ward,1494,2973,-1479,1479
3039,Always Remember Me,209,232,-23,23
3040,Planet Stronghold,0,0,0,0
3041,Slip,0,113,-113,113
3042,I Get This Call Every Day,0,0,0,0
3043,Akane the Kunoichi,393,570,-177,177
3044,Evolution RTS,280,345,-65,65
3045,Royal Defense,194,133,61,61
3046,Heroes of Steel RPG,137,138,-1,1
3047,Jumpdrive,0,113,-113,113
3048,Vitrum,0,0,0,0
3049,Motte Island,0,0,0,0
3050,Undead Overlord,0,143,-143,143
3051,Three Dead Zed,137,0,137,137
3052,Lost Marbles,0,0,0,0
3053,Smugglers 5,0,122,-122,122
3054,Warface 2016: Anubis,25537,24336,1201,1201
3055,Brawlhalla,25537,27890,-2353,2353
3056,Growing Pains,0,0,0,0
3057,Mirror Mysteries 2,0,0,0,0
3058,Pillars of Eternity,8701,7812,889,889
3059,Empathy,0,0,0,0
3060,The Lost Crown,297,137,160,160
3061,The Last Crown: Blackenrock,0,0,0,0
3062,The Last Crown: Midnight Horror,0,0,0,0
3063,Pit People,0,0,0,0
3064,Firefighters 2014,312,362,-50,50
3065,Industry Empire,211,179,32,32
3066,The Witcher(r) 3: Wild Hunt,61699,50325,11374,11374
3067,Titanfall - The Final Hours,137,288,-151,151
3068,Rube Works: The Official Rube Goldberg Invention Game,0,0,0,0
3069,UFO: Aftermath,0,0,0,0
3070,X-Plane 10 Global - 64 Bit,513,814,-301,301
3071,Crazy Plant Shop,194,202,-8,8
3072,Game Character Hub,1395,224,1171,1171
3073,Spy Fox 2 Some Assembly Required,0,0,0,0
3074,Spy Fox 3 Operation Ozone,0,0,0,0
3075,Spy Fox In: Cheese Chase,0,0,0,0
3076,Spy Fox In: Hold the Mustard,0,0,0,0
3077,Starship Corporation,0,131,-131,131
3078,GTGD S2: Just One Dev,0,0,0,0
3079,DarkEnd,513,0,513,513
3080,Racer 8,736,1271,-535,535
3081,Realms of the Haunting,312,278,34,34
3082,Unrest,209,115,94,94
3083,Street Racing Syndicate,1074,1205,-131,131
3084,Panzer Elite Action Gold Edition,0,0,0,0
3085,Magical Battle Festa,297,239,58,58
3086,Kero Blaster,137,184,-47,47
3087,Chompy Chomp Chomp,393,211,182,182
3088,Duet,335,406,-71,71
3089,Pressured,679,389,290,290
3090,Uriels Chasm,2598,2727,-129,129
3091,Princess Isabella,0,0,0,0
3092,Princess Isabella - Return of the Curse,0,0,0,0
3093,Rise of Prussia Gold,0,0,0,0
3094,Pajama Sam 2: Thunder and Lightning Arent So Frightening,0,0,0,0
3095,Pajama Sam 3: You Are What You Eat From Your Head To Your Feet,0,0,0,0
3096,Pajama Sam 4: Life Is Rough When You Lose Your Stuff!,0,0,0,0
3097,Pajama Sams Sock Works,0,0,0,0
3098,Robins Quest,0,0,0,0
3099,Deponia: The Complete Journey,1925,1110,815,815
3100,Black Mirror,297,297,0,0
3101,NOBUNAGAS AMBITION: Souzou (Traditional Chinese version),209,145,64,64
3102,AntharioN,0,127,-127,127
3103,Sentinel,0,0,0,0
3104,H-Hour: Worlds Elite,137,687,-550,550
3105,Cosmochoria,211,369,-158,158
3106,Card Hunter,2644,2699,-55,55
3107,Wander,0,107,-107,107
3108,Coma: Mortuary,297,735,-438,438
3109,The Good Life,0,0,0,0
3110,Heldric - The legend of the shoemaker,0,0,0,0
3111,Elliot Quest,0,0,0,0
3112,I Shall Remain,0,108,-108,108
3113,FRONTIERS,0,0,0,0
3114,Amazing World(tm),1522,2313,-791,791
3115,Carnivores: Dinosaur Hunter Reborn,209,336,-127,127
3116,Guns and Robots,2644,1625,1019,1019
3117,TRI: Of Friendship and Madness,209,232,-23,23
3118,Cinders,297,446,-149,149
3119,Dark Raid,0,114,-114,114
3120,Road Not Taken,312,233,79,79
3121,Automation - The Car Company Tycoon Game,759,734,25,25
3122,Crawl,1395,1715,-320,320
3123,Classroom Aquatic,0,0,0,0
3124,Cult of the Wind,297,403,-106,106
3125,White Noise Online,312,432,-120,120
3126,Pivvot,137,213,-76,76
3127,Spirited Heart Deluxe,0,0,0,0
3128,Kill The Bad Guy,393,256,137,137
3129,Spice Road,0,0,0,0
3130,Baron Wittard: Nemesis of Ragnarok,0,0,0,0
3131,Knight Squad,312,177,135,135
3132,Merchants of Kaidan,1395,293,1102,1102
3133,Loot Hero DX,393,392,1,1
3134,Aarus Awakening,0,0,0,0
3135,RimWorld,4693,4861,-168,168
3136,They Breathe,293,895,-602,602
3137,Galcon 2: Galactic Conquest,601,687,-86,86
3138,A-Men 2,0,0,0,0
3139,Scooby Doo! & Looney Tunes Cartoon Universe: Adventure,0,0,0,0
3140,Crowntakers,312,234,78,78
3141,Escape The Lost Kingdom: The Forgotten Pharaoh,0,0,0,0
3142,Shadowgate (2014),513,414,99,99
3143,Fenix Rage,211,121,90,90
3144,Freddi Fish 2: The Case of the Haunted Schoolhouse,0,0,0,0
3145,Freddi Fish 3: The Case of the Stolen Conch Shell,0,0,0,0
3146,Freddi Fish 4: The Case of the Hogfish Rustlers of Briny Gulch,0,0,0,0
3147,Freddi Fish and Luthers Water Worries,0,0,0,0
3148,Wars and Warriors: Joan of Arc,0,0,0,0
3149,Putt-Putt(r) Travels Through Time,0,0,0,0
3150,Putt-Putt(r) Joins the Circus,0,0,0,0
3151,Putt-Putt(r): Peps Birthday Surprise,0,0,0,0
3152,Putt-Putt(r) and Peps Dog on a Stick,0,0,0,0
3153,Putt-Putt(r) and Fatty Bears Activity Pack,0,0,0,0
3154,Marine Park Empire,0,0,0,0
3155,Anomaly Defenders,297,143,154,154
3156,Haegemonia: Legions of Iron,194,0,194,194
3157,Haegemonia: The Solon Heritage,0,0,0,0
3158,BlazBlue: Continuum Shift Extend,759,813,-54,54
3159,RECYCLE,137,178,-41,41
3160,Valkyria Chronicles(tm),8286,6554,1732,1732
3161,H1Z1 : Just Survive,61699,70765,-9066,9066
3162,Stranded,162,324,-162,162
3163,Schrodingers Cat And The Raiders Of The Lost Quark,137,0,137,137
3164,Royal Quest,1522,1066,456,456
3165,Inescapable,0,113,-113,113
3166,Defense Zone 2,0,0,0,0
3167,Hive Jump,0,0,0,0
3168,PARTICLE MACE,749,1011,-262,262
3169,Darkwind: War on Wheels,314,402,-88,88
3170,Sweezy Gunner,194,212,-18,18
3171,The Floor is Jelly,137,242,-105,105
3172,Rogue Shooter: The FPS Roguelike,137,327,-190,190
3173,Never Alone (Kisima Ingitchuna),5913,3909,2004,2004
3174,Vlad the Impaler,137,293,-156,156
3175,The Dungeoning,0,0,0,0
3176,Olympia Rising,0,0,0,0
3177,Swipecart,393,548,-155,155
3178,Evopollution,137,102,35,35
3179,NeonXSZ,0,0,0,0
3180,Qasir al-Wasat: International Edition,0,0,0,0
3181,Battlepaths,1395,676,719,719
3182,MIND: Path to Thalamus Enhanced Edition,393,953,-560,560
3183,G-Ball,0,0,0,0
3184,Iron Storm,0,0,0,0
3185,Farm Frenzy 4,0,159,-159,159
3186,The Promised Land,137,370,-233,233
3187,TownCraft,0,0,0,0
3188,Ballistic Overkill,137,766,-629,629
3189,Mount Your Friends,5889,4608,1281,1281
3190,Magnetic By Nature,137,0,137,137
3191,Coldfire Keep,0,0,0,0
3192,Niko: Through The Dream,0,0,0,0
3193,Lords of Xulima,568,675,-107,107
3194,Draconian Wars,0,0,0,0
3195,Kraven Manor,297,275,22,22
3196,The Great Jitters: Pudding Panic,0,0,0,0
3197,Monstrum,864,815,49,49
3198,Viktor,137,110,27,27
3199,Real Boxing(tm),393,898,-505,505
3200,Jump Tanks,0,0,0,0
3201,Lucius II,513,683,-170,170
3202,Al Emmo and the Lost Dutchmans Mine,0,0,0,0
3203,Dreaming Sarah,393,713,-320,320
3204,Neon Shadow,0,0,0,0
3205,8BitBoy(tm),780,1442,-662,662
3206,Ascendant,297,167,130,130
3207,Renowned Explorers: International Society,1395,1173,222,222
3208,Heroes(r) of Might & Magic(r) III - HD Edition,4693,2954,1739,1739
3209,The Culling Of The Cows,3050,2562,488,488
3210,Nicolas Eymerich The Inquisitor Book II : The Village,0,0,0,0
3211,Navpoint,0,0,0,0
3212,Beyond Space,137,147,-10,10
3213,Heavy Bullets,393,824,-431,431
3214,Titan Souls,1522,2038,-516,516
3215,Famaze,280,297,-17,17
3216,Exodus Wars: Fractured Empire,0,0,0,0
3217,Pro Wrestling X,0,101,-101,101
3218,Arcadecraft,0,106,-106,106
3219,Hero of Many,0,102,-102,102
3220,Collateral,0,0,0,0
3221,Trace Vector,0,0,0,0
3222,Zombies on a Plane,0,109,-109,109
3223,Xsyon - Prelude,0,150,-150,150
3224,Warrior Kings,0,0,0,0
3225,Monsters Ate My Birthday Cake,0,0,0,0
3226,Rockos Quest,0,0,0,0
3227,Super Rad Raygun,0,0,0,0
3228,Corpse of Discovery,0,138,-138,138
3229,Overruled!,0,0,0,0
3230,Close Combat - Gateway to Caen,209,194,15,15
3231,Landmark,280,2075,-1795,1795
3232,Split/Second,297,399,-102,102
3233,Space Colony: Steam Edition,211,140,71,71
3234,Escape The Museum,0,0,0,0
3235,Total Annihilation,174,636,-462,462
3236,Far Cry(r) 4,8701,11878,-3177,3177
3237,Rhiannon: Curse of the Four Branches,0,0,0,0
3238,Eldevin,1074,1166,-92,92
3239,The Desolate Hope,335,541,-206,206
3240,Terraformer Expedition to Mars,0,0,0,0
3241,Red Crucible(r): Firestorm,6824,5998,826,826
3242,Only If,3920,5511,-1591,1591
3243,XenoRaptor,0,0,0,0
3244,UFO Online: Fight for Earth,0,0,0,0
3245,FLASHOUT 2,137,179,-42,42
3246,Immortal Defense,0,0,0,0
3247,Knightmare Tower,137,350,-213,213
3248,Victory At Sea,297,320,-23,23
3249,Captain Forever Remix,360,178,182,182
3250,Lovely Planet,1395,1843,-448,448
3251,Rock Boshers DX: Directors Cut,0,0,0,0
3252,Millennium 2 - Take Me Higher,0,0,0,0
3253,Millennium 3 - Cry Wolf,0,0,0,0
3254,Millennium 4 - Beyond Sunset,0,0,0,0
3255,Adventure Time: The Secret Of The Nameless Kingdom,0,0,0,0
3256,Space Hulk - Deathwing,0,0,0,0
3257,Darkness Within 1: In Pursuit of Loath Nolder,137,192,-55,55
3258,Darkness Within 2: The Dark Lineage,0,0,0,0
3259,Runaway Express Mystery,0,0,0,0
3260,Blood: One Unit Whole Blood,522,563,-41,41
3261,Warrior Kings: Battles,0,0,0,0
3262,Cosplay Maker,0,0,0,0
3263,Back To Life 2,0,0,0,0
3264,Theatre Of The Absurd,0,129,-129,129
3265,Empress Of The Deep,0,0,0,0
3266,Empress Of The Deep 2: Song Of The Blue Whale,0,0,0,0
3267,Vault Cracker,0,0,0,0
3268,Millionaire Manor,0,0,0,0
3269,European Ship Simulator,568,422,146,146
3270,Habitat,297,181,116,116
3271,Masquerade: The Baubles of Doom,0,0,0,0
3272,CubeGun,393,237,156,156
3273,Rooks Keep,137,0,137,137
3274,Woodle Tree Adventures,4693,4691,2,2
3275,International Snooker,114,245,-131,131
3276,Abducted,0,0,0,0
3277,6180 the moon,137,349,-212,212
3278,Terrorhedron,601,855,-254,254
3279,Miscreated,10508,8743,1765,1765
3280,Noir Syndrome,297,151,146,146
3281,The Land of Eyas,0,0,0,0
3282,Paradigm Shift,0,0,0,0
3283,Metal Planet,0,0,0,0
3284,Forgotten Myths CCG,0,0,0,0
3285,Divine Souls F2P MMO,1002,857,145,145
3286,ADR1FT,864,606,258,258
3287,Total War Battles: KINGDOM,2644,2754,-110,110
3288,Bridge!,0,0,0,0
3289,Urban Legends(tm),0,0,0,0
3290,Victim of Xen,393,420,-27,27
3291,Planetoid Pioneers,0,0,0,0
3292,Adventurezator: When Pigs Fly,0,0,0,0
3293,Ichi,393,450,-57,57
3294,The Few,137,127,10,10
3295,Lemma,209,196,13,13
3296,Evil Pumpkin: The Lost Halloween,137,0,137,137
3297,Unpossible,0,0,0,0
3298,Them - The Summoning,0,0,0,0
3299,Sweet Lily Dreams,312,115,197,197
3300,Shadowrun: Dragonfall - Directors Cut,10508,2557,7951,7951
3301,Infinifactory,636,835,-199,199
3302,GALAK-Z,685,302,383,383
3303,Pure Pool,0,184,-184,184
3304,Flyhunter Origins,0,0,0,0
3305,Pure Chess Grandmaster Edition,0,0,0,0
3306,Epsilon,0,0,0,0
3307,Disney*Pixar Toy Story 3: The Video Game,0,0,0,0
3308,JUJU,0,0,0,0
3309,Monster Challenge Circus,0,0,0,0
3310,Fiesta Online NA,280,377,-97,97
3311,Eastside Hockey Manager,273,543,-270,270
3312,The Treasures of Montezuma 4,0,257,-257,257
3313,Frederic: Resurrection of Music,393,625,-232,232
3314,Legends of Persia,0,115,-115,115
3315,SPORT1 Live : Duel,0,0,0,0
3316,Gardens Inc. 2: The Road to Fame,0,0,0,0
3317,Chicken Invaders 4,0,166,-166,166
3318,NoLimits 2 Roller Coaster Simulation,211,257,-46,46
3319,Kill Fun Yeah,0,0,0,0
3320,Date Warp,0,0,0,0
3321,Third Eye Crime,0,0,0,0
3322,Electronic Super Joy: Groove City,335,569,-234,234
3323,BOMB: Who let the dogfight?,0,0,0,0
3324,Robocraft,79439,71023,8416,8416
3325,Rhythm Destruction,335,112,223,223
3326,White Night,209,173,36,36
3327,Zombie Army Trilogy,5889,3962,1927,1927
3328,Battlezone 98 Redux,360,316,44,44
3329,Salammbo: Battle for Carthage,0,0,0,0
3330,Psichodelya,0,0,0,0
3331,Cobi Treasure Deluxe,194,257,-63,63
3332,Numba Deluxe,0,140,-140,140
3333,300 Dwarves,0,0,0,0
3334,Castle: Never Judge a Book by its Cover,0,118,-118,118
3335,RADical ROACH Deluxe Edition,1187,835,352,352
3336,Disney*Pixar Cars 2: The Video Game,0,0,0,0
3337,Disney*Pixar Brave: The Video Game,0,0,0,0
3338,Submerged,137,423,-286,286
3339,Saints Row: Gat out of Hell,2664,4481,-1817,1817
3340,War of the Human Tanks - ALTeR,0,0,0,0
3341,War of the Human Tanks - Limited Operations,0,0,0,0
3342,Screencheat,1349,739,610,610
3343,Pirates of the Caribbean: At Worlds End,0,0,0,0
3344,School Bus Fun,137,0,137,137
3345,The Blue Flamingo,280,421,-141,141
3346,Trucks & Trailers,392,221,171,171
3347,Bus Driver,749,712,37,37
3348,Small Town Terrors Pilgrims Hook Collectors Edition,0,0,0,0
3349,House of 1000 Doors: The Palm of Zoroaster Collectors Edition,0,0,0,0
3350,Brink of Consciousness: Dorian Gray Syndrome Collectors Edition,0,146,-146,146
3351,The Egyptian Prophecy: The Fate of Ramses,0,0,0,0
3352,Voyage: Journey to the Moon,0,0,0,0
3353,Amerzone: The Explorers Legacy,0,0,0,0
3354,Curse: The Eye of Isis,0,0,0,0
3355,Manhunter,0,592,-592,592
3356,Dungeon Defenders Eternity,1395,1596,-201,201
3357,Infinite Game Works Episode 0,0,0,0,0
3358,Dungeon of Elements,137,138,-1,1
3359,Tex Murphy: Mean Streets,0,0,0,0
3360,Tex Murphy: Martian Memorandum,0,0,0,0
3361,Tex Murphy: Under a Killing Moon,0,0,0,0
3362,Tex Murphy: The Pandora Directive,0,0,0,0
3363,Tex Murphy: Overseer,0,0,0,0
3364,Floating Point,2644,2898,-254,254
3365,Roadside Assistance Simulator,0,0,0,0
3366,I Am Vegend - Zombiegeddon,0,0,0,0
3367,Ballad of Solar,0,0,0,0
3368,Ryse: Son of Rome,8286,9524,-1238,1238
3369,Dangerous,0,0,0,0
3370,Of Guards And Thieves,297,454,-157,157
3371,Cyto,0,0,0,0
3372,Call to Arms,1425,1425,0,0
3373,Metal Dead,194,335,-141,141
3374,BlazeRush,453,724,-271,271
3375,Namariel Legends: Iron Lord Premium Edition,0,0,0,0
3376,The Counting Kingdom,0,0,0,0
3377,Momodora III,335,466,-131,131
3378,BLOCKADE 3D,25537,19051,6486,6486
3379,Team Indie,0,0,0,0
3380,Stained,0,0,0,0
3381,The House,0,0,0,0
3382,Heileen 1: Sail Away,137,0,137,137
3383,Radiant Defense,0,0,0,0
3384,TRISTOY,137,0,137,137
3385,OZMAFIA!!,0,141,-141,141
3386,The House in Fata Morgana,0,0,0,0
3387,Concursion,0,0,0,0
3388,Dead Bits,10508,7312,3196,3196
3389,Dysan the Shapeshifter,137,0,137,137
3390,Roundabout,297,323,-26,26
3391,Rush for Glory,0,0,0,0
3392,Dungeons: The Eye of Draconus,137,130,7,7
3393,Sentris,0,0,0,0
3394,Adventures of Pip,0,127,-127,127
3395,Hidden in Plain Sight,0,128,-128,128
3396,FATE: The Cursed King,211,111,100,100
3397,Monomino,0,0,0,0
3398,#KILLALLZOMBIES,0,0,0,0
3399,Faery - Legends of Avalon,312,328,-16,16
3400,The Witcher Adventure Game,393,439,-46,46
3401,Rugby 15,0,0,0,0
3402,Motorcycle Club,0,0,0,0
3403,Point Perfect,0,146,-146,146
3404,Machines At War 3,0,0,0,0
3405,Blinding Dark,0,0,0,0
3406,Triblaster,0,0,0,0
3407,Time of Fury,0,0,0,0
3408,CAPSULE,0,0,0,0
3409,ArcheAge,3920,3906,14,14
3410,Trove,40879,40879,0,0
3411,Bloodbath,0,0,0,0
3412,Kick-Ass 2,0,141,-141,141
3413,Bloonz Toonz,0,0,0,0
3414,Resident Evil / biohazard HD REMASTER,3050,4024,-974,974
3415,Heroes Rise: The Hero Project,137,140,-3,3
3416,INSIDE,5913,5625,288,288
3417,Rooms: The Main Building,312,125,187,187
3418,Agents of Mayhem,0,0,0,0
3419,FreakOut: Extreme Freeride,0,0,0,0
3420,CITYCONOMY: Service for your City,209,163,46,46
3421,SUNLESS SEA,3050,3120,-70,70
3422,Aeon Command,194,296,-102,102
3423,Star Sonata 2,0,0,0,0
3424,Voodoo Chronicles: The First Sign HD - Directors Cut Edition,0,0,0,0
3425,TesserAct,0,0,0,0
3426,Sky Gamblers: Storm Raiders,0,141,-141,141
3427,SolidFace Parametric CAD Modeler 2D/3D,0,0,0,0
3428,Outland,1395,815,580,580
3429,FIST OF AWESOME,137,265,-128,128
3430,Battle Islands,1522,3136,-1614,1614
3431,Cakewalk Loop Manager,174,0,174,174
3432,Blue Estate The Game,312,624,-312,312
3433,World War 2: Time of Wrath,0,0,0,0
3434,FranknJohn,0,0,0,0
3435,Heileen 2: The Hands Of Fate,0,0,0,0
3436,Heileen 3: New Horizons,209,0,209,209
3437,Trapped Dead: Lockdown,0,0,0,0
3438,Servo,0,0,0,0
3439,The Long Dark,16455,17660,-1205,1205
3440,Shattered Planet,368,384,-16,16
3441,Infect and Destroy,0,0,0,0
3442,Heroes of Issachar,0,0,0,0
3443,Echo of the Wilds,137,101,36,36
3444,POP: Methodology Experiment One,0,0,0,0
3445,Cute Things Dying Violently,0,0,0,0
3446,Shallow Space,0,0,0,0
3447,AutoTileGen,0,0,0,0
3448,Leonas Tricky Adventures,0,0,0,0
3449,Another Perspective,137,234,-97,97
3450,Project AURA,209,262,-53,53
3451,Dragon: The Game,209,559,-350,350
3452,Heavy Fire: Afghanistan,293,260,33,33
3453,Super Dungeon Bros,0,0,0,0
3454,Bloons TD 5,1395,1840,-445,445
3455,The Howler,1522,1374,148,148
3456,The Elder Scrolls(r) Online: Tamriel Unlimited(tm),8701,9775,-1074,1074
3457,The Happy Hereafter,0,176,-176,176
3458,Selknam Defense,0,0,0,0
3459,Slipstream 5000,174,0,174,174
3460,World of Subways 1 - The Path,0,0,0,0
3461,Crystals of Time,575,530,45,45
3462,Oblitus,0,0,0,0
3463,Wildlife Park 2 - Crazy Zoo,0,0,0,0
3464,Railroad Pioneer,137,0,137,137
3465,CRYENGINE - Sample Assets,0,0,0,0
3466,Ford Street Racing,0,0,0,0
3467,Runers,137,200,-63,63
3468,Civil War II,209,105,104,104
3469,Ultimate General: Gettysburg,2245,1922,323,323
3470,Lexica,194,229,-35,35
3471,Iron Fisticle,137,166,-29,29
3472,Obduction (r),864,774,90,90
3473,Zombies Monsters Robots (ZMR),2644,2417,227,227
3474,BattleSpace,194,0,194,194
3475,Northmark: Hour of the Wolf,137,142,-5,5
3476,Fractured Soul,0,0,0,0
3477,Shan Gui (Shan Gui ),522,2077,-1555,1555
3478,Memories of a Vagabond,575,726,-151,151
3479,Fancy Skulls,297,205,92,92
3480,Asteria,137,187,-50,50
3481,Borealis,393,468,-75,75
3482,Nicole (otome version),0,0,0,0
3483,Will Fight for Food: Super Actual Sellout: Game of the Hour,0,0,0,0
3484,I Zombie,1653,1446,207,207
3485,Super Lemonade Factory,137,0,137,137
3486,Platypus,297,182,115,115
3487,Martial Arts: Capoeira,0,0,0,0
3488,Run For Rum,0,0,0,0
3489,A Golden Wake,0,124,-124,124
3490,Technobabylon,297,318,-21,21
3491,Penarium,297,181,116,116
3492,Chainsaw Warrior: Lords of the Night,137,0,137,137
3493,Curses N Chaos,0,0,0,0
3494,Stick RPG 2: Directors Cut,297,308,-11,11
3495,Hard West,864,905,-41,41
3496,Sleeping Dogs: Definitive Edition,8286,4540,3746,3746
3497,Zoo Park,194,160,34,34
3498,In Verbis Virtus,0,767,-767,767
3499,Savage Lands,3914,4200,-286,286
3500,Wildlife Park 2 - Farm World,0,0,0,0
3501,Wildlife Park 2 - Dino World,0,0,0,0
3502,Wildlife Park 2 - Fantasy,0,0,0,0
3503,Gold Rush! Classic,174,140,34,34
3504,Back to Bed,312,356,-44,44
3505,Altitude0: Lower & Faster,0,0,0,0
3506,Jacob Jones and the Bigfoot Mystery : Episode 2,0,0,0,0
3507,Buzz Aldrins Space Program Manager,209,239,-30,30
3508,LogiGun,0,0,0,0
3509,Airship Dragoon,0,0,0,0
3510,Cube Samurai: RUN!,0,0,0,0
3511,Ziggurat,1395,1990,-595,595
3512,Pushcat,0,0,0,0
3513,War in a Box: Paper Tanks,293,159,134,134
3514,Minimon,0,0,0,0
3515,City Quest,0,0,0,0
3516,Orborun,312,360,-48,48
3517,Super Sky Arena,0,0,0,0
3518,Knights of Pen and Paper 2,393,322,71,71
3519,The Nightmare Cooperative,194,0,194,194
3520,Hatoful Boyfriend,2245,4183,-1938,1938
3521,NS2: Combat,137,193,-56,56
3522,Higurashi When They Cry Hou - Ch.1 Onikakushi,453,940,-487,487
3523,The Way of Life,3920,6748,-2828,2828
3524,Fractured Space,9269,6505,2764,2764
3525,Steel & Steam: Episode 1,0,0,0,0
3526,Corto Maltese - Secrets of Venice,0,0,0,0
3527,Grand Ages: Medieval,714,1268,-554,554
3528,Crookz - The Big Heist,0,103,-103,103
3529,Deathtrap,513,761,-248,248
3530,DiRT Rally,8286,9349,-1063,1063
3531,European Fishing,0,0,0,0
3532,Super Win the Game,297,262,35,35
3533,Sky Nations,0,101,-101,101
3534,Geometry Wars(tm) 3: Dimensions Evolved,685,754,-69,69
3535,Shiftlings,0,0,0,0
3536,Retrobooster,0,0,0,0
3537,Onikira - Demon Killer,297,251,46,46
3538,Basketball Pro Management 2015,0,0,0,0
3539,Breach & Clear: Deadline,312,515,-203,203
3540,Street Fighter V,3914,6575,-2661,2661
3541,Man in a Maze: Deathmatch,0,0,0,0
3542,The Way,0,215,-215,215
3543,Battle Mages: Sign of Darkness,0,0,0,0
3544,Echelon,0,0,0,0
3545,Echelon: Wind Warriors,0,0,0,0
3546,The Stalin Subway: Red Veil,0,293,-293,293
3547,The Stalin Subway,0,225,-225,225
3548,Moonlight Minions,0,0,0,0
3549,Super Panda Adventures,194,430,-236,236
3550,Call of Duty(r): Black Ops III,23548,44348,-20800,20800
3551,Zero Escape: Zero Time Dilemma,360,785,-425,425
3552,Doorways: The Underworld,312,254,58,58
3553,The Guild 3,0,0,0,0
3554,SpellForce 3,0,0,0,0
3555,Naval Action,2943,2601,342,342
3556,METAL GEAR SOLID V: GROUND ZEROES,10508,7709,2799,2799
3557,OCEAN CITY RACING: Redux,522,538,-16,16
3558,Spirit Run - Fire vs. Ice,0,0,0,0
3559,Assassins Creed(r) Rogue,1925,1966,-41,41
3560,Flower Shop: Winter In Fairbrook,0,0,0,0
3561,Enter the Gungeon,5889,5968,-79,79
3562,BloodRealm: Battlegrounds,280,219,61,61
3563,Sproggiwood,209,217,-8,8
3564,DEAD OR ALIVE(r) 5 Last Round,4636,3814,822,822
3565,LEGO(r) Pirates of the Caribbean: The Video Game,312,201,111,111
3566,Black Ice,0,222,-222,222
3567,RC Mini Racers,0,0,0,0
3568,Wildlife Park,0,0,0,0
3569,Zombie Solitaire,0,0,0,0
3570,Data Hacker: Initiation,0,0,0,0
3571,Super Trench Attack!,293,583,-290,290
3572,DIG IT! - A Digger Simulator,209,0,209,209
3573,Tinertia,0,0,0,0
3574,P-3 Biotic,0,0,0,0
3575,Bird Assassin,0,294,-294,294
3576,Bounders and Cads,0,0,0,0
3577,Wild Warfare,601,896,-295,295
3578,Chasm,0,0,0,0
3579,The Fifth Day,297,771,-474,474
3580,Spirits of Xanadu,137,151,-14,14
3581,SEAL Team 12,0,0,0,0
3582,Siege of Inaolia,0,0,0,0
3583,Simply Chess,1074,1030,44,44
3584,Heroes Rise: HeroFall,137,111,26,26
3585,Ensign-1,0,0,0,0
3586,Commander: The Great War,0,110,-110,110
3587,To End All Wars,0,0,0,0
3588,Warhammer 40000: Armageddon,297,379,-82,82
3589,Defense Zone,0,0,0,0
3590,Hell,0,0,0,0
3591,Sovereignty: Crown of Kings,0,101,-101,101
3592,Legions of Steel,0,0,0,0
3593,Order of Battle: World War II,393,371,22,22
3594,Mega Coin Squad,0,0,0,0
3595,Rain World,0,0,0,0
3596,Duck Game,3050,5996,-2946,2946
3597,Ys VI: The Ark of Napishtim,211,242,-31,31
3598,Rime Berta,0,0,0,0
3599,METAL SLUG X,1395,936,459,459
3600,OTTTD,211,184,27,27
3601,Power-Up,280,198,82,82
3602,Sniper Elite 4,0,0,0,0
3603,Broadsword : Age of Chivalry,0,0,0,0
3604,Khet 2.0,137,0,137,137
3605,FINAL FANTASY IV,1395,642,753,753
3606,Agarest: Generations of War 2,211,159,52,52
3607,Fahrenheit: Indigo Prophecy Remastered,1416,1208,208,208
3608,Rugby League Live 3,0,0,0,0
3609,Starion Tactics,0,0,0,0
3610,My Ex-Boyfriend the Space Tyrant,0,0,0,0
3611,Graviteam Tactics: Mius-Front,0,143,-143,143
3612,Cities XXL,513,1501,-988,988
3613,Soul Gambler,1395,1689,-294,294
3614,Pixel Hunter,0,201,-201,201
3615,The Masterplan,273,391,-118,118
3616,Stranded Deep,16455,15759,696,696
3617,Metrocide,297,130,167,167
3618,Blackbay Asylum,530,134,396,396
3619,Farming Simulator 15,8701,8388,313,313
3620,Pacific Liberation Force,0,0,0,0
3621,The Abbey,0,0,0,0
3622,Alpha Zylon,0,110,-110,110
3623,Mountain,5901,7629,-1728,1728
3624,The Makers Eden,0,0,0,0
3625,REVOLVER360 RE:ACTOR,297,199,98,98
3626,Boot Hill Heroes,0,0,0,0
3627,Blitzkrieg Anthology,293,266,27,27
3628,Blitzkrieg 2 Anthology,293,268,25,25
3629,Boo Bunny Plague,0,216,-216,216
3630,The Terminal 2,0,138,-138,138
3631,The Solus Project,1440,994,446,446
3632,Time Mysteries 2: The Ancient Spectres,312,266,46,46
3633,Alea Jacta Est,0,0,0,0
3634,LEGO(r) Batman(tm)3: Beyond Gotham,1522,1641,-119,119
3635,Sunrider: Mask of Arcadius,780,2190,-1410,1410
3636,Sakura Spirit,5913,7063,-1150,1150
3637,Legend of Kay Anniversary,0,0,0,0
3638,See No Evil,137,0,137,137
3639,A Vampyre Story,0,0,0,0
3640,Exodus,0,0,0,0
3641,Proxy Blade Zero,0,137,-137,137
3642,Pool Nation FX Lite,1361,848,513,513
3643,Boid,601,535,66,66
3644,Morphopolis,1522,3414,-1892,1892
3645,Guilty Gear X2 #Reload,335,307,28,28
3646,Spheritis,0,0,0,0
3647,Super Mega Baseball: Extra Innings,209,339,-130,130
3648,Frayed Knights: The Skull of Smakh-Daon,0,0,0,0
3649,Double Dragon Trilogy,211,356,-145,145
3650,Microsoft Flight Simulator X: Steam Edition,8286,5969,2317,2317
3651,Deathsmiles,209,158,51,51
3652,Bionic Heart,137,0,137,137
3653,Bombing Bastards,0,0,0,0
3654,Rodina,297,779,-482,482
3655,The Forgotten Ones,1187,1263,-76,76
3656,Obludia,0,0,0,0
3657,GamersGoMakers,137,378,-241,241
3658,DROD: Gunthro and the Epic Blunder,0,0,0,0
3659,Chess 2: The Sequel,0,0,0,0
3660,Aritana and the Harpys Feather,0,0,0,0
3661,Lantern Forge,137,233,-96,96
3662,Rampage Knights,1395,1251,144,144
3663,Star Saviors,1361,1091,270,270
3664,Jamsouls,0,0,0,0
3665,Heroes of a Broken Land,0,0,0,0
3666,Pixeluvo,0,0,0,0
3667,Euro Fishing,714,835,-121,121
3668,Aware,0,0,0,0
3669,Paper Monsters Recut,0,0,0,0
3670,Kyn,0,0,0,0
3671,The Sun at Night,137,0,137,137
3672,room13,0,0,0,0
3673,Oddworld: New n Tasty,1395,1379,16,16
3674,Forsaken Uprising,1395,1176,219,219
3675,Mighty No. 9,1051,1579,-528,528
3676,WorldCreator,0,0,0,0
3677,Direct Hit: Missile War,0,0,0,0
3678,Pe-2: Dive Bomber,0,0,0,0
3679,Silence,0,0,0,0
3680,Randals Monday,211,424,-213,213
3681,Blackguards 2,513,433,80,80
3682,Haunted House: Cryptic Graves,0,0,0,0
3683,Age of Conquest IV,601,731,-130,130
3684,Supreme Ruler Ultimate,297,285,12,12
3685,Bloop Reloaded,0,0,0,0
3686,Foresight,0,0,0,0
3687,Woah Dave!,0,0,0,0
3688,CO-OP : Decrypted,0,0,0,0
3689,liteCam Android: No Root Android Screen Recorder,0,0,0,0
3690,Space Hack,575,656,-81,81
3691,Skilltree Saga,0,125,-125,125
3692,All Guns On Deck,0,0,0,0
3693,A.R.E.S. Extinction Agenda EX,0,0,0,0
3694,Polarity,5901,4173,1728,1728
3695,Disney TRON: Evolution,0,154,-154,154
3696,Bliss,0,0,0,0
3697,The Escapist,0,0,0,0
3698,The Joylancer: Legendary Motor Knight,0,0,0,0
3699,Ford Racing 3,522,543,-21,21
3700,Spuds Quest,0,0,0,0
3701,Trainz: A New Era,209,822,-613,613
3702,Raiden III Digital Edition,137,147,-10,10
3703,Spellcrafter,0,0,0,0
3704,Daedalus - No Escape,0,103,-103,103
3705,Catacomb Kids,209,289,-80,80
3706,Amazing Princess Sarah,0,169,-169,169
3707,Celestian Tales: Old North,209,241,-32,32
3708,Stonerid,194,143,51,51
3709,Bravada,0,0,0,0
3710,Top Hat,0,0,0,0
3711,Magic Duels,6824,15930,-9106,9106
3712,Hangeki,0,0,0,0
3713,Disney Alice in Wonderland,0,0,0,0
3714,Parcel,137,0,137,137
3715,Appointment With FEAR,0,0,0,0
3716,A City Sleeps(tm),0,0,0,0
3717,Professional Lumberjack 2015,0,0,0,0
3718,Disney Universe,0,0,0,0
3719,Disney*Pixar Cars Toon: Maters Tall Tales,0,0,0,0
3720,Wave of Darkness,0,0,0,0
3721,sZone-Online,9269,6364,2905,2905
3722,The Curse of the Werewolves,0,0,0,0
3723,Battle of Empires : 1914-1918,393,1142,-749,749
3724,Shadow Puppeteer,0,0,0,0
3725,A Good Snowman Is Hard To Build,0,0,0,0
3726,Space Galaxy - Graphics Pack,0,0,0,0
3727,Character Creator - Graphics Pack,0,0,0,0
3728,Toast Time,0,0,0,0
3729,Front Page Sports Football,0,0,0,0
3730,planetarian ~the reverie of a little planet~,137,983,-846,846
3731,Biglands: A Game Made By Kids,0,0,0,0
3732,Tetris(r) Ultimate,0,131,-131,131
3733,Grim Fandango Remastered,5913,2330,3583,3583
3734,Sprite Lamp,0,0,0,0
3735,The Sacred Tears TRUE,0,0,0,0
3736,Calvino Noir,0,126,-126,126
3737,Kings of Kung Fu,137,457,-320,320
3738,War Operations,0,0,0,0
3739,The Waste Land,0,0,0,0
3740,Pajama Sam: Games to Play on Any Day,0,0,0,0
3741,Fatty Bears Birthday Surprise,0,0,0,0
3742,The Original Strife: Veteran Edition,211,212,-1,1
3743,MotorSport Revolution,0,0,0,0
3744,Uncharted Waters Online: Episode Atlantis,314,512,-198,198
3745,Airscape - The Fall of Gravity,453,173,280,280
3746,Solstice,0,0,0,0
3747,Bionic Heart 2,0,0,0,0
3748,Roommates,297,151,146,146
3749,Double Action: Boogaloo,23548,7554,15994,15994
3750,War on Folvos,0,0,0,0
3751,Quantum Rush Champions,211,132,79,79
3752,Cubic Castles,3920,3503,417,417
3753,Congo,0,115,-115,115
3754,Prophour23,0,0,0,0
3755,Velocibox,312,497,-185,185
3756,Tiestru,0,0,0,0
3757,REVERSE SIDE,0,0,0,0
3758,Guild of Dungeoneering,864,794,70,70
3759,Dokuro,0,0,0,0
3760,Company of Heroes 2 - Ardennes Assault,0,0,0,0
3761,Hills Of Glory 3D,0,0,0,0
3762,Karmaflow: The Rock Opera Videogame - Act I & Act II,0,152,-152,152
3763,KEL Reaper of Entropy,0,0,0,0
3764,Dusk 12,0,0,0,0
3765,Act of Aggression - Reboot Edition,1925,1615,310,310
3766,DICETINY: The Lord of the Dice,0,174,-174,174
3767,AXYOS,393,1142,-749,749
3768,Doom & Destiny,137,891,-754,754
3769,Convoy,759,560,199,199
3770,Supreme: Pizza Empire,0,0,0,0
3771,Phineas and Ferb: New Inventions,0,0,0,0
3772,Choice of the Deathless,137,288,-151,151
3773,Mecha Ace,0,0,0,0
3774,Disney Fairies: Tinker Bells Adventure,0,0,0,0
3775,Squishy the Suicidal Pig,3650,3366,284,284
3776,Cubesis,0,0,0,0
3777,Burnstar,0,0,0,0
3778,Wings of Vi,759,777,-18,18
3779,Unlimited Escape 2,0,0,0,0
3780,The Flame in the Flood,864,710,154,154
3781,SunAge: Battle for Elysium,0,0,0,0
3782,Moorhuhn / Crazy Chicken Tales,0,0,0,0
3783,History in Letters - The Eternal Alchemist,0,0,0,0
3784,Cargo 3,0,186,-186,186
3785,Disney The Princess and the Frog,0,0,0,0
3786,Malebolgia,0,0,0,0
3787,Disneys Tangled,0,0,0,0
3788,Chaos Reborn,714,737,-23,23
3789,Disney Princess: My Fairytale Adventure,0,0,0,0
3790,Xeodrifter(tm),0,281,-281,281
3791,Space Salvager,0,0,0,0
3792,Gold Rush! Anniversary,0,0,0,0
3793,Magicmaker,297,297,0,0
3794,Great Permutator,137,0,137,137
3795,Yatagarasu Attack on Cataclysm,209,224,-15,15
3796,Trainz Trouble,0,0,0,0
3797,Time Mysteries 3: The Final Enigma,194,192,2,2
3798,Disney Winnie the Pooh,0,114,-114,114
3799,CHAOS - In the Darkness,0,0,0,0
3800,Chariot,297,140,157,157
3801,Odallus: The Dark Call,312,275,37,37
3802,Five Nights at Freddys,16455,16575,-120,120
3803,The Collider,522,933,-411,411
3804,Reprisal Universe,297,321,-24,24
3805,Heroes of SoulCraft - Arcade MOBA,749,419,330,330
3806,Life Is Strange - Episode 1,61699,59864,1835,1835
3807,GRANADO ESPADA,0,136,-136,136
3808,Airport Simulator 2015,209,0,209,209
3809,AX:EL - Air XenoDawn,0,0,0,0
3810,Bridge Constructor Medieval,312,246,66,66
3811,Jenny LeClue - Detectivu,0,0,0,0
3812,Trine 3: The Artifacts of Power,3050,3051,-1,1
3813,The Detail,211,362,-151,151
3814,Monkey Tales Games,0,0,0,0
3815,Moon Hunters,568,376,192,192
3816,This Starry Midnight We Make,0,0,0,0
3817,Train Town,0,0,0,0
3818,Meadowland,0,0,0,0
3819,Absolute Drift,408,1144,-736,736
3820,Deadlings: Rotten Edition,194,259,-65,65
3821,We Happy Few,1623,1402,221,221
3822,Car Mechanic Simulator 2015,0,3420,-3420,3420
3823,World Truck Racing,0,0,0,0
3824,Darkstone,162,0,162,162
3825,Cosmonautica,568,718,-150,150
3826,Magnifico,194,0,194,194
3827,Near Impact,0,0,0,0
3828,Ascension: Deckbuilding Game,0,148,-148,148
3829,Oscura: Lost Light,0,0,0,0
3830,Coffin Dodgers,312,400,-88,88
3831,Warside,393,340,53,53
3832,Questerium: Sinister Trinity HD Collectors Edition,0,0,0,0
3833,Season Match,0,0,0,0
3834,Season Match 3 - Curse of the Witch Crow,0,0,0,0
3835,The Treasures of Montezuma 3,0,0,0,0
3836,Tokyo School Life,209,515,-306,306
3837,Fabula Mortis,209,0,209,209
3838,Toren,297,637,-340,340
3839,Wings! Remastered Edition,1051,251,800,800
3840,IGT Slots Paradise Garden,0,0,0,0
3841,One Day For Ched,0,224,-224,224
3842,DiRT 3 Complete Edition,6824,4529,2295,2295
3843,Gender Bender DNA Twister Extreme,0,140,-140,140
3844,Fist of Jesus,335,527,-192,192
3845,Cho Dengeki Stryker All Ages Version,0,0,0,0
3846,Wickland,685,694,-9,9
3847,UNLOVED,209,201,8,8
3848,Zen Fish SIM,0,0,0,0
3849,Fairspace,0,0,0,0
3850,Primal Carnage: Extinction,1395,2514,-1119,1119
3851,Sign Motion,0,0,0,0
3852,Zone 22,0,0,0,0
3853,Supraball,685,622,63,63
3854,Command: Modern Air / Naval Operations WOTY,209,187,22,22
3855,Aquadelic GT,0,0,0,0
3856,Sigils of Elohim,780,776,4,4
3857,MotoGP(tm)14 Compact,0,0,0,0
3858,MODO indie,0,0,0,0
3859,The Sun and Moon,0,104,-104,104
3860,The Flying Dutchman,0,0,0,0
3861,Demonlisher,0,0,0,0
3862,Mining Industry Simulator,0,0,0,0
3863,Battle Of Europe,0,0,0,0
3864,Icewind Dale: Enhanced Edition,368,368,0,0
3865,Cavern Kings,0,180,-180,180
3866,Rising Angels: Reborn,679,554,125,125
3867,Silence of the Sleep,297,275,22,22
3868,Aveyond 3-4: The Darkthrop Prophecy,0,0,0,0
3869,Schein,194,133,61,61
3870,Moorhuhn: Tiger and Chicken,0,0,0,0
3871,Yury,335,315,20,20
3872,Might & Magic(r) Heroes(r) VII,2943,2121,822,822
3873,Hardland,209,242,-33,33
3874,Cooking Academy Fire and Knives,0,0,0,0
3875,Disorder,0,0,0,0
3876,20XX,568,805,-237,237
3877,Disney Princess: Enchanted Journey,0,0,0,0
3878,Geometry Dash,8286,27117,-18831,18831
3879,SteamWorld Heist,360,335,25,25
3880,Guns Gore & Cannoli,297,727,-430,430
3881,Gurumin: A Monstrous Adventure,312,346,-34,34
3882,The Repopulation,393,886,-493,493
3883,Dont Starve Together,40879,36471,4408,4408
3884,Bin Weevils Arty Arcade,0,0,0,0
3885,Red Goddess: Inner World,0,0,0,0
3886,SUPERHOT,5913,6264,-351,351
3887,DYNASTY WARRIORS(r) 8 Empires,568,520,48,48
3888,Galactic Inheritors,0,0,0,0
3889,StandPoint,0,0,0,0
3890,Dungeon Lurk II - Leona,0,0,0,0
3891,Pure,0,112,-112,112
3892,Mind Zero,0,0,0,0
3893,BLACKHOLE,0,355,-355,355
3894,Drifting Lands,0,0,0,0
3895,Vanishing Realms(tm),864,1073,-209,209
3896,Worlds Adrift,0,0,0,0
3897,Pro Cycling Manager 2015,273,273,0,0
3898,War the Game,297,307,-10,10
3899,Warhammer 40000: Regicide,1395,1290,105,105
3900,theHunter: Primal,1395,3112,-1717,1717
3901,aerofly RC 7,0,0,0,0
3902,Pure Holdem,0,0,0,0
3903,Gods vs Humans,0,0,0,0
3904,Black Viper: Sophias Fate,0,0,0,0
3905,Roaming Fortress,0,0,0,0
3906,Destructamundo,0,0,0,0
3907,Laserlife,0,0,0,0
3908,Tharsis,1395,1419,-24,24
3909,Vagante,759,759,0,0
3910,The World II (Hunting BOSS),0,0,0,0
3911,Hexus,0,0,0,0
3912,Robins Island Adventure,0,0,0,0
3913,Jane Angel: Templar Mystery,0,0,0,0
3914,Sea Legends: Phantasmal Light Collectors Edition,0,0,0,0
3915,Grow Home,3914,3217,697,697
3916,TERA,25537,9834,15703,15703
3917,The Magic Circle,312,719,-407,407
3918,Crow,0,0,0,0
3919,Alphadia Genesis,0,0,0,0
3920,Raiden IV: OverKill,1051,175,876,876
3921,DRAGON BALL XENOVERSE,8701,11147,-2446,2446
3922,Jotun: Valhalla Edition,864,788,76,76
3923,eden - 3D Screensaver,0,0,0,0
3924,Ubinota,137,152,-15,15
3925,Poltergeist: A Pixelated Horror,0,0,0,0
3926,Fireworks Simulator,137,112,25,25
3927,Move or Die,2245,2307,-62,62
3928,March of War: FaceOff - M,393,449,-56,56
3929,SteamVR Performance Test,0,2582,-2582,2582
3930,Ethan: Meteor Hunter,0,189,-189,189
3931,Rising World,1395,1812,-417,417
3932,Football Club Simulator - FCS,0,0,0,0
3933,Verde Station,0,190,-190,190
3934,Kalimba,0,0,0,0
3935,CLANNAD,297,620,-323,323
3936,Pyrite Heart,137,247,-110,110
3937,CodeSpells,209,111,98,98
3938,I Will Escape,0,0,0,0
3939,VoidExpanse,297,480,-183,183
3940,Revenge: Rhobars myth,0,0,0,0
3941,Bus Simulator 16,714,1150,-436,436
3942,TOTM,0,0,0,0
3943,The Body Changer,0,0,0,0
3944,Pocket God vs Desert Ashes,0,0,0,0
3945,Desert Ashes,137,0,137,137
3946,Earth Under Siege,0,0,0,0
3947,SinaRun,0,144,-144,144
3948,Boundless,209,411,-202,202
3949,Halo: Spartan Strike,335,331,4,4
3950,The Shopkeeper,0,123,-123,123
3951,Gemini: Heroes Reborn,0,144,-144,144
3952,Impossible Creatures Steam Edition,312,380,-68,68
3953,To Be or Not To Be,0,0,0,0
3954,Monster Truck Destruction,0,204,-204,204
3955,eXperience 112,0,0,0,0
3956,Shadow Warrior 2,1074,0,1074,1074
3957,TOXIKK(tm),1361,2417,-1056,1056
3958,Parallax,0,0,0,0
3959,Deep Dungeons of Doom,194,293,-99,99
3960,Save the Furries,0,0,0,0
3961,Notch - The Innocent LunA: Eclipsed SinnerS,0,286,-286,286
3962,Run or Die,0,0,0,0
3963,Bik - A Space Adventure,0,0,0,0
3964,App Game Kit: Easy + Instant Game Development,211,116,95,95
3965,BEARZERKERS,0,0,0,0
3966,Mythos: The Beginning - Directors Cut,0,0,0,0
3967,Muvee Reveal 11,0,0,0,0
3968,Nova-111,297,102,195,195
3969,Homebrew - Vehicle Sandbox,568,439,129,129
3970,Fire,137,228,-91,91
3971,Sword Coast Legends,1395,2754,-1359,1359
3972,Arms Dealer,0,178,-178,178
3973,CRYENGINE - Wwise Project DLC,0,0,0,0
3974,The Hive,0,136,-136,136
3975,Fallen: A2P Protocol,209,161,48,48
3976,Fat Chicken,0,0,0,0
3977,Clash of Puppets,0,0,0,0
3978,Crystal Catacombs,0,0,0,0
3979,Bitmap2Material 3,0,0,0,0
3980,Starlight Drifter,0,0,0,0
3981,Defenders of the Last Colony,0,0,0,0
3982,Horizon Shift,335,0,335,335
3983,Monument Builders - Alcatraz,0,0,0,0
3984,Death Skid Marks,137,401,-264,264
3985,Shroud of the Avatar: Forsaken Virtues,568,887,-319,319
3986,Sinister City,601,1261,-660,660
3987,Alchemy Mysteries: Prague Legends,762,743,19,19
3988,Smugglers 5: Invasion,0,0,0,0
3989,Mystery of Neuschwanstein,0,0,0,0
3990,ShellShock Live,5889,3663,2226,2226
3991,Space Warp,0,0,0,0
3992,Chime Sharp,181,0,181,181
3993,Cinemaware Anthology: 1986-1991,0,0,0,0
3994,Club Manager 2015,0,0,0,0
3995,The Legend of Candlewind: Nights & Candles,0,0,0,0
3996,Instant Dungeon!,137,151,-14,14
3997,Whisper of a Rose,137,0,137,137
3998,Sword of Asumi,312,238,74,74
3999,Killing Floor - Toy Master,0,0,0,0
4000,Deep Eclipse: New Space Odyssey,0,0,0,0
4001,Infinite Game Works Episode 1,0,0,0,0
4002,FEIST,209,304,-95,95
4003,Gloria Victis,1279,1195,84,84
4004,Deadstone,0,0,0,0
4005,Cheesecake Cool Conrad,0,0,0,0
4006,Annas Quest,297,299,-2,2
4007,Life of Pixel,137,232,-95,95
4008,The Marvellous Miss Take,297,210,87,87
4009,Brink of Consciousness: The Lonely Hearts Murders,0,0,0,0
4010,Sid Meiers Pirates! Gold Plus (Classic),0,0,0,0
4011,Sid Meiers Covert Action (Classic),0,0,0,0
4012,Sid Meiers Colonization (Classic),0,127,-127,127
4013,Hail to the King: Deathbat,0,168,-168,168
4014,Ballads of Reemus: When the Bed Bites,0,0,0,0
4015,RTS Creator,0,0,0,0
4016,WASTED,542,541,1,1
4017,Traverser,0,0,0,0
4018,Near Death,0,0,0,0
4019,CaesarIA,1074,1068,6,6
4020,Ironcast,297,489,-192,192
4021,Grind Zones,0,0,0,0
4022,Tron 2.0,0,219,-219,219
4023,Bacon Man: An Adventure,0,0,0,0
4024,I am Bread,4693,4066,627,627
4025,7th Legion,0,0,0,0
4026,BloodNet,0,0,0,0
4027,Darklands,0,0,0,0
4028,Dragonsphere,0,0,0,0
4029,Sword of the Samurai,0,0,0,0
4030,Journey of the King,0,0,0,0
4031,Dragon Fantasy: The Black Tome of Ice,0,0,0,0
4032,Tales Runner,601,516,85,85
4033,Reflex,568,926,-358,358
4034,Retro-Pixel Castles,312,337,-25,25
4035,Gunspell - Steam Edition,0,0,0,0
4036,Wild Season,0,303,-303,303
4037,Rex Nebular and the Cosmic Gender Bender,0,0,0,0
4038,Deadlock: Planetary Conquest,0,0,0,0
4039,Redline,0,0,0,0
4040,Slave Zero,0,0,0,0
4041,Potatoman Seeks the Troof,335,313,22,22
4042,Monsters and Monocles,0,0,0,0
4043,Frozen Synapse Prime,513,236,277,277
4044,Rock Zombie,0,0,0,0
4045,Knight of the Hamsters,0,0,0,0
4046,Crab Cakes Rescue,0,0,0,0
4047,One Last Day,0,105,-105,105
4048,Letter Quest: Grimms Journey,335,292,43,43
4049,Bit Odyssey,0,0,0,0
4050,Vampires: Guide Them to Safety!,0,0,0,0
4051,Rugby Union Team Manager 2015,0,0,0,0
4052,Draft Day Sports Pro Basketball 4,0,0,0,0
4053,Space Legends: At the Edge of the Universe,0,0,0,0
4054,Fritz for Fun 13,0,0,0,0
4055,B-17 Flying Fortress: The Mighty 8th,0,0,0,0
4056,F-117A Nighthawk Stealth Fighter 2.0,0,0,0,0
4057,Fleet Defender: The F-14 Tomcat Simulation,0,0,0,0
4058,The Deer God,312,347,-35,35
4059,Koya Rift,0,0,0,0
4060,Data Hacker: Corruption,0,0,0,0
4061,Battlegrounds of Eldhelm,194,187,7,7
4062,Dungeon Kingdom: Sign of the Moon,0,0,0,0
4063,Devil May Cry(r) 4 Special Edition,1425,2041,-616,616
4064,Reassembly,1395,1427,-32,32
4065,Volo Airsport,0,118,-118,118
4066,Avalon Lords: Dawn Rises,0,0,0,0
4067,Tile Miner,0,0,0,0
4068,Stealth Inc 2: A Game of Clones,3050,749,2301,2301
4069,State of Decay: YOSE,1425,1531,-106,106
4070,Sonic Lost World,864,923,-59,59
4071,JumpJet Rex,297,270,27,27
4072,Phantom Breaker: Battle Grounds,1395,1639,-244,244
4073,R.B.I. Baseball 15,0,154,-154,154
4074,Across the Rhine,0,0,0,0
4075,Command HQ,0,0,0,0
4076,Eradicator,0,0,0,0
4077,NAM,0,126,-126,126
4078,Silent Service 2,0,0,0,0
4079,Task Force 1942: Surface Naval Action in the South Pacific,0,0,0,0
4080,BasketBelle,0,105,-105,105
4081,4089: Ghost Within,0,0,0,0
4082,Krosmaster Arena,601,234,367,367
4083,The Moon Sliver,293,742,-449,449
4084,Catlateral Damage,568,572,-4,4
4085,MyRPG Master,0,0,0,0
4086,The Slaughtering Grounds,780,2173,-1393,1393
4087,ASA: A Space Adventure - Remastered Edition,0,0,0,0
4088,Kingdoms CCG,194,105,89,89
4089,Movie Studio 13 Platinum - Steam Powered,211,440,-229,229
4090,BossConstructor,0,0,0,0
4091,Wild Frontera,0,0,0,0
4092,MAGIX Fastcut,0,0,0,0
4093,Substance Designer 5 Indie,0,0,0,0
4094,Asteroids: Outpost(tm),0,124,-124,124
4095,Warlocks vs Shadows,297,262,35,35
4096,Reload,0,0,0,0
4097,Grandia(r) II Anniversary Edition,864,744,120,120
4098,The Interactive Adventures of Dog Mendonca & Pizzaboy(r),0,0,0,0
4099,Runes of Brennos,0,0,0,0
4100,Celestial Command,137,149,-12,12
4101,Over The Void,137,136,1,1
4102,planktOs,0,0,0,0
4103,Tail Drift,0,0,0,0
4104,Noct,297,346,-49,49
4105,Independence War(tm) Deluxe Edition,0,0,0,0
4106,Its A Wipe!,0,0,0,0
4107,Lunas Wandering Stars,0,0,0,0
4108,DiscStorm,0,0,0,0
4109,Solar Struggle,0,0,0,0
4110,Flashpoint Campaigns: Red Storm Players Edition,0,0,0,0
4111,Running Shadow,1074,781,293,293
4112,Radial-G : Racing Revolved,0,114,-114,114
4113,Read Only Memories,312,447,-135,135
4114,Tales from the Borderlands,8286,9739,-1453,1453
4115,Game of Thrones - A Telltale Games Series,8286,7707,579,579
4116,Redemption,0,0,0,0
4117,Passing Pineview Forest,736,1451,-715,715
4118,Disney*Pixar Cars,0,0,0,0
4119,Master Spy,0,0,0,0
4120,Grass Simulator,137,608,-471,471
4121,Bolt Riley A Reggae Adventure,0,0,0,0
4122,Thief Town,137,131,6,6
4123,Miko Gakkou: Second Year,0,0,0,0
4124,Tulpa,0,151,-151,151
4125,Heavy Metal Machines,0,0,0,0
4126,Winged Sakura: Mindys Arc,0,108,-108,108
4127,Luna: Shattered Hearts: Episode 1,0,0,0,0
4128,bit Dungeon II,1395,1276,119,119
4129,Disney*Pixar Finding Nemo,0,0,0,0
4130,Rooms: The Unsolvable Puzzle,0,0,0,0
4131,Everlasting Summer,17714,16484,1230,1230
4132,Pinstripe,0,0,0,0
4133,Executive Assault,297,794,-497,497
4134,Amphora,0,0,0,0
4135,ULTRAWORLD EXODUS,0,0,0,0
4136,One Piece Pirate Warriors 3,2245,2660,-415,415
4137,Movie Studio Boss: The Sequel,0,0,0,0
4138,Carmageddon TDR 2000,194,171,23,23
4139,Prehistorik,0,0,0,0
4140,The Jackbox Party Pack,636,510,126,126
4141,Why So Evil,736,1404,-668,668
4142,Survivor Squad: Gauntlets,0,125,-125,125
4143,Supreme League of Patriots,137,0,137,137
4144,AER,0,0,0,0
4145,Beach Resort Simulator,0,0,0,0
4146,Airline Tycoon Deluxe,137,102,35,35
4147,Treasure Planet: Battle at Procyon,0,0,0,0
4148,Last Inua,137,145,-8,8
4149,School of Dragons,3920,2830,1090,1090
4150,LEVEL UP!,0,0,0,0
4151,Axiom Verge,1440,1497,-57,57
4152,The Next Penelope,0,161,-161,161
4153,Disney*Pixar Cars Mater-National Championship,0,0,0,0
4154,PixelJunk(tm) Shooter Ultimate,0,0,0,0
4155,Spriter Pro,312,152,160,160
4156,Miko Gakkou Monogatari: Kaede Episode,0,0,0,0
4157,Asguaard,0,0,0,0
4158,Girlfriend Rescue,0,142,-142,142
4159,Moonchild,0,104,-104,104
4160,Phoenix Force,393,403,-10,10
4161,Battle Fleet 2,209,185,24,24
4162,GRAV,0,5008,-5008,5008
4163,Shutshimi,0,0,0,0
4164,We Slay Monsters,0,0,0,0
4165,Amazing Frog?,568,588,-20,20
4166,Mimpi,0,0,0,0
4167,Mystik Belle,0,0,0,0
4168,The Guilt and the Shadow,0,0,0,0
4169,Barbarian Brawl,0,0,0,0
4170,Friendship Club,0,0,0,0
4171,Darkness Assault,522,278,244,244
4172,Five Nights at Freddys 2,8286,8828,-542,542
4173,Midnight Mysteries: Witches of Abraham - Collectors Edition,0,0,0,0
4174,Prelogate,0,0,0,0
4175,Dont Shoot Yourself!,0,0,0,0
4176,Storm United,530,414,116,116
4177,Demesne,0,0,0,0
4178,Inside The Gear,0,0,0,0
4179,Kaiju-A-GoGo,209,195,14,14
4180,Cherry Tree High I! My! Girls!,335,130,205,205
4181,Forward to the Sky,297,769,-472,472
4182,Marvins Mittens,0,0,0,0
4183,ADOM (Ancient Domains Of Mystery),209,324,-115,115
4184,Star Rangers(tm),0,0,0,0
4185,Cults and Daggers,0,0,0,0
4186,SilverQuest: Gaiden,0,0,0,0
4187,Tales of Aravorn: Seasons Of The Wolf,0,0,0,0
4188,Cossacks 3,601,0,601,601
4189,Sinking Island,0,0,0,0
4190,Replay - VHS is not dead,0,0,0,0
4191,Isbarah,0,0,0,0
4192,Neocolonialism,0,0,0,0
4193,Slow Down Bull,0,0,0,0
4194,NEKOPARA Vol. 1,5913,8542,-2629,2629
4195,Caves of Qud,137,322,-185,185
4196,Pahelika: Revelations HD,0,0,0,0
4197,Towers of Altrac - Epic Defense Battles,0,0,0,0
4198,Epanalepsis,0,0,0,0
4199,Dark Gates,0,0,0,0
4200,The Falling Sun,319,319,0,0
4201,Vintage Year,137,0,137,137
4202,Franchise Hockey Manager 2,0,102,-102,102
4203,Feel-A-Maze,0,0,0,0
4204,Braveland Wizard,137,145,-8,8
4205,Dirty Bomb(r),25537,29390,-3853,3853
4206,Medieval Engineers,3050,3228,-178,178
4207,A Druids Duel,137,0,137,137
4208,AKIBAS TRIP: Undead & Undressed,1440,1485,-45,45
4209,Down To One,280,1956,-1676,1676
4210,Hektor,685,352,333,333
4211,Extreme Exorcism,0,0,0,0
4212,Armikrog,297,775,-478,478
4213,Insanitys Blade,0,134,-134,134
4214,Fortified,0,121,-121,121
4215,Town of Salem,8286,5686,2600,2600
4216,Icebound,0,0,0,0
4217,Star Traders: 4X Empires,0,0,0,0
4218,Lost Sea,0,0,0,0
4219,Dont Move,0,0,0,0
4220,Out There: O Edition,312,551,-239,239
4221,Adventures of Robinson Crusoe,0,0,0,0
4222,The Fool,0,0,0,0
4223,Square Heroes,194,197,-3,3
4224,Soccertron,0,0,0,0
4225,Moving Hazard,0,130,-130,130
4226,Squirreltopia,194,263,-69,69
4227,Ilamentia,0,0,0,0
4228,Drive to Hell,0,0,0,0
4229,1931: Scheherazade at the Library of Pergamum,0,0,0,0
4230,Cell HD: emergence,0,0,0,0
4231,Into Blue Valley,0,0,0,0
4232,Tormentum - Dark Sorrow,297,808,-511,511
4233,Steam and Metal,0,0,0,0
4234,World Of Leaders,0,125,-125,125
4235,VRC PRO,0,161,-161,161
4236,Biology Battle,0,0,0,0
4237,Serpent in the Staglands,0,0,0,0
4238,Magic Barrage - Bitferno,408,669,-261,261
4239,200% Mixed Juice!,137,208,-71,71
4240,ManaCollect,0,0,0,0
4241,Rifts Cave,0,0,0,0
4242,But to Paint a Universe,0,0,0,0
4243,Transformice,9269,7915,1354,1354
4244,Eisenbahn X,0,0,0,0
4245,Brick-Force,3920,3935,-15,15
4246,runateitsukudon Qian Tu henoDao Biao,0,0,0,0
4247,Grimoire: Manastorm,780,781,-1,1
4248,Dungeon Shooter 2,0,0,0,0
4249,Curse of the Assassin,0,0,0,0
4250,Cubicity,0,0,0,0
4251,Back To Life 3,0,0,0,0
4252,CAFE 0 ~The Drowned Mermaid~,137,101,36,36
4253,LISA,749,3620,-2871,2871
4254,dUpLicity ~Beyond the Lies~,209,0,209,209
4255,I am Weapon: Revival,0,0,0,0
4256,Escape From Darkmoor Manor,0,0,0,0
4257,Words for Evil,335,339,-4,4
4258,Dream Of Mirror Online,319,393,-74,74
4259,Distant Star: Revenant Fleet,137,202,-65,65
4260,Goats On A Bridge,194,124,70,70
4261,After Reset RPG,0,0,0,0
4262,Nanofights,0,625,-625,625
4263,Angels of Fasaria: Version 2.0,209,0,209,209
4264,Ephemerid: A Musical Adventure,0,148,-148,148
4265,Atavism MMO Creator,0,0,0,0
4266,Mech Marines: Steel March,0,0,0,0
4267,Insecters War,0,0,0,0
4268,MXGP - The Official Motocross Videogame Compact,0,0,0,0
4269,Pahelika: Secret Legends,0,0,0,0
4270,Race.a.bit,0,0,0,0
4271,Combat Monsters,194,163,31,31
4272,Raptor: Call of The Shadows - 2015 Edition,137,188,-51,51
4273,Sky Mercenaries,137,0,137,137
4274,Rooster Teeth vs. Zombiens,0,0,0,0
4275,Bloody Streets,0,0,0,0
4276,Shardlight,0,115,-115,115
4277,Virtual Pool 4,0,107,-107,107
4278,Monsters!,0,0,0,0
4279,Just Death,0,0,0,0
4280,Way to Go!,0,0,0,0
4281,Typoman: Revised,0,0,0,0
4282,Monster Jam Battlegrounds,0,0,0,0
4283,Hearthlands,0,132,-132,132
4284,Bloodsports.TV,312,282,30,30
4285,Super Cane Magic ZERO,0,135,-135,135
4286,Anno Online,1522,850,672,672
4287,Might & Magic Heroes Online,575,575,0,0
4288,PD Howler 9.6 Digital Painter and Visual FX box,0,0,0,0
4289,Outcast 1.1,211,289,-78,78
4290,Crash And Burn Racing,0,0,0,0
4291,HIT,780,477,303,303
4292,TREBUCHET,0,0,0,0
4293,Elastrix,0,0,0,0
4294,Supreme League of Patriots - Episode 2: Patriot Frames,0,0,0,0
4295,Supreme League of Patriots - Episode 3: Ice Cold in Ellis,0,0,0,0
4296,Pilot Brothers,0,0,0,0
4297,Pilot Brothers 2,0,0,0,0
4298,Pilot Brothers 3: Back Side of the Earth,0,0,0,0
4299,KWAAN,0,134,-134,134
4300,Color Guardians,0,0,0,0
4301,Redux: Dark Matters,0,0,0,0
4302,Deus Ex: Mankind Divided,10508,9101,1407,1407
4303,Deadnaut,137,114,23,23
4304,Dimmdrive :: Gaming Ramdrive @ 10000+ MB/s,0,276,-276,276
4305,Boschs Damnation,0,0,0,0
4306,Sentinels of the Multiverse,393,375,18,18
4307,Velocity 2X,0,0,0,0
4308,Guild Commander,0,0,0,0
4309,Ostrich Island,137,158,-21,21
4310,Planetship,0,0,0,0
4311,Flywrench,0,109,-109,109
4312,Dead Island Retro Revenge,0,0,0,0
4313,Karos,575,242,333,333
4314,Final Dusk,194,201,-7,7
4315,Dream Tale,0,0,0,0
4316,Four Sided Fantasy,0,0,0,0
4317,Bermuda,293,171,122,122
4318,Soft Body,0,0,0,0
4319,Default Dan,0,0,0,0
4320,Star Hammer: The Vanguard Prophecy,0,0,0,0
4321,SCS deORBIT,0,0,0,0
4322,The Sea Will Claim Everything,0,0,0,0
4323,Battletank LOBA,0,0,0,0
4324,Decisive Campaigns: The Blitzkrieg from Warsaw to Paris,0,0,0,0
4325,The Mims Beginning,0,156,-156,156
4326,Avernum 2: Crystal Souls,0,0,0,0
4327,One Late Night: Deadline,0,104,-104,104
4328,Nameless ~The one thing you must recall~,209,278,-69,69
4329,The SKIES,2644,2516,128,128
4330,ClusterPuck 99,0,0,0,0
4331,Wildlife Park - Wild Creatures,0,0,0,0
4332,Vagrant Hearts,0,0,0,0
4333,Echoes+,780,779,1,1
4334,Mission Control: NanoMech,0,0,0,0
4335,Bears Cant Drift!?,0,0,0,0
4336,Anoxemia,393,294,99,99
4337,Mahjong Pretty Girls Battle,297,227,70,70
4338,runateitsukudon reziendopatsuku,0,0,0,0
4339,ALie Che deXing kou8,0,0,0,0
4340,ATLAS reziendopatsuku,0,0,0,0
4341,Rong Guan haJun ni reziendopatsuku,0,0,0,0
4342,Khaba,0,0,0,0
4343,Marble Duel,0,0,0,0
4344,Strategy & Tactics: Wargame Collection,0,0,0,0
4345,Venetica - Gold Edition,162,156,6,6
4346,Ratz Instagib,393,1821,-1428,1428
4347,Batla,2644,2180,464,464
4348,Just Get Through,137,163,-26,26
4349,Usagi Yojimbo: Way of the Ronin,0,0,0,0
4350,Disneys Chicken Little: Ace in Action,0,0,0,0
4351,Warden: Melody of the Undergrowth,0,0,0,0
4352,Pixel Heroes: Byte & Magic,393,289,104,104
4353,Super Treasure Arena,0,0,0,0
4354,Nightbanes,393,298,95,95
4355,The Technomancer,829,829,0,0
4356,Alum,0,0,0,0
4357,BOMB Dedicated Server,0,0,0,0
4358,Trouble In The Manor,137,110,27,27
4359,Navy Field 2 : Conqueror of the Ocean,1002,1210,-208,208
4360,Terra Lander,0,0,0,0
4361,CyberLink PowerDVD 15 Ultra,0,0,0,0
4362,Wildlife Camp,0,0,0,0
4363,Urja,0,116,-116,116
4364,Death Ray Manta SE,0,129,-129,129
4365,Seven Kingdoms 2 HD,0,130,-130,130
4366,Demise of Nations,194,132,62,62
4367,Hollows Land,0,0,0,0
4368,Harold,0,0,0,0
4369,TRANSFORMERS: Devastation,714,675,39,39
4370,Rescue Team,0,0,0,0
4371,MOAI: Build Your Dream,0,0,0,0
4372,Ukrainian Ninja,0,149,-149,149
4373,Disneys Chicken Little,0,0,0,0
4374,Plith,0,0,0,0
4375,Fork Parkers Holiday Profit Hike,601,568,33,33
4376,Morningstar: Descent to Deadrock,0,226,-226,226
4377,Tales of the Orient: The Rising Sun,393,242,151,151
4378,Dead Synchronicity: Tomorrow Comes Today,0,256,-256,256
4379,Oceanhorn: Monster of Uncharted Seas,1395,986,409,409
4380,RESCUE 2: Everyday Heroes,209,120,89,89
4381,ZOMBI,1440,953,487,487
4382,10 Years After,0,0,0,0
4383,Strife(r),3920,3883,37,37
4384,Castle,194,212,-18,18
4385,Snake Blocks,0,0,0,0
4386,Resident Evil 0 / biohazard 0 HD REMASTER,864,1095,-231,231
4387,Choice of Robots,771,1258,-487,487
4388,Runestone Keeper,1395,1403,-8,8
4389,A Pixel Story,0,0,0,0
4390,Blasted Fortress,0,0,0,0
4391,Psy High,0,117,-117,117
4392,Factions: Origins of Malu,0,0,0,0
4393,Artizens,0,0,0,0
4394,Man Alive,0,0,0,0
4395,Enemy,0,0,0,0
4396,Ember,0,104,-104,104
4397,VEGA Conflict,1361,1341,20,20
4398,Jagged Alliance Online: Reloaded,0,107,-107,107
4399,Paperbound,0,0,0,0
4400,Debugger 3.16: 100% bugged,0,0,0,0
4401,rFactor,297,185,112,112
4402,HuniePop,10508,9827,681,681
4403,Starwalker,0,0,0,0
4404,The Moment of Silence,0,0,0,0
4405,Overclocked: A History of Violence,0,0,0,0
4406,AoF World Online,0,0,0,0
4407,Uncraft World,0,225,-225,225
4408,Headlander,209,142,67,67
4409,Dungeon of gain,0,0,0,0
4410,Battle Ranch: Pigs vs Plants,393,335,58,58
4411,Moorhuhn (Crazy Chicken),0,159,-159,159
4412,Moorhuhn Invasion (Crazy Chicken Invasion),0,0,0,0
4413,Basement,393,958,-565,565
4414,FINAL FANTASY TYPE-0(tm) HD,1925,1876,49,49
4415,Bloop,522,261,261,261
4416,Predestination,0,0,0,0
4417,Shadows of War,137,111,26,26
4418,Crystal Towers 2 XL,0,0,0,0
4419,TIMEframe,0,149,-149,149
4420,Cubot,293,235,58,58
4421,Dr.Green,0,0,0,0
4422,Teddy Floppy Ear - Mountain Adventure,319,344,-25,25
4423,Teddy Floppy Ear - Kayaking,319,238,81,81
4424,Sinless + OST,137,0,137,137
4425,Deity Quest,0,0,0,0
4426,Domestic Dog,293,435,-142,142
4427,Quintet,280,322,-42,42
4428,Shades of Black,0,0,0,0
4429,Pizzarian,0,0,0,0
4430,Abomination Tower,0,0,0,0
4431,Lucid Awakening 2,0,0,0,0
4432,SuperBike TT,0,0,0,0
4433,Grand Class Melee 2,0,0,0,0
4434,Crashed Lander,0,0,0,0
4435,Spartans Vs Zombies Defense,393,727,-334,334
4436,You Are Not A Banana,0,110,-110,110
4437,Project Green Beat,0,0,0,0
4438,Subterrain,297,382,-85,85
4439,Tallowmere,137,245,-108,108
4440,TDP4:Team Battle,575,511,64,64
4441,Crunch Time!,0,0,0,0
4442,WolfWars,0,0,0,0
4443,Armed with Wings: Rearmed,0,127,-127,127
4444,The Depths of Tolagal,0,0,0,0
4445,Ninja Guy,0,147,-147,147
4446,Bunny Bash,0,0,0,0
4447,Aqua Panic !,0,0,0,0
4448,The Tiny Tale 2,0,0,0,0
4449,Sunrider Academy,568,581,-13,13
4450,Gunslugs 2,0,0,0,0
4451,Unhack,0,212,-212,212
4452,Deepworld,575,581,-6,6
4453,Yelaxot,393,0,393,393
4454,Razenroth,170,174,-4,4
4455,RaidersSphere4th,0,0,0,0
4456,Solar War,0,0,0,0
4457,Siege of Turtle Enclave,0,0,0,0
4458,Let There Be Life,0,0,0,0
4459,Disney Bolt,0,0,0,0
4460,Mad Games Tycoon,1395,1706,-311,311
4461,Pluck,0,0,0,0
4462,Chronicles of Teddy,0,140,-140,140
4463,Wars Across The World,0,0,0,0
4464,The Lady,0,0,0,0
4465,Stay Dead Evolution,0,0,0,0
4466,NeXus: One Core,0,0,0,0
4467,On A Roll 3D,194,147,47,47
4468,Glorkian Warrior: The Trials Of Glork,335,170,165,165
4469,Age of Fear 2: The Chaos Lord,0,0,0,0
4470,Steam Heroes,0,0,0,0
4471,Hotline Miami 2: Wrong Number Digital Comic,314,0,314,314
4472,Isaac the Adventurer,0,0,0,0
4473,Samphi,0,0,0,0
4474,Greyfox RPG,1494,1167,327,327
4475,Paparazzi,0,0,0,0
4476,Countless Rooms of Death,0,0,0,0
4477,Vulture for NetHack,137,111,26,26
4478,BANZAI PECAN: The Last Hope For the Young Century,0,0,0,0
4479,Fallen Temple,0,0,0,0
4480,Loot Hunter,0,0,0,0
4481,Camera Obscura,1361,1101,260,260
4482,Crayon Chronicles,137,0,137,137
4483,Stardust Vanguards,297,0,297,297
4484,TRIP Steam Edition,0,0,0,0
4485,Super Cyborg,137,207,-70,70
4486,Relativity Wars - A Science Space RTS,0,0,0,0
4487,Barren Roads,0,0,0,0
4488,Cahors Sunset,0,0,0,0
4489,Dustoff Heli Rescue,137,247,-110,110
4490,A.V.,0,0,0,0
4491,Flem,0,0,0,0
4492,Geared,0,0,0,0
4493,Chronicles of a Dark Lord: Episode II War of The Abyss,0,0,0,0
4494,TEMBO THE BADASS ELEPHANT,211,318,-107,107
4495,HitBox,0,0,0,0
4496,Ultimate Space Commando,0,0,0,0
4497,Space Station Alpha,0,0,0,0
4498,Lux Delux,297,134,163,163
4499,DP Animation Maker,0,0,0,0
4500,Dispatcher,170,546,-376,376
4501,BiT Evolution,0,0,0,0
4502,The Clans - Saga of the Twins,137,0,137,137
4503,Sym,0,0,0,0
4504,Hashtag Dungeon,0,0,0,0
4505,Arizona Sunshine,0,0,0,0
4506,Skyworld,0,0,0,0
4507,MechWarrior Online(tm),2644,3205,-561,561
4508,Air Guardians,0,114,-114,114
4509,SCHAR: Blue Shield Alliance,137,0,137,137
4510,Aspectus: Rinascimento Chronicles,0,0,0,0
4511,Nevermind,0,171,-171,171
4512,Manyland,0,0,0,0
4513,Zombie Kill of the Week - Reborn,297,464,-167,167
4514,RIOT - Civil Unrest,0,0,0,0
4515,Into The Gloom,0,117,-117,117
4516,Sakura Angels,1349,1387,-38,38
4517,Gunscape,1522,870,652,652
4518,Shipwreck,0,140,-140,140
4519,Bret Airborne,0,0,0,0
4520,BoxesWithGuns,0,0,0,0
4521,Heroes Never Lose: Professor Puzzlers Perplexing Ploy,0,0,0,0
4522,Terminal Hacker - Into the Deep,0,0,0,0
4523,Phantasmal: Survival Horror Roguelike,0,167,-167,167
4524,Airships: Conquer the Skies,297,664,-367,367
4525,HIS (Heroes In the Sky),749,405,344,344
4526,12 Labours of Hercules,1395,1844,-449,449
4527,It came from space and ate our brains,312,322,-10,10
4528,Witchs Pranks: Frogs Fortune Collectors Edition,0,0,0,0
4529,Pixel Privateers,0,0,0,0
4530,Fermis Path,137,0,137,137
4531,Refactor,0,0,0,0
4532,Dark Quest,0,0,0,0
4533,Corona MotorSport,0,0,0,0
4534,Synonymy,0,0,0,0
4535,Toto Temple Deluxe,0,0,0,0
4536,Pixel Survivors,137,223,-86,86
4537,Destination Sol,5901,1198,4703,4703
4538,The Mystery of the Druids,0,0,0,0
4539,MagNets,0,0,0,0
4540,World of Subways 4 - New York Line 7,0,151,-151,151
4541,SimpleRockets,297,208,89,89
4542,Overture,685,683,2,2
4543,Motorbike,0,0,0,0
4544,Disney*Pixar Cars: Radiator Springs Adventures,0,0,0,0
4545,Top Trumps Turbo,0,0,0,0
4546,Gene,0,0,0,0
4547,Disillusions Manga Horror,293,475,-182,182
4548,Zotrix,209,134,75,75
4549,StaudSofts Synthetic World Beta,0,0,0,0
4550,Tiamat X,137,0,137,137
4551,Particula,1002,1447,-445,445
4552,SLAMMED!,0,0,0,0
4553,Elementary My Dear Majesty!,194,0,194,194
4554,inSynch,0,0,0,0
4555,Hypnosis,0,0,0,0
4556,Crash Drive 2,194,464,-270,270
4557,Rainbow Hero,0,0,0,0
4558,CroNix,780,428,352,352
4559,Silicone-2,0,0,0,0
4560,InMind VR,314,320,-6,6
4561,Firefly Online Cortex,679,459,220,220
4562,Rotieer,0,0,0,0
4563,Cat Goes Fishing,568,765,-197,197
4564,Uninvited: MacVenture Series,0,0,0,0
4565,Deja Vu: MacVenture Series,0,0,0,0
4566,Deja Vu II: MacVenture Series,0,0,0,0
4567,Trash TV,0,0,0,0
4568,Fort Defense,137,136,1,1
4569,Anti-Opoly,0,0,0,0
4570,Ghost Pirates of Vooju Island,0,0,0,0
4571,Never Ending Night,0,0,0,0
4572,Cataegis : The White Wind,453,0,453,453
4573,World of Cinema - Movie Tycoon,0,0,0,0
4574,Valiant,0,0,0,0
4575,Immortal Empire,393,214,179,179
4576,Janky Tanks,0,0,0,0
4577,Pixel Puzzles 2: Birds,137,0,137,137
4578,Man O War: Corsair - Warhammer Naval Battles,209,123,86,86
4579,Heckabomb,312,0,312,312
4580,Front Office Football Seven,0,109,-109,109
4581,Magnetic: Cage Closed,0,139,-139,139
4582,Quell,0,0,0,0
4583,Three Fourths Home: Extended Edition,137,134,3,3
4584,Princess Evangile All Ages Version,0,123,-123,123
4585,Deadly Profits,780,704,76,76
4586,Reign Of Kings,8286,11072,-2786,2786
4587,fault - milestone two side:above,0,348,-348,348
4588,Mystery Masters: Psycho Train Deluxe Edition,0,0,0,0
4589,World of Mixed Martial Arts 3,0,0,0,0
4590,Total Extreme Wrestling,0,0,0,0
4591,Forsaken Fortress Strategy,0,124,-124,124
4592,Gratuitous Space Battles 2,137,186,-49,49
4593,Big Pharma,636,639,-3,3
4594,Crystal Story II,137,173,-36,36
4595,ARM Planetary Prospectors Asteroid Resource Mining,0,0,0,0
4596,Undeadz!,0,0,0,0
4597,Sun Blast: Star Fighter,601,459,142,142
4598,Jaques Roque,0,0,0,0
4599,Ascent - The Space Game,0,259,-259,259
4600,Flame Over,0,114,-114,114
4601,Ancient Planet,0,123,-123,123
4602,Vox Populi Vox Dei 2,393,288,105,105
4603,Dark Matter,0,0,0,0
4604,Victor Vran ARPG,3050,1928,1122,1122
4605,Agent Awesome,393,193,200,200
4606,SHOGUN: Total War(tm) - Collection,297,112,185,185
4607,Medieval: Total War(tm) - Collection,312,298,14,14
4608,Lost in a Forest,0,0,0,0
4609,The Quivering,0,0,0,0
4610,Wildlife Creative Studio,0,0,0,0
4611,My Family Creative Studio,0,0,0,0
4612,The Grave Digger,0,0,0,0
4613,LIGHTNING RETURNS(tm): FINAL FANTASY(r) XIII,1395,1582,-187,187
4614,TyranoBuilder Visual Novel Studio,297,256,41,41
4615,Kings Quest,1187,1117,70,70
4616,Vapour,0,0,0,0
4617,Lumo,0,0,0,0
4618,Inbetween Land,0,0,0,0
4619,Universal Combat CE 2.0,297,240,57,57
4620,The Labyrinth of Grisaia,0,0,0,0
4621,Block Legend DX,0,0,0,0
4622,Without Within,780,1822,-1042,1042
4623,RIDE,568,906,-338,338
4624,Idol Hands,0,0,0,0
4625,Shantae and the Pirates Curse,513,588,-75,75
4626,Super Galaxy Squadron EX,0,128,-128,128
4627,NASCAR 15 Victory Edition,297,341,-44,44
4628,The Note,0,0,0,0
4629,ABRACA - Imagic Games,0,0,0,0
4630,Besiege,9269,17530,-8261,8261
4631,Joes Diner,137,133,4,4
4632,Disney High School Musical 3: Senior Year Dance,0,0,0,0
4633,Astro Emporia,0,0,0,0
4634,I Cant Escape: Darkness,0,0,0,0
4635,ARK: Survival Evolved,61699,96815,-35116,35116
4636,Boring Man - Online Tactical Stickman Combat,2644,2800,-156,156
4637,Rktcr,0,0,0,0
4638,Hidden Object Bundle 5 in 1,0,0,0,0
4639,Martial Law,0,0,0,0
4640,Barter Empire,0,0,0,0
4641,David.,293,630,-337,337
4642,Drew and the Floating Labyrinth,0,0,0,0
4643,Garden Rescue,0,0,0,0
4644,Ski Park Tycoon,0,0,0,0
4645,The Old Tree,780,2525,-1745,1745
4646,Containment Protocol,0,0,0,0
4647,Streets of Chaos,0,0,0,0
4648,Into The War,137,529,-392,392
4649,The Spatials,293,233,60,60
4650,Spectrum: First Light,0,0,0,0
4651,Musclecar Online,0,0,0,0
4652,samurai_jazz,0,0,0,0
4653,Vector 36,0,0,0,0
4654,Toy Wars Invasion,0,0,0,0
4655,Hyphen,0,0,0,0
4656,Cylne,0,0,0,0
4657,Hero of the Kingdom II,312,618,-306,306
4658,Plazma Being,0,0,0,0
4659,Break the Cube,0,0,0,0
4660,Sky Battles,0,0,0,0
4661,GOCCO OF WAR,209,337,-128,128
4662,Quarries of Scred,0,0,0,0
4663,Luminosity,0,0,0,0
4664,Damnation City of Death,0,0,0,0
4665,Pre-Civilization Marble Age,194,402,-208,208
4666,FINAL FANTASY IV: THE AFTER YEARS,211,152,59,59
4667,Chips Challenge 1,194,199,-5,5
4668,AdVenture Capitalist,61699,31606,30093,30093
4669,Undead Shadows,0,0,0,0
4670,Shadowrun: Hong Kong - Extended Edition,1395,1422,-27,27
4671,The Dark Stone from Mebara,312,0,312,312
4672,OBEY,0,206,-206,206
4673,InnerSpace,0,0,0,0
4674,The Bluecoats: North vs South,137,166,-29,29
4675,Keebles,0,0,0,0
4676,VolTalkes - The AI War,0,0,0,0
4677,Pro Basketball Manager 2016,0,0,0,0
4678,Naught Reawakening,0,0,0,0
4679,Steredenn,312,424,-112,112
4680,Combat Air Patrol 2,0,0,0,0
4681,The Cosmos is MINE!,0,0,0,0
4682,F-19 Stealth Fighter,0,0,0,0
4683,Hyperspeed,0,0,0,0
4684,Knights of the Sky,0,0,0,0
4685,A Quiver of Crows,0,0,0,0
4686,Rise & Shine,0,0,0,0
4687,HeartZ: Co-Hope Puzzles,0,0,0,0
4688,The Making of Grim Fandango Remastered: E3 and Beyond,0,0,0,0
4689,The Making of Grim Fandango Remastered: The Remastered Treatment,0,0,0,0
4690,001 Game Creator,0,0,0,0
4691,Pneuma: Breath of Life,0,128,-128,128
4692,Mayan Death Robots,0,0,0,0
4693,Super Pixalo,0,0,0,0
4694,Rats - Time is running out!,170,197,-27,27
4695,Terra Incognita ~ Chapter One: The Descendant,1187,894,293,293
4696,Evolution II: Fighting for Survival,0,0,0,0
4697,Hidden Object Bundle 4 in 1,0,0,0,0
4698,Gaokao.Love.100Days,771,2526,-1755,1755
4699,16 Bit Arena,335,0,335,335
4700,Caromble!,0,0,0,0
4701,Karate Master 2 Knock Down Blow,137,346,-209,209
4702,Natural Soccer,0,0,0,0
4703,Perils of Man,0,0,0,0
4704,Soda Drinker Pro,0,0,0,0
4705,Wait - Extended,0,0,0,0
4706,Terraform,0,0,0,0
4707,Ghost Song,0,0,0,0
4708,Street Arena,0,0,0,0
4709,Fairy Fencer F,1623,1623,0,0
4710,Hatland Adventures,0,0,0,0
4711,Forsaken Isle,137,162,-25,25
4712,Datswer,0,0,0,0
4713,Bloodbath Kavkaz,393,1627,-1234,1234
4714,Trackday Manager,0,260,-260,260
4715,RUMP! - Its a Jump and Rump!,0,0,0,0
4716,Starship Traveller,0,0,0,0
4717,Nimble Writer,0,157,-157,157
4718,Gun Wings,0,159,-159,159
4719,Social Justice Warriors,0,0,0,0
4720,ORBIT,0,0,0,0
4721,Hospital Manager,137,123,14,14
4722,Chips Challenge 2,0,0,0,0
4723,Siege Wars,0,0,0,0
4724,Doodle God,297,293,4,4
4725,The Interview,0,145,-145,145
4726,BattleLore: Command,0,0,0,0
4727,Quell Reflect,0,0,0,0
4728,Quell Memento,0,0,0,0
4729,Lex Mortis,0,0,0,0
4730,Bierzerkers,601,550,51,51
4731,SAMURAI WARRIORS 4-II,297,541,-244,244
4732,Beyond Sol,0,0,0,0
4733,Autobahn Police Simulator,297,222,75,75
4734,Incognito,0,0,0,0
4735,Divine Slice of Life,297,156,141,141
4736,Sector Zero,0,0,0,0
4737,The Asskickers-Steam Edition,0,0,0,0
4738,Immune - True Survival,762,782,-20,20
4739,Walkover,194,101,93,93
4740,Saint Seiya: Soldiers Soul,211,652,-441,441
4741,Abyss Raiders: Uncharted,0,0,0,0
4742,Abyss Cave,0,0,0,0
4743,Wooden Floor,0,119,-119,119
4744,M4 Tank Brigade,0,0,0,0
4745,FIM Speedway Grand Prix 15,209,0,209,209
4746,UFHO2,0,0,0,0
4747,Disney Mickeys Typing Adventure,0,0,0,0
4748,MyDream,0,0,0,0
4749,Ame no Marginal -Rain Marginal-,0,0,0,0
4750,INIT.,0,0,0,0
4751,Hyperspace Pinball,0,0,0,0
4752,NARUTO SHIPPUDEN: Ultimate Ninja STORM 4,3914,5204,-1290,1290
4753,Fruits Inc. Deluxe Pack,0,0,0,0
4754,Notrium,0,0,0,0
4755,Corrosion: Cold Winter Waiting [Enhanced Edition],137,0,137,137
4756,Dead TrailZ,0,0,0,0
4757,Soul Locus,0,0,0,0
4758,The Black Watchmen,209,181,28,28
4759,Edolie,0,0,0,0
4760,Copy Kitty,0,0,0,0
4761,BlastZone 2,137,0,137,137
4762,Panda School Browser,0,0,0,0
4763,Littlewitch Romanesque: Editio Regia,0,0,0,0
4764,The Rainy Port Keelung Yu Gang Ji Long,0,114,-114,114
4765,The Undying Plague,137,133,4,4
4766,Dark Forester,0,0,0,0
4767,Cubicle Quest,280,219,61,61
4768,TableTop Cricket,0,0,0,0
4769,PeriAreion,0,0,0,0
4770,Burstfire,762,843,-81,81
4771,Tokyo Hosto,0,0,0,0
4772,Solar System Conflict,0,0,0,0
4773,ARMED SEVEN,0,0,0,0
4774,Romeros Aftermath,9269,10092,-823,823
4775,Snail Bob 2: Tiny Troubles,0,0,0,0
4776,Fatty Mazes Adventures,0,0,0,0
4777,Ancestory,0,0,0,0
4778,La-Mulana,0,1358,-1358,1358
4779,GunWorld,137,0,137,137
4780,Gremlin Invasion: Survivor,0,0,0,0
4781,Exostorm,0,0,0,0
4782,Time Mysteries: Inheritance - Remastered,297,337,-40,40
4783,The Gate,194,181,13,13
4784,EITR,0,0,0,0
4785,Environmental Station Alpha,114,269,-155,155
4786,No Pineapple Left Behind,0,0,0,0
4787,TransOcean 2: Rivals,360,306,54,54
4788,Scraps: Modular Vehicle Combat,0,112,-112,112
4789,Revolution 60,0,0,0,0
4790,Mighty Switch Force! Academy,0,0,0,0
4791,Dead Sea,0,235,-235,235
4792,LawBreakers,780,0,780,780
4793,BLADESTORM: Nightmare,0,187,-187,187
4794,Call of the Ninja!,0,0,0,0
4795,From Bedrooms to Billions: Making of Speedball 2,0,0,0,0
4796,Love And Order,0,0,0,0
4797,Fly in the House,0,0,0,0
4798,HassleHeart,0,0,0,0
4799,Airport Firefighters - The Simulation,209,102,107,107
4800,BIOS,0,120,-120,120
4801,Combat Cats,0,0,0,0
4802,Sandmason,0,0,0,0
4803,Dodge,0,0,0,0
4804,Alganon,194,205,-11,11
4805,Red Stone Online,293,208,85,85
4806,The Bug Butcher,297,700,-403,403
4807,Giana Sisters 2D,0,0,0,0
4808,Cannibal,0,0,0,0
4809,Pixel Puzzles 2: Anime,393,220,173,173
4810,Bonetown - The Power of Death,0,0,0,0
4811,Streets of Fury EX,0,161,-161,161
4812,Bloodwood Reload,319,264,55,55
4813,Pixel Puzzles Ultimate,0,0,0,0
4814,Cricket Captain 2015,0,0,0,0
4815,Outpost 13,0,0,0,0
4816,The Corporate Machine,0,0,0,0
4817,Regency Solitaire,211,160,51,51
4818,Niffelheim,0,256,-256,256
4819,Rustbucket Rumble,408,346,62,62
4820,DRAGON: A Game About a Dragon,194,169,25,25
4821,Pixel: ru2,0,0,0,0
4822,Tower of Eglathia,0,0,0,0
4823,Counter Spell,0,103,-103,103
4824,Venusian Vengeance,0,0,0,0
4825,Avalanche 2: Super Avalanche,297,124,173,173
4826,Survival: Postapocalypse Now,1395,6166,-4771,4771
4827,DROD RPG: Tendrys Tale,0,0,0,0
4828,Belladonna,0,385,-385,385
4829,The Defenders: The Second Wave,137,0,137,137
4830,CleanEm Up,0,0,0,0
4831,Veteran Combat,0,0,0,0
4832,Scribble Space,0,107,-107,107
4833,Age of Fear: The Undead King,0,0,0,0
4834,Quiplash,762,180,582,582
4835,Fire With Fire Tower Attack and Defense,393,161,232,232
4836,Eternal Senia,6650,6431,219,219
4837,UnReal World,0,281,-281,281
4838,Zotrix - Solar Division,0,0,0,0
4839,On My Own,0,0,0,0
4840,Invisible Apartment,174,378,-204,204
4841,Dev Guy,1187,1693,-506,506
4842,MadSpace: To Hell and Beyond,0,0,0,0
4843,Z.A.R.,0,0,0,0
4844,Cultures - Northland,335,0,335,335
4845,Pregnancy,0,329,-329,329
4846,Valhalla Hills,297,343,-46,46
4847,The Descendant,0,109,-109,109
4848,Tales of Zestiria,3914,2937,977,977
4849,Riff Racer - Race Your Music!,170,562,-392,392
4850,Beach Bounce,297,195,102,102
4851,The World Named Fred,0,0,0,0
4852,Chesster,0,0,0,0
4853,Fort Meow,0,105,-105,105
4854,Judge Dredd: Countdown Sector 106,0,0,0,0
4855,Fair Strike,0,0,0,0
4856,Locoland,0,0,0,0
4857,Curse of Mermos,174,272,-98,98
4858,MadOut,0,0,0,0
4859,Spirit of War,0,0,0,0
4860,Little Cells,0,0,0,0
4861,King of Dragon Pass,209,126,83,83
4862,The Westport Independent,0,0,0,0
4863,Cakewalk Sound Center,0,0,0,0
4864,Reflections,0,0,0,0
4865,Defect,0,0,0,0
4866,LEGO(r) Jurassic World,2664,1659,1005,1005
4867,Farlight Explorers,0,122,-122,122
4868,Catacombs of the Undercity,0,0,0,0
4869,Sneaky Ninja,0,0,0,0
4870,Dead Realm,3050,3974,-924,924
4871,The Silent Age,393,946,-553,553
4872,Poppy Kart,0,0,0,0
4873,Urban Empire,0,0,0,0
4874,Hidden: On the trail of the Ancients,0,0,0,0
4875,The Way We All Go,0,0,0,0
4876,Porcunipine,0,0,0,0
4877,The Indie Mixtape,0,0,0,0
4878,Subspace Continuum,280,344,-64,64
4879,The Universim,0,0,0,0
4880,Princess Battles,0,0,0,0
4881,Road Works,0,0,0,0
4882,Kaiju Panic,0,0,0,0
4883,An Octave Higher,0,112,-112,112
4884,Futuridium EP Deluxe,0,0,0,0
4885,DGU: Death God University,0,0,0,0
4886,Caravan,0,0,0,0
4887,Giana Sisters: Dream Runners,0,0,0,0
4888,Better Late Than DEAD,530,565,-35,35
4889,Star Horizon,0,0,0,0
4890,Ghost Encounters: Deadwood - Collectors Edition,0,0,0,0
4891,Chicken Invaders 5,0,216,-216,216
4892,Dreamscapes: Nightmares Heir - Premium Edition,0,0,0,0
4893,Time of Dragons,2644,1430,1214,1214
4894,Bombshell,0,166,-166,166
4895,Snails,0,0,0,0
4896,Hyperdimension Neptunia Re;Birth3 V Generation,1440,1440,0,0
4897,Metamorphabet,0,0,0,0
4898,Rooftop Cop,0,0,0,0
4899,how do you Do It?,2593,2562,31,31
4900,Stephens Sausage Roll,50345,132,50213,50213
4901,Plug & Play,319,2689,-2370,2370
4902,Rad Rodgers,0,0,0,0
4903,Spellbind,0,0,0,0
4904,DEUS EX MACHINA 2,0,0,0,0
4905,Oil Enterprise,0,111,-111,111
4906,Train Valley,393,423,-30,30
4907,D.U.S.T.,0,237,-237,237
4908,The Deadly Tower of Monsters,297,378,-81,81
4909,Spud!,0,0,0,0
4910,Aces of the Luftwaffe,0,0,0,0
4911,Ankh - Anniversary Edition,0,0,0,0
4912,Parvaneh: Legacy of the Lights Guardians,0,0,0,0
4913,VolChaos,0,0,0,0
4914,Starlight Tactics(tm),0,0,0,0
4915,Bunker - The Underground Game,0,0,0,0
4916,Aberoth,1187,891,296,296
4917,Devouring Stars,0,0,0,0
4918,Please Dont Touch Anything,749,1706,-957,957
4919,ChaosTower,0,0,0,0
4920,Claws & Feathers,0,0,0,0
4921,Assassins Creed(r) Chronicles: China,405,1228,-823,823
4922,STAR WARS(tm) - X-Wing Special Edition,312,102,210,210
4923,Stars Beyond Reach,0,0,0,0
4924,PAYDAY: The Web Series: The Vault,0,0,0,0
4925,PAYDAY: The Web Series: Hector,0,0,0,0
4926,PAYDAY: The Web Series: The Elephant,0,0,0,0
4927,PAYDAY: The Web Series: Greta: The Assassin,0,0,0,0
4928,Decisive Campaigns: Case Blue,0,0,0,0
4929,Miner Warfare,0,0,0,0
4930,The Settlers Online,1074,629,445,445
4931,Adventures of Bertram Fiddle: Episode 1: A Dreadly Business,0,225,-225,225
4932,The Lost City Of Malathedra,0,0,0,0
4933,STATIC: Investigator Training,0,0,0,0
4934,Deadly Sin,0,0,0,0
4935,Echoes Of Aetheria,0,0,0,0
4936,Trigger Saint,0,0,0,0
4937,Coated,0,0,0,0
4938,Prison Tycoon Alcatraz,0,0,0,0
4939,Why So Evil 2: Dystopia,736,787,-51,51
4940,The Adventures of Tree,170,144,26,26
4941,Indie Assault,0,0,0,0
4942,Pester,0,0,0,0
4943,East Tower - Akio,0,0,0,0
4944,Shin Samurai Jazz,0,0,0,0
4945,GlassWire,174,158,16,16
4946,Race Online,0,0,0,0
4947,Bomb The Monsters!,0,0,0,0
4948,CyberLink PowerDirector 14 Ultra,0,0,0,0
4949,Sky Force Anniversary,211,498,-287,287
4950,Sebastien Loeb Rally EVO,209,250,-41,41
4951,TDP5 Arena 3D,319,173,146,146
4952,Crazy Steam Bros 2,0,0,0,0
4953,Second Coming: Tactical Training,0,0,0,0
4954,MotoGP(tm)15,297,242,55,55
4955,Traps N Gemstones,0,0,0,0
4956,Gravilon,736,883,-147,147
4957,Geocore,0,0,0,0
4958,NEO AQUARIUM - The King of Crustaceans -,137,130,7,7
4959,STAR WARS(tm): TIE Fighter Special Edition,312,143,169,169
4960,199X,0,193,-193,193
4961,Blood Alloy: Reborn,0,0,0,0
4962,Reign of Bullets,0,0,0,0
4963,Perfection of Wisdom,0,0,0,0
4964,Radium,137,0,137,137
4965,Flamberge,0,0,0,0
4966,//SNOWFLAKE TATTOO//,0,0,0,0
4967,Thunderbird,0,0,0,0
4968,Leadwerks Game Launcher,0,0,0,0
4969,Crazy Belts,0,0,0,0
4970,The Albino Hunter,393,295,98,98
4971,Trigger Runners,0,0,0,0
4972,ENIGMA : An Illusion Named Family,0,0,0,0
4973,Leos Fortune - HD Edition,0,168,-168,168
4974,Pirates vs Corsairs: Davy Joness Gold,0,0,0,0
4975,Puzzle Expedition,0,0,0,0
4976,Overland,0,0,0,0
4977,Deputy Dangle,0,0,0,0
4978,Space Run Galaxy,0,334,-334,334
4979,FutureGrind,0,0,0,0
4980,Survarium,13356,12247,1109,1109
4981,Albino Lullaby: Episode 1,0,220,-220,220
4982,Piloteer,0,0,0,0
4983,Home is Where One Starts...,137,285,-148,148
4984,Dungeon Warfare,137,237,-100,100
4985,The Hero of Kendrickstone,0,0,0,0
4986,Sheltered,1395,1676,-281,281
4987,Beyond Eyes,297,340,-43,43
4988,Machineers - Episode 1: Tivoli Town,0,0,0,0
4989,Fuego!,0,0,0,0
4990,Box Out!,0,0,0,0
4991,Heroes of Scene,601,642,-41,41
4992,Tile Rider,0,0,0,0
4993,Time Machine VR,0,0,0,0
4994,Keen Dreams,393,204,189,189
4995,Tony Tough and the Night of Roasted Moths,0,0,0,0
4996,Gathering Sky,0,0,0,0
4997,Stalingrad,0,0,0,0
4998,Cuban Missile Crisis,0,0,0,0
4999,Desert Law,0,0,0,0
5000,Cuban Missile Crisis: Ice Crusade,0,0,0,0
5001,METAL SLUG DEFENSE,1361,1161,200,200
5002,Dragomon Hunter,2664,842,1822,1822
5003,Soccer Manager 2015,1522,525,997,997
5004,The Slaughter: Act One,0,0,0,0
5005,Thumper,0,0,0,0
5006,Interloper,209,201,8,8
5007,Chris Sawyers Locomotion(tm),0,123,-123,123
5008,Soccer Rage,0,721,-721,721
5009,Port of Call,170,773,-603,603
5010,East Tower - Takashi,0,0,0,0
5011,East Tower - Kuon,0,0,0,0
5012,East Tower - Kurenai,0,0,0,0
5013,Party Hard,1522,2456,-934,934
5014,Deaths Gambit,0,0,0,0
5015,Spookys Jump Scare Mansion,3920,7202,-3282,3282
5016,Band of Drones,0,0,0,0
5017,The Hole Story,0,0,0,0
5018,Astronaut Simulator,0,0,0,0
5019,Galacide,0,0,0,0
5020,Choice of the Petal Throne,0,0,0,0
5021,Eron,0,195,-195,195
5022,One More Line,0,0,0,0
5023,MAGIX Music Maker Hip Hop Edition 6,0,0,0,0
5024,The Collider 2,0,0,0,0
5025,Excubitor,0,0,0,0
5026,UBERMOSH,1416,832,584,584
5027,Big Action Mega Fight!,137,0,137,137
5028,Alter World,393,263,130,130
5029,Red Lake,0,163,-163,163
5030,Snakebird,312,429,-117,117
5031,Oriental Empires,0,0,0,0
5032,Break_In,0,0,0,0
5033,Space Beast Terror Fright,209,320,-111,111
5034,Cobalt,297,487,-190,190
5035,Return NULL - Episode 1,0,0,0,0
5036,Astroloco: Worst Contact,0,0,0,0
5037,Unium,137,216,-79,79
5038,Project Explore,0,214,-214,214
5039,Home Improvisation: Furniture Sandbox,0,112,-112,112
5040,APT,0,0,0,0
5041,Inside My Radio,0,182,-182,182
5042,VR Karts,0,0,0,0
5043,Damn virgins,0,0,0,0
5044,The District,293,959,-666,666
5045,Defend Your Life,393,580,-187,187
5046,Attack of the Labyrinth +,0,0,0,0
5047,Zombie Camp: Last Survivor,0,0,0,0
5048,Make it indie!,685,936,-251,251
5049,QuestEvent,0,0,0,0
5050,Final Strike,0,0,0,0
5051,The Curse of Nordic Cove,0,0,0,0
5052,Another Star,0,0,0,0
5053,Earthtongue,0,0,0,0
5054,D4: Dark Dreams Dont Die -Season One-,1440,997,443,443
5055,The Curious Expedition,542,543,-1,1
5056,Arctic Adventure,0,0,0,0
5057,Bio Menace,0,0,0,0
5058,Blake Stone: Aliens of Gold,0,0,0,0
5059,Math Rescue,0,0,0,0
5060,Monster Bash,0,0,0,0
5061,Mystic Towers,0,0,0,0
5062,Paganitzu,0,0,0,0
5063,Monuments of Mars,0,0,0,0
5064,Crystal Caves,0,0,0,0
5065,Death Rally (Classic),0,0,0,0
5066,Alien Carnage / Halloween Harry,0,0,0,0
5067,Hocus Pocus,0,0,0,0
5068,Major Stryker,0,0,0,0
5069,Blake Stone: Planet Strike,0,0,0,0
5070,Realms of Chaos,0,0,0,0
5071,Pharaohs Tomb,0,0,0,0
5072,Word Rescue,0,0,0,0
5073,Secret Agent,0,0,0,0
5074,Raptor: Call of the Shadows (1994 Classic Edition),0,0,0,0
5075,Terminal Velocity,0,0,0,0
5076,Wacky Wheels,0,0,0,0
5077,Stargunner,0,0,0,0
5078,Shadow Warrior (Classic),0,0,0,0
5079,Xenophage: Alien Bloodsport,0,0,0,0
5080,Dark Ages,0,0,0,0
5081,Talisman: The Horus Heresy,0,115,-115,115
5082,Drip Drip,0,0,0,0
5083,Exowar,0,0,0,0
5084,Gryphon Knight Epic,0,0,0,0
5085,3d Bridges,0,0,0,0
5086,Sunrider: Liberation Day - Captains Edition,0,321,-321,321
5087,Selenon Rising,0,0,0,0
5088,The Reject Demon: Toko Chapter 0 -- Prelude,0,130,-130,130
5089,Luckslinger,0,0,0,0
5090,Good Robot,0,128,-128,128
5091,ZombieRun,0,0,0,0
5092,Canabalt,0,111,-111,111
5093,The Music Machine,137,203,-66,66
5094,Hunter Gatherer,0,0,0,0
5095,Gare Sapphire Mechs,0,0,0,0
5096,Kick Ass Commandos,0,122,-122,122
5097,TAKEN,0,0,0,0
5098,Rituals,0,0,0,0
5099,MX vs. ATV Unleashed,114,157,-43,43
5100,Lethis - Path of Progress,297,394,-97,97
5101,City of Fools,0,0,0,0
5102,Heroes of Loot,0,0,0,0
5103,Crazy Cars - Hit the Road,0,0,0,0
5104,Evoland 2,1395,1070,325,325
5105,Elite Dangerous,16455,17106,-651,651
5106,Defunct,0,0,0,0
5107,Pirates Life,0,0,0,0
5108,Amnesia(tm): Memories,312,930,-618,618
5109,Why Am I Dead At Sea,0,0,0,0
5110,Artifact Adventure,0,0,0,0
5111,In Space We Brawl,0,0,0,0
5112,Tom Clancys Rainbow Six(r) Siege,23548,31380,-7832,7832
5113,Shutter,137,114,23,23
5114,Uncanny Valley,312,235,77,77
5115,Assassins Creed(r) Chronicles: Russia,137,128,9,9
5116,Assassins Creed(r) Chronicles: India,114,183,-69,69
5117,Call of Cthulhu: Prisoner of Ice,0,0,0,0
5118,Independence War(r) 2: Edge of Chaos,0,0,0,0
5119,Star Trek(tm) : 25th Anniversary,0,0,0,0
5120,Vagrant Hearts 2,0,0,0,0
5121,From Bedrooms to Billions: Creating Sensible World of Soccer,0,0,0,0
5122,From Bedrooms to Billions: Making Games and Sheep in Space,0,0,0,0
5123,From Bedrooms to Billions: Making Head Over Heels,0,0,0,0
5124,From Bedrooms to Billions: Making Shadow of the Beast,0,0,0,0
5125,From Bedrooms to Billions: Teaching Nintendo 3D,0,0,0,0
5126,From Bedrooms to Billions: Making Elite,0,0,0,0
5127,Shift Happens,0,0,0,0
5128,The Incredible Adventures of Van Helsing III,312,459,-147,147
5129,Highlands,0,149,-149,149
5130,Shadows Peak,0,0,0,0
5131,Choice Chamber,312,106,206,206
5132,Alpha Version.0,0,0,0,0
5133,Remnants Of Isolation,137,0,137,137
5134,XLarn,0,0,0,0
5135,Our Nations Miner,0,0,0,0
5136,How To Survive: Third Person Standalone,393,836,-443,443
5137,How to Survive 2,3050,3461,-411,411
5138,Tiny Bridge: Ratventure,601,538,63,63
5139,Nightside,0,0,0,0
5140,Into the Stars,209,333,-124,124
5141,Hypt,0,0,0,0
5142,WE ARE DOOMED,0,0,0,0
5143,Cursed Sight,0,126,-126,126
5144,Abduction Action! Plus,0,0,0,0
5145,Once Bitten Twice Dead!,137,105,32,32
5146,99 Waves to Die,0,0,0,0
5147,Spellsworn,0,110,-110,110
5148,12 Labours of Hercules II: The Cretan Bull,1395,1390,5,5
5149,12 Labours of Hercules III: Girl Power,393,554,-161,161
5150,Drone Zero Gravity(tm),0,0,0,0
5151,Soda Star,0,0,0,0
5152,Cards and Castles,393,516,-123,123
5153,Downwell,2245,2302,-57,57
5154,StarFence: Heroic Edition,0,0,0,0
5155,Run and Fire,736,556,180,180
5156,MAGIX Audio Cleaning Lab 2016,0,0,0,0
5157,Lumini,0,0,0,0
5158,Electric Circuit,0,0,0,0
5159,Ultimate Tic-Tac-Toe,1187,1088,99,99
5160,The Lost Valley,0,101,-101,101
5161,The Mean Greens - Plastic Warfare,1349,1796,-447,447
5162,Ongaku,0,0,0,0
5163,Luxor HD,0,0,0,0
5164,Doom & Destiny Advanced,0,113,-113,113
5165,Prometheus - The Fire Thief,0,0,0,0
5166,Card Dungeon,0,0,0,0
5167,Steamalot: Epochs Journey,0,0,0,0
5168,Sparkle 3 Genesis,393,321,72,72
5169,COAST GUARD,0,0,0,0
5170,Strange Space,0,0,0,0
5171,Turmoil,1074,1124,-50,50
5172,Mother Russia Bleeds,360,682,-322,322
5173,Casino Inc.,0,0,0,0
5174,Shrooms,0,0,0,0
5175,Goosebumps: The Game,0,0,0,0
5176,World War I,0,0,0,0
5177,Are You Smarter Than a 5th Grader?,0,0,0,0
5178,ASTRONEER,0,0,0,0
5179,The Little Crane That Could,0,0,0,0
5180,Cradle,297,844,-547,547
5181,Ice Cream Surfer,0,0,0,0
5182,Luna Sky,0,0,0,0
5183,404Sight,1187,1187,0,0
5184,Disney Infinity 3.0: Play Without Limits,601,1061,-460,460
5185,Accidental Runner,0,0,0,0
5186,STAR WARS(tm) - X-Wing Alliance(tm),280,125,155,155
5187,Knight & Damsel,0,0,0,0
5188,STAR WARS(tm) X-Wing vs TIE Fighter - Balance of Power Campaigns(tm),312,0,312,312
5189,Mortal Kombat: Legacy: Jax Sonya and Kano (Part 2),0,0,0,0
5190,Mortal Kombat: Legacy: Johnny Cage,0,0,0,0
5191,Mortal Kombat: Legacy: Kitana & Mileena (Part 1),0,0,0,0
5192,Mortal Kombat: Legacy: Kitana & Mileena (Part 2),0,0,0,0
5193,Mortal Kombat: Legacy: Raiden,0,0,0,0
5194,Mortal Kombat: Legacy: Scorpion and Sub-Zero (Part 1),0,0,0,0
5195,Mortal Kombat: Legacy: Scorpion and Sub-Zero (Part 2),0,0,0,0
5196,Mortal Kombat: Legacy: Cyrax & Sektor,0,0,0,0
5197,Tree of Life,1279,4798,-3519,3519
5198,in Space,137,104,33,33
5199,Chronostorm: Siberian Border,0,0,0,0
5200,Farm Frenzy: Hurricane Season,0,0,0,0
5201,Weather Lord: The Successors Path,0,0,0,0
5202,Lakeview Cabin Collection,568,501,67,67
5203,Queen At Arms,0,0,0,0
5204,Mysteries & Nightmares: Morgiana,0,0,0,0
5205,Metal Reaper Online,575,458,117,117
5206,Ashes of Immortality,0,0,0,0
5207,Ashes of Immortality II,0,0,0,0
5208,Mortal Kombat: Legacy II: Reunited in Macau,0,0,0,0
5209,Mortal Kombat: Legacy II: The Fall of Liu Kang,0,0,0,0
5210,Mortal Kombat: Legacy II: Kenshis Origin,0,0,0,0
5211,Mortal Kombat: Legacy II: Kitana and Mileena,0,0,0,0
5212,Mortal Kombat: Legacy II: Scorpion and Sub-Zero (Part 1),0,0,0,0
5213,Mortal Kombat: Legacy II: Scorpion and Sub-Zero (Part 2),0,0,0,0
5214,Mortal Kombat: Legacy II: Liu Kang,0,0,0,0
5215,Mortal Kombat: Legacy II: Liu Kang and Kung Lao,0,0,0,0
5216,The Living Dungeon,0,0,0,0
5217,Dungeon League,0,0,0,0
5218,Boss Monster,137,210,-73,73
5219,Dog Fight,0,0,0,0
5220,Push Me Pull You,0,0,0,0
5221,Regimental Chess,194,101,93,93
5222,Adams Venture Chronicles,0,0,0,0
5223,Exanima,1440,1788,-348,348
5224,High On Racing,393,127,266,266
5225,Software Inc.,714,1114,-400,400
5226,Fran Bow,1623,1639,-16,16
5227,Age of Enigma: The Secret of the Sixth Ghost,0,0,0,0
5228,Marmoset Toolbag 2,0,0,0,0
5229,18 Wheels of Steel: Extreme Trucker 2,0,0,0,0
5230,Word Wonders: The Tower of Babel,0,0,0,0
5231,Cadence,0,0,0,0
5232,Fighties,137,222,-85,85
5233,3D MiniGolf,0,0,0,0
5234,RPG Maker 2003,0,128,-128,128
5235,Black Mesa,1494,5739,-4245,4245
5236,Atlantis 2: Beyond Atlantis,0,0,0,0
5237,Garfield Kart,0,432,-432,432
5238,IPackThat,0,0,0,0
5239,NOBUNAGAS AMBITION: Kakushin with Power Up Kit / Xin Chang noYe Wang Ge Xin  with pawaatsupukitsuto,0,0,0,0
5240,NOBUNAGAS AMBITION: Tendou with Power Up Kit / Xin Chang noYe Wang Tian Dao  with pawaatsupukitsuto,0,0,0,0
5241,Toukiden: Kiwami,209,740,-531,531
5242,ROMANCE OF THE THREE KINGDOMS 13 / San Guo Zhi 13,1425,1526,-101,101
5243,Tenshu General,0,0,0,0
5244,Virus Jigglin Fever,0,0,0,0
5245,Ghost in the Machine,0,0,0,0
5246,Caveman Craig,0,0,0,0
5247,O3DX,0,0,0,0
5248,Mind Snares: Alices Journey,297,254,43,43
5249,Interstellar Rift,209,263,-54,54
5250,Always The Same Blue Sky...,137,152,-15,15
5251,Leap of Fate,0,132,-132,132
5252,Mega Man Legacy Collection / rotsukuman kurashitsukusu korekushiyon,864,876,-12,12
5253,Spermination,137,300,-163,163
5254,Grave Prosperity: Redux- part 1,0,101,-101,101
5255,Escape Machines,280,491,-211,211
5256,Ossuary,0,0,0,0
5257,Goliath,0,177,-177,177
5258,Robot Arena III,0,195,-195,195
5259,PING 1.5+(tm),0,0,0,0
5260,Holy Potatoes! A Weapon Shop?!,1395,754,641,641
5261,Hackers Beat,0,0,0,0
5262,Island Flight Simulator,0,0,0,0
5263,Seeders,0,0,0,0
5264,Battlefleet Gothic: Armada,2245,2429,-184,184
5265,Egg Returns Home,522,439,83,83
5266,RPG Maker MV,864,977,-113,113
5267,Super Goo Goo,0,0,0,0
5268,SWR JST DX Selective Memory Erase Effect,0,0,0,0
5269,Dead Age,209,146,63,63
5270,Solar Shifter EX,0,0,0,0
5271,Windscape,0,0,0,0
5272,Devils & Demons,0,0,0,0
5273,Forget Me Not: My Organic Garden,0,121,-121,121
5274,Face It - A game to fight inner demons,293,1043,-750,750
5275,Capsule Force,0,0,0,0
5276,Space Robot Samurai Zombie Slayer,0,0,0,0
5277,Swordsman,575,427,148,148
5278,ASDAD: All-Stars Dungeons and Diamonds,0,0,0,0
5279,Farabel,0,0,0,0
5280,Sierra Ops,0,0,0,0
5281,Lucius Demake,0,0,0,0
5282,liquivid,0,0,0,0
5283,XIIZEAL,0,0,0,0
5284,Warlocks Citadel,0,0,0,0
5285,Lilly and Sasha: Curse of the Immortals,280,311,-31,31
5286,Space Rogue,0,136,-136,136
5287,The Apotheosis Project,0,0,0,0
5288,Total War: WARHAMMER,18583,18583,0,0
5289,The Sheltered,0,0,0,0
5290,CINEVEO - VR Cinema,0,0,0,0
5291,Downfall,0,227,-227,227
5292,Freshman Year,0,178,-178,178
5293,Endless Dead,0,0,0,0
5294,Transcendence,0,0,0,0
5295,FreeCell Quest,0,0,0,0
5296,Luminoso,0,0,0,0
5297,Skyflower,0,0,0,0
5298,SUPER DISTRO,1187,929,258,258
5299,Wonky Pigeon!,0,0,0,0
5300,Hacker Evolution Source Code,0,0,0,0
5301,Super Furball,0,0,0,0
5302,Voyage to Farland,0,0,0,0
5303,Star Trek(tm): Judgment Rites,0,0,0,0
5304,Star Trek(tm): Starfleet Academy,0,0,0,0
5305,BLEAK: Welcome to Glimmer,0,0,0,0
5306,N2O: Nitrous Oxide,0,0,0,0
5307,StartBolita - Simplemente un rompecabezas,0,0,0,0
5308,The Lost Battalion: All Out Warfare,0,0,0,0
5309,Red Bit Ninja,0,0,0,0
5310,Koi-Koi Japan [Hanafuda playing cards],297,393,-96,96
5311,Pony World 3,0,216,-216,216
5312,Restricted-RPS - All Aboard The Icarus,0,0,0,0
5313,CopperCube 5 Game Engine,0,0,0,0
5314,Bunker Constructor,0,0,0,0
5315,Gynophobia,137,262,-125,125
5316,Titanis,0,0,0,0
5317,One Manga Day,685,819,-134,134
5318,Unheard Screams - King Leopold IIs Rule Over The Congo,0,0,0,0
5319,Curse of the Crescent Isle DX,0,0,0,0
5320,DREAMFLIGHT VR,0,0,0,0
5321,Go Home - Rage incoming,0,0,0,0
5322,TASTEE: Lethal Tactics,209,120,89,89
5323,LOUD on Planet X,0,0,0,0
5324,Hollywood Visionary,0,0,0,0
5325,Galaxy Union,0,0,0,0
5326,Crash Dive,0,0,0,0
5327,Alexia Crow and the Cave of Heroes,0,0,0,0
5328,Transmissions: Element 120,2644,3594,-950,950
5329,Organ Biker,0,0,0,0
5330,Quadrant,0,0,0,0
5331,Jump/Boxer,0,0,0,0
5332,The Way of the Pixelated Fist,0,0,0,0
5333,Battle Brothers,568,978,-410,410
5334,Spoko and Poko,0,0,0,0
5335,Apollo4x,0,0,0,0
5336,Platfinity(tm),0,0,0,0
5337,Hacknet,3914,3577,337,337
5338,CHARIOT WARS,0,0,0,0
5339,Ravenmark: Scourge of Estellion,0,0,0,0
5340,quadrant,0,0,0,0
5341,Flip,0,0,0,0
5342,Battle of the Bulge,0,0,0,0
5343,Beeswing,0,0,0,0
5344,Tom Clancys The Division(tm),8701,29451,-20750,20750
5345,WarBirds - World War II Combat Aviation,0,0,0,0
5346,OlliOlli2: Welcome to Olliwood,297,223,74,74
5347,Blender,2644,2916,-272,272
5348,BRAWL,0,0,0,0
5349,Gilbert Goodmate and the Mushroom of Phungoria,0,0,0,0
5350,Rugby World Cup 2015,0,0,0,0
5351,Vektor Wars,0,0,0,0
5352,Volume,273,265,8,8
5353,AdvertCity,0,0,0,0
5354,Flying Tigers: Shadows Over China,297,275,22,22
5355,Spaceman Sparkles 2,0,0,0,0
5356,Below Kryll,0,0,0,0
5357,Mirrored - Chapter 1,0,0,0,0
5358,Heroes of Normandie,0,123,-123,123
5359,Pixel Dungeon,0,120,-120,120
5360,STOORM - Full Edition.,0,0,0,0
5361,rFactor 2,297,308,-11,11
5362,Rogue System,0,0,0,0
5363,Generic Space Shooter,0,0,0,0
5364,Iggys Egg Adventure,0,120,-120,120
5365,Teddy Terror,0,0,0,0
5366,Champions Of Chaos 2,0,0,0,0
5367,Hounds : The Last Hope,31397,154,31243,31243
5368,Disposable Heroes,0,0,0,0
5369,Sleep Attack,0,0,0,0
5370,Wurm Unlimited,864,872,-8,8
5371,BASEBALL STARS 2,0,0,0,0
5372,METAL SLUG,453,453,0,0
5373,METAL SLUG 2,0,0,0,0
5374,SHOCK TROOPERS,0,0,0,0
5375,TWINKLE STAR SPRITES,0,0,0,0
5376,Carp Fishing Simulator,0,105,-105,105
5377,ROGUS - Kingdom of The Lost Souls,0,0,0,0
5378,Dead Star,0,0,0,0
5379,Ludoku,0,0,0,0
5380,Savage Resurrection,714,869,-155,155
5381,Pavel Quest,0,0,0,0
5382,Ruzar - The Life Stone,0,0,0,0
5383,Esenthel Engine,293,0,293,293
5384,Zeuxis : procedural texture generator,0,0,0,0
5385,CastleAbra,0,0,0,0
5386,Fazbear Nightmare,0,0,0,0
5387,Prompt,0,0,0,0
5388,Withstand: Apotheosis,0,0,0,0
5389,Not without my donuts,0,0,0,0
5390,Broken Bots,0,0,0,0
5391,The Travels of Marco Polo,0,0,0,0
5392,Cue Club 2: Pool & Snooker,0,0,0,0
5393,Breakout Invaders,0,0,0,0
5394,Adorables,393,401,-8,8
5395,Magical Eyes - Red is for Anguish,0,0,0,0
5396,Mainland,522,195,327,327
5397,Dungeon Hero,0,0,0,0
5398,Spy Bugs,0,0,0,0
5399,Narcosis,0,0,0,0
5400,Zombie Zoeds,1349,879,470,470
5401,The Long Journey Home,0,0,0,0
5402,SECTOR,0,0,0,0
5403,Mighty Switch Force! Hyper Drive Edition,0,165,-165,165
5404,Fine Sweeper,194,268,-74,74
5405,Vernons Legacy,0,0,0,0
5406,Lootfest,0,0,0,0
5407,Vindicator: Uprising,0,0,0,0
5408,Helena The 3rd,0,0,0,0
5409,Songbringer,0,0,0,0
5410,Dustbowl,0,0,0,0
5411,Seduce Me the Otome,1187,1445,-258,258
5412,Wish Project,0,0,0,0
5413,Egyptian Settlement Gold,0,0,0,0
5414,Avenging Angel,0,0,0,0
5415,Dwarven Brawl Bros,0,0,0,0
5416,Angels Fall First,297,663,-366,366
5417,Pixel Star,137,0,137,137
5418,FleetCOMM,0,0,0,0
5419,Demon Hearts,0,0,0,0
5420,One Ship Two Ship Redshift Blueshift,0,0,0,0
5421,Poly Bridge,3050,1117,1933,1933
5422,Dragons Dogma: Dark Arisen,10508,5853,4655,4655
5423,Rugby League Team Manager 2015,0,0,0,0
5424,oO,335,639,-304,304
5425,Hook,762,3155,-2393,2393
5426,Skyshines BEDLAM,297,573,-276,276
5427,UfoPilot : Astro-Creeps Elite,0,0,0,0
5428,Controller Companion,174,1116,-942,942
5429,SHOFER Race Driver,0,0,0,0
5430,Afterlife Empire,0,0,0,0
5431,Aeros Quest,0,0,0,0
5432,Diamond Deeps,0,0,0,0
5433,Decromancer,0,0,0,0
5434,3D Paraglider,0,0,0,0
5435,Almightree: The Last Dreamer,0,0,0,0
5436,Sniper Ghost Warrior 3,0,0,0,0
5437,Aurion: Legacy of the Kori-Odan,0,0,0,0
5438,Tobari and the Night of the Curious Moon,0,0,0,0
5439,WORLD END ECONOMiCA episode.02,0,108,-108,108
5440,Polyball,0,104,-104,104
5441,Close Combat - Panthers in the Fog,0,0,0,0
5442,Valiant: Resurrection,0,0,0,0
5443,Visibility,0,0,0,0
5444,Marble Muse,0,0,0,0
5445,CrossCode,297,628,-331,331
5446,60 Seconds!,5913,2623,3290,3290
5447,Her Story,2245,2975,-730,730
5448,The Darkside Detective,0,0,0,0
5449,Through the Woods,0,0,0,0
5450,GeoVox,0,0,0,0
5451,Assassins Creed(r) Syndicate,3914,3808,106,106
5452,Albert and Otto,137,215,-78,78
5453,The Enchanted Cave 2,137,153,-16,16
5454,Timespinner,0,0,0,0
5455,htoL#NiQ: The Firefly Diary,0,0,0,0
5456,Dark Echo,194,404,-210,210
5457,Super Mutant Alien Assault,0,0,0,0
5458,Chronoclysm,0,0,0,0
5459,Mysterious Space,0,0,0,0
5460,Power of Love,0,0,0,0
5461,Sirius Online,194,147,47,47
5462,No Time To Explain Remastered,2245,1078,1167,1167
5463,Obliteracers,0,153,-153,153
5464,Nebula Online,393,256,137,137
5465,Playing History: Vikings,0,0,0,0
5466,President for a Day - Floodings,0,0,0,0
5467,President for a Day - Corruption,0,0,0,0
5468,Apocalypse: Partys Over,0,0,0,0
5469,Adventure in the Tower of Flight,0,0,0,0
5470,Garbage Day,209,330,-121,121
5471,Mystery Maze Of Balthasar Castle,0,0,0,0
5472,AR-K: The Great Escape,0,0,0,0
5473,Brilliant Bob,736,1108,-372,372
5474,Jigoku Kisetsukan: Sense of the Seasons,749,1310,-561,561
5475,Haywire on Fuel Station Zeta,0,0,0,0
5476,Force of Elements,0,0,0,0
5477,Despair,1187,1787,-600,600
5478,Pongo,293,404,-111,111
5479,Vinyl,170,164,6,6
5480,Yargis - Space Melee,714,110,604,604
5481,Amygdala,0,0,0,0
5482,Slain: Back from Hell,209,601,-392,392
5483,Age of Survival,0,159,-159,159
5484,Predator Simulator,0,0,0,0
5485,The Swindle,209,290,-81,81
5486,SoulCraft,0,0,0,0
5487,Shoot Em Up Kit,0,0,0,0
5488,Ghost in the Shell: Stand Alone Complex - First Assault Online,3920,8975,-5055,5055
5489,Kung Fu Panda Showdown of Legendary Legends,0,0,0,0
5490,Megatect,0,0,0,0
5491,Airport Madness: World Edition,137,139,-2,2
5492,Monstro: Battle Tactics,0,0,0,0
5493,Car Washer: Summer of the Ninja,0,0,0,0
5494,Crossfire: Dungeons,0,0,0,0
5495,Scourge of War: Waterloo,0,0,0,0
5496,Let the Cat in,601,891,-290,290
5497,9 Clues 2: The Ward,0,199,-199,199
5498,Professor Why(tm): The Quantum Eye,0,0,0,0
5499,Blacksea Odyssey,0,101,-101,101
5500,The Story Goes On,0,0,0,0
5501,Spectra,0,0,0,0
5502,NotGTAV,393,2831,-2438,2438
5503,Treeker: The Lost Glasses,0,0,0,0
5504,Holobunnies: The Bittersweet Adventure,0,0,0,0
5505,Brain Guzzler,0,0,0,0
5506,Riddled Corpses,137,105,32,32
5507,Lilly and Sasha: Nexus of Souls,194,0,194,194
5508,Scarab Tales,0,0,0,0
5509,Coffee Shop Tycoon,0,0,0,0
5510,Wyrmsun,0,0,0,0
5511,Breezeblox,0,0,0,0
5512,Axis Football 2015,273,280,-7,7
5513,Uncrowded,1361,5141,-3780,3780
5514,Lion Quest,0,0,0,0
5515,LOOP: A Tranquil Puzzle Game,0,0,0,0
5516,Front Wars,0,0,0,0
5517,Ruzh Delta Z,0,562,-562,562
5518,Two Steps Back,0,0,0,0
5519,Animal Gods,0,0,0,0
5520,NBA 2K16,5913,5913,0,0
5521,Jim Power -The Lost Dimension,0,0,0,0
5522,Season of 12 Colors,137,1080,-943,943
5523,8-Bit Adventures: The Forgotten Journey Remastered Edition,0,0,0,0
5524,Tompi Jones,0,0,0,0
5525,TIS-100,749,1395,-646,646
5526,Arcana Heart 3 LOVE MAX!!!!!,209,149,60,60
5527,Pixel Galaxy,0,0,0,0
5528,ASCII Attack,0,0,0,0
5529,Marble Mayhem: Fragile Ball,780,729,51,51
5530,Gary Grigsbys War in the East,0,0,0,0
5531,Sparkle 2,0,0,0,0
5532,Geek Resort,0,0,0,0
5533,Color Assembler,0,0,0,0
5534,Gem Wars: Attack of the Jiblets,137,0,137,137
5535,Hello Kitty and Sanrio Friends Racing,0,0,0,0
5536,Midnights Blessing,0,0,0,0
5537,The Tale of a Common Man,0,0,0,0
5538,NOBUNAGAS AMBITION: Tenshouki WPK HD Version / Xin Chang noYe Wang Tian Xiang Ji  with pawaatsupukitsuto HD Version,0,0,0,0
5539,Dungeoncraft,0,0,0,0
5540,Holodrive,280,366,-86,86
5541,Fated Souls,0,0,0,0
5542,Rugby Challenge 3,0,0,0,0
5543,Kathy Rain,0,165,-165,165
5544,Cosmophony,0,0,0,0
5545,Demons with Shotguns,0,0,0,0
5546,Unlimited Escape 3 & 4 Double Pack,0,0,0,0
5547,Cave Coaster,0,0,0,0
5548,Nomad Fleet,0,0,0,0
5549,Goodbye Deponia,0,899,-899,899
5550,Waste Walkers,137,134,3,3
5551,Discouraged Workers,0,0,0,0
5552,Super 3-D Noahs Ark,335,319,16,16
5553,Halcyon 6: Starbase Commander,714,580,134,134
5554,Gridberd,0,0,0,0
5555,VERLIES II,0,0,0,0
5556,Rolling Shapes,0,0,0,0
5557,Knee Deep,0,0,0,0
5558,Karos Returns,194,367,-173,173
5559,Samsa and the Knights of Light,0,0,0,0
5560,Two Digits,137,156,-19,19
5561,Orc Assault,0,0,0,0
5562,Advent,0,0,0,0
5563,Dr. Spacezoo,0,0,0,0
5564,Flix The Flea,335,166,169,169
5565,Downpour,0,0,0,0
5566,Hostile Dimension,0,0,0,0
5567,Teddy Floppy Ear - The Race,393,447,-54,54
5568,Space Grunts,0,0,0,0
5569,Awe,0,120,-120,120
5570,Gnumz: Masters of Defense,0,0,0,0
5571,Grey Cubes,137,278,-141,141
5572,Gunnheim,297,126,171,171
5573,Bounty Train,209,245,-36,36
5574,A Bastards Tale,0,0,0,0
5575,Tap Heroes,393,387,6,6
5576,SBX: Invasion,0,0,0,0
5577,COLINA: Legacy,0,0,0,0
5578,Far Cry(r) Primal,5171,5235,-64,64
5579,Rolling Sun,335,153,182,182
5580,Pixel Space,0,0,0,0
5581,Age of Castles: Warlords,0,0,0,0
5582,Ramayana,0,0,0,0
5583,Dreaming,0,0,0,0
5584,Football Mogul 2014,0,0,0,0
5585,Collider,0,0,0,0
5586,Gunslugs,0,0,0,0
5587,Tree of Savior (English Ver.),9269,10982,-1713,1713
5588,Starship Rubicon,0,0,0,0
5589,DigiFish Aqua Real 2,0,0,0,0
5590,Yasai Ninja,0,0,0,0
5591,Soviet Monsters: Ekranoplans,0,0,0,0
5592,Astro Lords: Oort Cloud,0,0,0,0
5593,Spooky Cats,0,190,-190,190
5594,Turnover,0,0,0,0
5595,Weird Park Trilogy,0,0,0,0
5596,SnarfQuest Tales,0,0,0,0
5597,Tumbleweed Express,0,0,0,0
5598,Tales of Symphonia,864,981,-117,117
5599,Warriors & Castles,0,0,0,0
5600,D3DGear - Game Recording and Streaming Software,0,170,-170,170
5601,World Defense : A Fragmented Reality Game,0,0,0,0
5602,Spaceforce Rogue Universe HD,0,0,0,0
5603,The Lost Mythologies,1187,1255,-68,68
5604,Grand Designer,0,0,0,0
5605,Envelop for Windows (Public Beta),0,0,0,0
5606,Realm of Perpetual Guilds,0,0,0,0
5607,The Language Game,0,0,0,0
5608,Second Warfare,0,0,0,0
5609,Girl Amazon Survival,0,0,0,0
5610,Pulse,0,0,0,0
5611,RPG MO,1074,1003,71,71
5612,Shot In The Dark,293,126,167,167
5613,Fitz the Fox,0,0,0,0
5614,Red Crow Mysteries: Legion,0,0,0,0
5615,New York Mysteries: Secrets of the Mafia,0,0,0,0
5616,Lost Lands: The Four Horsemen,0,0,0,0
5617,Professor Why(tm) Chemistry 1,0,0,0,0
5618,Robbery Bob: Man of Steal,0,0,0,0
5619,Cash_Out,0,0,0,0
5620,Family Tree Heritage Platinum 9,0,0,0,0
5621,Temper Tantrum,1361,1934,-573,573
5622,Bernie Needs Love,0,0,0,0
5623,Kung Fury: Street Rage,1022,1835,-813,813
5624,Black Sails - The Ghost Ship,0,105,-105,105
5625,Stones of Sorrow,0,0,0,0
5626,All Is Dust,780,1050,-270,270
5627,Cast of the Seven Godsends - Redux,137,101,36,36
5628,Contradiction - Spot The Liar!,137,977,-840,840
5629,The Kindred,0,0,0,0
5630,Divinity: Original Sin - Enhanced Edition,8701,2900,5801,5801
5631,Stargazer,0,0,0,0
5632,Fury Of The Gods,0,0,0,0
5633,A Wizards Lizard: Soul Thief,0,0,0,0
5634,1993 Space Machine,0,0,0,0
5635,Shoot 1UP,0,0,0,0
5636,Explosionade,0,0,0,0
5637,Game Type,0,0,0,0
5638,Arkhelom 3D,0,0,0,0
5639,Ryzom,393,221,172,172
5640,Way of Gold and Steel,137,0,137,137
5641,DinoSystem,0,123,-123,123
5642,LiEat,170,722,-552,552
5643,Fantastic Pinball Thrills,0,0,0,0
5644,Hot Pinball Thrills,0,0,0,0
5645,Soccer Pinball Thrills,0,0,0,0
5646,Apothecarium: The Renaissance of Evil - Premium Edition,0,0,0,0
5647,Sisters Secrecy: Arcanum Bloodlines - Premium Edition,0,0,0,0
5648,Fleeting Ages,0,0,0,0
5649,Eisenhorn: XENOS,0,117,-117,117
5650,Sudden Strike 4,0,0,0,0
5651,Letter Quest: Grimms Journey Remastered,211,182,29,29
5652,Metrico+,0,0,0,0
5653,Sherlock Holmes Consulting Detective: The Case of the Mummys Curse,0,0,0,0
5654,Virginia,0,0,0,0
5655,Portal Knights,3914,4183,-269,269
5656,Falcon,0,0,0,0
5657,Winter Sports Trilogy Super Pack,0,0,0,0
5658,Fork Truck Challenge,0,0,0,0
5659,Gravity Core - Braintwisting Space Odyssey,0,0,0,0
5660,Concealed Intent,0,0,0,0
5661,Sniper Tactical,0,0,0,0
5662,Twin Robots,0,0,0,0
5663,Eternal Step,0,0,0,0
5664,DARK SOULS(tm) III,6824,26844,-20020,20020
5665,Revolution Under Siege Gold,0,0,0,0
5666,VoiceBot,0,110,-110,110
5667,TransPlan,137,192,-55,55
5668,Questria: Rise of the Robot Skullfaces,0,0,0,0
5669,Cheats 4 Hire,0,0,0,0
5670,The Last Dogma,0,0,0,0
5671,S.O.R.S,0,0,0,0
5672,Mactabilis,0,0,0,0
5673,March of Industry: Very Capitalist Factory Simulator Entertainments,0,0,0,0
5674,Ember Strike,393,469,-76,76
5675,Tiki Galore,0,0,0,0
5676,RigIT,0,0,0,0
5677,Positron,0,0,0,0
5678,Defend The Highlands,0,0,0,0
5679,Agatha Christie - The ABC Murders,170,204,-34,34
5680,ADventure Lib,0,0,0,0
5681,Orc Slayer,0,0,0,0
5682,Icarus-X: Tides of Fire,0,0,0,0
5683,Energy Balance,194,0,194,194
5684,Death Tractor,0,0,0,0
5685,The Eigengrau Menagerie,0,0,0,0
5686,Super Star Path,137,0,137,137
5687,Gunpowder,0,0,0,0
5688,Lunch Truck Tycoon,0,216,-216,216
5689,VROOM: Aerie,0,0,0,0
5690,Sakura Fantasy Chapter 1,312,569,-257,257
5691,Unveil,0,0,0,0
5692,Bitweb,0,127,-127,127
5693,Warhammer 40000 : Eternal Crusade,1623,2288,-665,665
5694,Pizza Express,137,113,24,24
5695,Superstatic,0,0,0,0
5696,Mighty Switch Force! Hose It Down!,0,0,0,0
5697,Colortone,0,0,0,0
5698,Butsbal,0,0,0,0
5699,Omni,0,0,0,0
5700,ICY,0,168,-168,168
5701,The Architect,0,0,0,0
5702,The Logomancer,0,0,0,0
5703,NOBUNAGAS AMBITION: Souzou SengokuRisshiden / Xin Chang noYe Wang *Chuang Zao  Zhan Guo Li Zhi Chuan,714,225,489,489
5704,16bit Trader,392,804,-412,412
5705,Chronicon,0,204,-204,204
5706,New kind of adventure,280,1221,-941,941
5707,Taimumari,0,0,0,0
5708,DungeonRift,0,0,0,0
5709,Three Days,0,0,0,0
5710,Air Brawl,601,600,1,1
5711,The Adventures of Mr. Bobley,194,309,-115,115
5712,Invisigun Heroes,0,0,0,0
5713,Volstead,0,0,0,0
5714,Build n Bump,0,0,0,0
5715,The Forgettable Dungeon,0,0,0,0
5716,Human Resource Machine,1395,1128,267,267
5717,Rytmik Ultimate,0,0,0,0
5718,Island Defense,0,0,0,0
5719,SLIDE: platformer,0,0,0,0
5720,Anno 2205(tm),1925,1750,175,175
5721,Trap Them,0,0,0,0
5722,Viridi,2644,3637,-993,993
5723,Pro Evolution Soccer 2016,3570,3086,484,484
5724,Black Island,0,0,0,0
5725,Assault Corps 2,0,0,0,0
5726,Illuminascii,0,0,0,0
5727,Industry Transporters,0,0,0,0
5728,DNO Rasas Journey,0,0,0,0
5729,The Isle,864,2585,-1721,1721
5730,Ground Breakers,0,0,0,0
5731,GUILTY GEAR Xrd -SIGN-,1623,1588,35,35
5732,Acaratus,0,0,0,0
5733,Last Days of Old Earth,0,0,0,0
5734,Kelvin and the Infamous Machine,0,0,0,0
5735,Big Fish Legend,0,102,-102,102
5736,WildStar,2644,2384,260,260
5737,Project Orion,0,0,0,0
5738,Splendor,0,0,0,0
5739,Monument,0,0,0,0
5740,World War II GI,0,0,0,0
5741,Big Thinkers Kindergarten,0,0,0,0
5742,Big Thinkers 1st Grade,0,0,0,0
5743,Sherlock Holmes Consulting Detective: The Case of the Tin Soldier,0,0,0,0
5744,Minecraft: Story Mode - A Telltale Games Series,5913,6493,-580,580
5745,ASTROKILL,0,0,0,0
5746,Hot Guns,0,0,0,0
5747,Tiki Man,0,126,-126,126
5748,Professor Teaches Windows 10,0,0,0,0
5749,Professor Teaches(r) Excel 2013 & 365,0,0,0,0
5750,Professor Teaches(r) Word 2013 & 365,0,0,0,0
5751,Chronicle Keepers: The Dreaming Garden,0,0,0,0
5752,Hide & Hold Out - H2o,209,492,-283,283
5753,Tactical Genius,293,130,163,163
5754,Fallout 4,61699,72929,-11230,11230
5755,Pale Echoes,0,0,0,0
5756,Daemon Detective Gaiden,0,0,0,0
5757,Subaeria,0,0,0,0
5758,Alarameth TD(tm),0,0,0,0
5759,The Tower Of Elements,170,142,28,28
5760,ChessBase 13 Pro,0,0,0,0
5761,Western Press,0,0,0,0
5762,Lost Lands: Dark Overlord,0,0,0,0
5763,Chicken Invaders 3,0,0,0,0
5764,ENKI,0,0,0,0
5765,N.E.R.O.: Nothing Ever Remains Obscure,0,0,0,0
5766,Prismatica,0,0,0,0
5767,Xia Ke Feng Yun Chuan (Tale of Wuxia),360,1045,-685,685
5768,Unfair Jousting Fair,0,0,0,0
5769,Space Drifters 2D,0,0,0,0
5770,IRFaceRig,174,0,174,174
5771,Tcheco in the Castle of Lucio,137,245,-108,108
5772,Blockwick 2,0,0,0,0
5773,G-senjou no Maou - The Devil on G-String,0,138,-138,138
5774,Sakura Beach,297,287,10,10
5775,Starlight Vega,0,0,0,0
5776,Idol Magical Girl Chiru Chiru Michiru Part 2,0,0,0,0
5777,Fox & Flock,0,104,-104,104
5778,FINAL FANTASY IX,1425,1840,-415,415
5779,Mushihimesama,297,535,-238,238
5780,DARIUSBURST Chronicle Saviours,209,248,-39,39
5781,Eternal Destiny,0,0,0,0
5782,Blue Libra,0,0,0,0
5783,Empire TV Tycoon,568,397,171,171
5784,Slam,0,0,0,0
5785,Void And Meddler,0,101,-101,101
5786,Mortos,0,0,0,0
5787,Protocol,0,0,0,0
5788,Cardinal Quest 2,0,0,0,0
5789,Energy Hook,0,0,0,0
5790,Rack N Ruin,0,0,0,0
5791,Rebel Wings,0,0,0,0
5792,Nyctophobia,749,251,498,498
5793,Hack RUN,0,0,0,0
5794,Football Manager 2016,6824,4141,2683,2683
5795,Fortify,0,0,0,0
5796,Putrefaction,170,240,-70,70
5797,Pump-Action Captain,0,0,0,0
5798,The Knobbly Crook: Chapter I - The Horse You Sailed In On,194,133,61,61
5799,Nomad,601,1071,-470,470
5800,Production Inc.,0,0,0,0
5801,Dont Be Patchman,0,0,0,0
5802,Jurassic Island: The Dinosaur Zoo,0,0,0,0
5803,Robot Tsunami,0,0,0,0
5804,Badland Bandits,137,121,16,16
5805,Sunny Hillride,0,0,0,0
5806,Witches Heroes and Magic,0,0,0,0
5807,Natures Zombie Apocalypse,0,0,0,0
5808,Robo Miner,0,0,0,0
5809,Untamed: Life Of A Cougar,0,0,0,0
5810,Valley,0,162,-162,162
5811,Shadows on the Vatican Act II: Wrath,0,0,0,0
5812,Blues and Bullets,194,825,-631,631
5813,Potions: A Curious Tale,0,0,0,0
5814,Neptune Flux,0,0,0,0
5815,Thea: The Awakening,1440,1219,221,221
5816,Sayonara Umihara Kawase,0,0,0,0
5817,ESCHATOS,0,0,0,0
5818,Kagura Douchuuki,0,0,0,0
5819,Steamroll,0,0,0,0
5820,Galagans Island: Reprymian Rising,0,0,0,0
5821,Pesadelo - Regressao,0,0,0,0
5822,Wayward,0,118,-118,118
5823,Sumo Revise,194,124,70,70
5824,Clandestinity of Elsie,0,0,0,0
5825,Buggy,0,0,0,0
5826,Sol Divide,0,0,0,0
5827,Mobile Light Force (aka Gunbird),0,0,0,0
5828,ReLoaded,0,0,0,0
5829,Superstar Dance Club,0,0,0,0
5830,Polynomial 2,0,0,0,0
5831,DELTAZEAL,0,0,0,0
5832,Fate Tectonics,0,0,0,0
5833,Diner Mania,0,0,0,0
5834,Animated Puzzles,0,0,0,0
5835,Bloo Kid 2,137,167,-30,30
5836,Technolust,0,0,0,0
5837,DOOM,23548,23915,-367,367
5838,Gravity Error,0,0,0,0
5839,Alteil: Horizons,0,0,0,0
5840,Panzermadels: Tank Dating Simulator,137,648,-511,511
5841,Hush,0,0,0,0
5842,MiniOne Racing,0,0,0,0
5843,Three Heroes,0,0,0,0
5844,SONAR Steam Edition,0,0,0,0
5845,Flute Master,0,0,0,0
5846,Warhawks,0,0,0,0
5847,The Secret of Tremendous Corporation,0,206,-206,206
5848,STASIS,297,676,-379,379
5849,Signal to Noise,0,0,0,0
5850,Hover Junkers,360,553,-193,193
5851,Tap Tap Infinity,1074,743,331,331
5852,Incandescent,0,0,0,0
5853,Spandex Force: Champion Rising,0,0,0,0
5854,Fishing Planet,18583,6351,12232,12232
5855,Killing Time at Lightspeed: Enhanced Edition,0,0,0,0
5856,Zombie Killtime,0,0,0,0
5857,Anima Gate of Memories,0,161,-161,161
5858,Wind of Luck: Arena,393,379,14,14
5859,Demon Horde Master,0,0,0,0
5860,Teeworlds,2644,2084,560,560
5861,Boss 101,0,0,0,0
5862,Bocce Revolution,0,0,0,0
5863,6 Nights,0,0,0,0
5864,Orion: A Sci-Fi Visual Novel,0,0,0,0
5865,Sky Rogue,137,342,-205,205
5866,The Ritual on Weylyn Island,0,0,0,0
5867,The Men of Yoshiwara: Kikuya,0,126,-126,126
5868,Shoppe Keep,1395,1396,-1,1
5869,Lost in Paradise,0,0,0,0
5870,Edengrad,0,0,0,0
5871,Dead by Daylight,9269,30933,-21664,21664
5872,Hydraulic Empire,0,0,0,0
5873,Dragon Rider,0,0,0,0
5874,Proton Pulse,0,0,0,0
5875,Bezier,0,0,0,0
5876,Epic Cards Battle(TCG),393,637,-244,244
5877,Shred! Downhill Mountain Biking,0,0,0,0
5878,Dandy: Or a Brief Glimpse Into the Life of the Candy Alchemist,0,0,0,0
5879,Life of Rome,0,0,0,0
5880,Allods Online RU,319,478,-159,159
5881,RC Simulation 2.0,0,127,-127,127
5882,80 Days,312,403,-91,91
5883,DRIFT 84,0,0,0,0
5884,Tom Clancys EndWar(r) Online,0,374,-374,374
5885,Red Rope: Dont Fall Behind,0,0,0,0
5886,Induction,0,0,0,0
5887,Xenocide,0,0,0,0
5888,Trials on Tatooine,0,644,-644,644
5889,Dragon Saga,749,504,245,245
5890,Eon Altar,0,217,-217,217
5891,Neoncube,0,0,0,0
5892,Action Alien,0,0,0,0
5893,Dungeon Nightmares II : The Memory,0,110,-110,110
5894,Journey To The Center Of The Earth,780,254,526,526
5895,SKYHILL,297,490,-193,193
5896,Devilry,0,0,0,0
5897,Lightrise(tm),0,0,0,0
5898,8Bit Fiesta,0,114,-114,114
5899,Kidnapped,393,315,78,78
5900,Eco - Global Survival Game,0,0,0,0
5901,Heart of Ember CH1,0,0,0,0
5902,The Amber Throne,0,0,0,0
5903,E.T. Armies,0,124,-124,124
5904,Super Dungeon Run,0,0,0,0
5905,Hot Lava,0,0,0,0
5906,Glass Wing,0,0,0,0
5907,Feudalism,0,0,0,0
5908,FINAL FANTASY VI,864,484,380,380
5909,RETSNOM,0,0,0,0
5910,HITMAN(tm),0,8565,-8565,8565
5911,RISK - The Game of Global Domination,0,113,-113,113
5912,BrainBread 2 Mod Tools,0,0,0,0
5913,JamG,0,0,0,0
5914,a Family of Grave Diggers,0,0,0,0
5915,Medieval Mercs,780,295,485,485
5916,The Fleets of Sol,0,0,0,0
5917,Empyrion - Galactic Survival,3914,5198,-1284,1284
5918,Dead Island: Riptide Definitive Edition,360,281,79,79
5919,Dungeon Souls,568,885,-317,317
5920,Hue,0,0,0,0
5921,Sound of Drop - fall into poison -,0,138,-138,138
5922,Lilly and Sasha: Guardian Angels,194,0,194,194
5923,Vortex,0,0,0,0
5924,Metro Warp,0,0,0,0
5925,Squarelands,293,107,186,186
5926,Flesh Eaters,780,1013,-233,233
5927,Expert Rifleman - Reloaded,0,0,0,0
5928,SEEP Universe,0,0,0,0
5929,Deadlands Noir - That Old Time Religion,0,0,0,0
5930,Mu Complex,0,0,0,0
5931,Boneless Zombie,0,0,0,0
5932,Princess Kaguya: Legend of the Moon Warrior,0,0,0,0
5933,Swords & Crossbones: An Epic Pirate Story,0,0,0,0
5934,Funk of Titans,0,0,0,0
5935,Judgement,0,0,0,0
5936,The Ship: Remasted,297,348,-51,51
5937,Doomedn Damned,0,0,0,0
5938,Firewatch,10508,16098,-5590,5590
5939,Doorways: Holy Mountains of Flesh,360,306,54,54
5940,League of Mermaids,0,0,0,0
5941,Machina of the Planet Tree -Planet Ruler-,0,0,0,0
5942,Dont drop the soap,0,0,0,0
5943,Rivals of Aether,1349,2026,-677,677
5944,Cross of the Dutchman,0,207,-207,207
5945,Castles,0,0,0,0
5946,Florensia,0,0,0,0
5947,Impulse Revolution,0,0,0,0
5948,Industry Manager: Future Technologies,0,0,0,0
5949,Sketch Tales,0,0,0,0
5950,Slybots: Frantic Zone,0,0,0,0
5951,Pathologic Classic HD,297,292,5,5
5952,WonderCat Adventures,0,0,0,0
5953,TeraBlaster,293,1160,-867,867
5954,Prominence Poker,624,624,0,0
5955,ABZU,1395,2987,-1592,1592
5956,Quadle,0,0,0,0
5957,Mute Crimson+,0,0,0,0
5958,CPUCores :: Maximize Your FPS,209,327,-118,118
5959,Dead In Bermuda,209,184,25,25
5960,Handball 16,0,0,0,0
5961,PolyRace,0,0,0,0
5962,Fingered,393,640,-247,247
5963,Hordelicious,0,139,-139,139
5964,NECROPOLIS: BRUTAL EDITION,714,1829,-1115,1115
5965,Zombie Party,0,457,-457,457
5966,Painters Guild,137,228,-91,91
5967,Zanzarah: The Hidden Portal,0,193,-193,193
5968,Polychromatic,0,0,0,0
5969,Aviary Attorney,0,432,-432,432
5970,RED Fuse: Rolling Explosive Device,0,0,0,0
5971,MechaNika,137,190,-53,53
5972,Umihara Kawase,0,0,0,0
5973,Umihara Kawase Shun: Steam Edition,0,0,0,0
5974,CAT Interstellar,114,238,-124,124
5975,EVEREST VR(tm),0,194,-194,194
5976,Dead But Alive! Southern England,0,0,0,0
5977,Hack Run ZERO,0,0,0,0
5978,Temporal Shift,0,0,0,0
5979,Last Half of Darkness - Society of the Serpent Moon,0,0,0,0
5980,Pilot Crusader,0,0,0,0
5981,Magical Brickout,0,0,0,0
5982,Police Infinity,0,0,0,0
5983,Soldiers of Heaven VR,0,0,0,0
5984,Battle for Blood - Epic battles within 30 seconds!,408,617,-209,209
5985,Gon E-Choo!,0,0,0,0
5986,AoF Chess Club 2.0,0,0,0,0
5987,C. Kane,0,0,0,0
5988,Atonement: Scourge of Time,393,101,292,292
5989,Guardians of Victoria,0,0,0,0
5990,Space - The Return Of The Pixxelfrazzer,0,0,0,0
5991,DvDrum Ultimate Drum Simulator!,0,0,0,0
5992,Celestial Tear: Demons Revenge,0,0,0,0
5993,Absconding Zatwor,736,1236,-500,500
5994,Pulut Adventure,0,0,0,0
5995,Ultimate Arena,393,601,-208,208
5996,Paint it Back,0,181,-181,181
5997,Jet Racing Extreme,393,1033,-640,640
5998,The Land Of Lamia,137,0,137,137
5999,Stray Cat Crossing,137,333,-196,196
6000,Deadweight,0,0,0,0
6001,Super Trench Attack 2,0,0,0,0
6002,Radiator 2,1187,1467,-280,280
6003,Planet Centauri,542,329,213,213
6004,Weapons Genius,522,664,-142,142
6005,The Journey: Bobs Story.,0,0,0,0
6006,ATV GP,0,0,0,0
6007,MiniDrivers,0,0,0,0
6008,Shadow Complex Remastered,360,135,225,225
6009,The Empty Inn,0,0,0,0
6010,Lethal RPG: War,0,129,-129,129
6011,Heavy Fire: Shattered Spear,0,0,0,0
6012,Cosmic Rocket Defender,0,0,0,0
6013,Galactic Conquerors,0,0,0,0
6014,Wave Mechanics,0,0,0,0
6015,INK,393,896,-503,503
6016,Time Clickers,3920,3294,626,626
6017,NEKOPARA Vol. 0,4926,5830,-904,904
6018,Retaliation: Enemy Mine,0,0,0,0
6019,Burgers,393,517,-124,124
6020,Gladiators Online: Death Before Dishonor,393,444,-51,51
6021,Arevan,0,0,0,0
6022,Russian Front,0,0,0,0
6023,Scott in Space,0,0,0,0
6024,Proto Raider,0,0,0,0
6025,Pharaonic,0,0,0,0
6026,Nandeyanen!? - The 1st Sutra,0,0,0,0
6027,Pylon: Rogue,0,0,0,0
6028,Raywin,0,0,0,0
6029,After The End: The Harvest,0,0,0,0
6030,Vampire of the Sands,137,0,137,137
6031,Survivor: The Living Dead,0,0,0,0
6032,Microcosmum: survival of cells,211,467,-256,256
6033,Vendetta - Curse of Ravens Cry,0,0,0,0
6034,Kumoon : Ballistic Physics Puzzle,0,0,0,0
6035,Naninights,0,0,0,0
6036,HoD: A pirate adventure,0,0,0,0
6037,MegaSphere,0,0,0,0
6038,SMITE,25537,18333,7204,7204
6039,Foosball: World Tour,0,0,0,0
6040,Job the Leprechaun,293,113,180,180
6041,Baxters Venture: Directors Cut,0,0,0,0
6042,Sparkour,0,0,0,0
6043,Blood Code,137,211,-74,74
6044,Wanda - A Beautiful Apocalypse,0,0,0,0
6045,Pyramid Raid,393,169,224,224
6046,Champion of the Gods,0,138,-138,138
6047,A.I. Invasion,0,0,0,0
6048,Psycho Starship Rampage,0,0,0,0
6049,Novus Inceptio,209,188,21,21
6050,Pixel Fodder,0,0,0,0
6051,Nirvana: The First Travel,0,0,0,0
6052,Affected Zone Tactics,114,124,-10,10
6053,Dungeons & Robots,0,0,0,0
6054,Fantastic Contraption,864,181,683,683
6055,StoryMode - A Game About Crafting,0,0,0,0
6056,Puzzle Strike,0,0,0,0
6057,Cashtronauts,0,0,0,0
6058,Sentinel 4: Dark Star,0,0,0,0
6059,Playing History 2 - Slave Trade,0,0,0,0
6060,Rake,1395,2217,-822,822
6061,Dragonflight,0,0,0,0
6062,Ultimate Chicken Horse,1395,971,424,424
6063,Asphyxia,0,135,-135,135
6064,FIVE: Guardians of David,0,0,0,0
6065,Earth Overclocked,0,0,0,0
6066,One Final Breath(tm),0,0,0,0
6067,Revolution : Virtual Playspace,0,0,0,0
6068,Shmup Love Boom,0,0,0,0
6069,Zombie Hunter Inc.,0,0,0,0
6070,Steel Rain,0,0,0,0
6071,Mystical,0,0,0,0
6072,Ori and the Blind Forest: Definitive Edition,1395,1407,-12,12
6073,Hyperdimension Neptunia U: Action Unleashed,864,1470,-606,606
6074,Sol 0: Mars Colonization,137,272,-135,135
6075,C.R.E.E.P.S,0,0,0,0
6076,The Viceroy,0,0,0,0
6077,Shadow of Kingdoms,0,0,0,0
6078,Professor Teaches(r) Access 2013 & 365,0,0,0,0
6079,Professor Teaches(r) OneNote 2013 & 365,0,0,0,0
6080,Professor Teaches(r) Outlook 2013 & 365,0,0,0,0
6081,Professor Teaches(r) QuickBooks 2015,0,0,0,0
6082,Build a Game Universe,0,0,0,0
6083,Airport Madness 4,0,0,0,0
6084,the static speaks my name,4926,4021,905,905
6085,Mold on Pizza,0,0,0,0
6086,The Tape,170,163,7,7
6087,Paintball eXtreme,0,0,0,0
6088,Clown House (Palyaco Evi),314,786,-472,472
6089,Scrap Mechanic,5889,6827,-938,938
6090,Tick: The Time Based Puzzle Game,0,0,0,0
6091,Snik,0,0,0,0
6092,Borderless Gaming,293,422,-129,129
6093,Five Nights at Freddys 4,6650,6870,-220,220
6094,Spakoyno: Back to the USSR 2.0,427,311,116,116
6095,Project Druid - 2D Labyrinth Explorer-,0,0,0,0
6096,Day of the Tentacle Remastered,1395,661,734,734
6097,Super Slam Dunk Touchdown,0,0,0,0
6098,Baseball Mogul 2015,0,0,0,0
6099,Snapshot - DSLR Camera Control,0,0,0,0
6100,Just Alone,0,0,0,0
6101,1979 Revolution: Black Friday,137,201,-64,64
6102,Super Hipster Lumberjack,0,277,-277,277
6103,Shoppy Mart: Steam Edition,0,0,0,0
6104,Glow Ball - The billiard puzzle game,0,0,0,0
6105,Darksiders II Deathinitive Edition,3050,2248,802,802
6106,In Between,312,189,123,123
6107,Big Journey to Home,0,0,0,0
6108,Spooky Bonus,0,0,0,0
6109,One Way To Die: Steam Edition,393,290,103,103
6110,Super Space Meltdown,0,0,0,0
6111,Call of Duty(r): Black Ops III,0,44352,-44352,44352
6112,Dr. Bulbaceous,0,0,0,0
6113,Galactic Missile Defense,0,0,0,0
6114,articy:draft 2 SE - Flex License,0,0,0,0
6115,DungeonUp,137,170,-33,33
6116,Project Tarvotan,0,0,0,0
6117,Unfinished - An Artists Lament,0,0,0,0
6118,Link: The Unleashed Nexus,0,0,0,0
6119,Brighter Day,0,0,0,0
6120,BlazBlue: Chronophantasma Extend,714,840,-126,126
6121,Azure Striker Gunvolt,209,441,-232,232
6122,Raiseland,0,0,0,0
6123,TribeQuest: Red Killer,0,0,0,0
6124,CATS!,0,0,0,0
6125,Devils Share,780,1311,-531,531
6126,Oxenfree,1395,1314,81,81
6127,Race Track Builder,0,0,0,0
6128,Unnamed Fiasco,0,0,0,0
6129,Pocket Rumble,0,0,0,0
6130,10 Minute Barbarian,0,0,0,0
6131,Shadow Ninja: Apocalypse,0,0,0,0
6132,Goblins and Grottos,0,0,0,0
6133,NANOS,0,0,0,0
6134,Maximum Override,137,117,20,20
6135,Fish or Die,0,0,0,0
6136,Planet Alcatraz 2,0,0,0,0
6137,Lucid Trips,0,0,0,0
6138,Through Abandoned,0,104,-104,104
6139,The chronicles of Emerland. Solitaire.,0,0,0,0
6140,Knight Online,18583,5890,12693,12693
6141,Robot vs Birds Zombies,0,105,-105,105
6142,Call of Cthulhu: Shadow of the Comet,0,0,0,0
6143,Wild Animal Racing,0,310,-310,310
6144,Garlock Online,0,118,-118,118
6145,Mitos.is: The Game,9269,8973,296,296
6146,Stardust Galaxy Warriors: Stellar Climax,0,0,0,0
6147,Formula Fusion,0,175,-175,175
6148,Luxury Hotel Emporium,0,0,0,0
6149,Nightclub Emporium,0,0,0,0
6150,My Bones,137,253,-116,116
6151,D/Generation HD,0,0,0,0
6152,Rubber and Lead,170,0,170,170
6153,Deserter Simulator,0,0,0,0
6154,Legacy of Dorn: Herald of Oblivion,0,0,0,0
6155,Far-Out,0,0,0,0
6156,Mugen Souls,209,204,5,5
6157,Hogs of War,0,0,0,0
6158,Blues and Bullets - Digital Comic,0,0,0,0
6159,DESYNC,0,0,0,0
6160,Small Radios Big Televisions,0,0,0,0
6161,Queens Quest: Tower of Darkness,0,0,0,0
6162,FreezeME,0,0,0,0
6163,Toilet Tycoon,0,0,0,0
6164,Bulb Boy,297,203,94,94
6165,Little Kings Story,0,0,0,0
6166,Umbrella Corps(tm)/Biohazard Umbrella Corps(tm),0,893,-893,893
6167,Tyler,0,0,0,0
6168,Sim Junta,0,0,0,0
6169,Three Digits,137,0,137,137
6170,Circa Infinity,0,105,-105,105
6171,Call of Tomsk-7,162,454,-292,292
6172,Acceleration of SUGURI 2,0,0,0,0
6173,Anarcute,0,119,-119,119
6174,Sora,0,124,-124,124
6175,Redemption: Eternal Quest,0,0,0,0
6176,Angry Arrows,0,0,0,0
6177,Army of Pixels,0,0,0,0
6178,AIPD - Artificial Intelligence Police Department,0,0,0,0
6179,The Musketeers: Victorias Quest,0,0,0,0
6180,Russian Horror Story,312,389,-77,77
6181,Farm Frenzy Collection,0,0,0,0
6182,Hard to Be a God,0,0,0,0
6183,F1 2016,636,1275,-639,639
6184,AquaSnap Window Manager,0,0,0,0
6185,Stellar 2D,749,902,-153,153
6186,Frizzy,0,0,0,0
6187,STEEL RIVALS,0,0,0,0
6188,Blast-off,0,0,0,0
6189,The Deletion,0,0,0,0
6190,Void Invaders,137,234,-97,97
6191,Ladra,0,0,0,0
6192,Dolguth,0,0,0,0
6193,Arclight Cascade,0,0,0,0
6194,Forgotten Lore,0,0,0,0
6195,Alien Robot Monsters,0,0,0,0
6196,Labyronia RPG,1074,650,424,424
6197,Fingerbones,314,2386,-2072,2072
6198,Epic Manager - Create Your Own Adventuring Agency!,0,0,0,0
6199,GlaZ,0,0,0,0
6200,Alien Attack in Space,0,0,0,0
6201,Ferrums Secrets: Where Is Grandpa?,137,0,137,137
6202,Tormented 12,0,0,0,0
6203,Mayhem Triple,0,0,0,0
6204,Rock the Tree Hugger,0,0,0,0
6205,Gun Rocket,624,451,173,173
6206,WARMODE,23548,10053,13495,13495
6207,Mutato Match,0,0,0,0
6208,Braveland Pirate,0,0,0,0
6209,RHEM IV: The Golden Fragments SE,0,0,0,0
6210,Labyrinth Simulator,0,119,-119,119
6211,Undertale,23548,60314,-36766,36766
6212,Beyond Flesh and Blood,0,0,0,0
6213,Egyptian Senet,0,0,0,0
6214,Dream Chamber,0,0,0,0
6215,Necromonads,0,0,0,0
6216,Incitement 3,170,0,170,170
6217,Crashlands,864,856,8,8
6218,Blaster Shooter GunGuy!,319,367,-48,48
6219,Uebergame,280,392,-112,112
6220,Evolution,0,0,0,0
6221,All Fall Down,0,0,0,0
6222,Super Mega Bob,0,0,0,0
6223,TRON RUN/r,209,217,-8,8
6224,RFLEX,0,124,-124,124
6225,Murasaki,0,0,0,0
6226,BattleSouls,280,197,83,83
6227,Pumped BMX +,0,0,0,0
6228,Wayward Terran Frontier: Zero Falls,0,0,0,0
6229,Fatal Theory,0,0,0,0
6230,City Z,0,0,0,0
6231,#SkiJump,0,0,0,0
6232,Rogue Wizards,0,0,0,0
6233,The Franz Kafka Videogame,0,0,0,0
6234,Wish -tale of the sixteenth night of lunar month-,0,0,0,0
6235,NOBUNAGAS AMBITION: Sphere of Influence,297,339,-42,42
6236,WARSHIFT,297,191,106,106
6237,Volvox,0,0,0,0
6238,Tricone Lab,0,0,0,0
6239,Lucadian Chronicles,0,0,0,0
6240,Jeeboman,0,0,0,0
6241,Erwins Timewarp,0,0,0,0
6242,Gluck Auf,0,0,0,0
6243,Daily Espada,0,0,0,0
6244,The Bizarre Creations of Keith the Magnificent,0,0,0,0
6245,Mondrian - Abstraction in Beauty,0,0,0,0
6246,Football Manager Touch 2016,0,0,0,0
6247,Wild Island Quest,453,194,259,259
6248,Attrition: Nuclear Domination,314,887,-573,573
6249,Trucker 2,0,0,0,0
6250,A Sirius Game,0,0,0,0
6251,Epic Quest of the 4 Crystals,0,112,-112,112
6252,Lost Lands: A Hidden Object Adventure,393,2422,-2029,2029
6253,New York Mysteries: High Voltage,0,0,0,0
6254,The Dreamatorium of Dr. Magnus 2,0,0,0,0
6255,Bit Shifter,0,0,0,0
6256,TSIOQUE,0,0,0,0
6257,Sir! Id Like To Report A Bug!,0,0,0,0
6258,Clash Cup Turbo,0,0,0,0
6259,Motorhead,0,0,0,0
6260,Typing Instructor Platinum 21,0,0,0,0
6261,Typing Instructor for Kids Platinum 5,0,0,0,0
6262,Professor Teaches Photoshop Creative Cloud,0,0,0,0
6263,Shus Garden,0,0,0,0
6264,Squad,5913,6685,-772,772
6265,Cat Simulator,0,0,0,0
6266,World of Soccer online,1494,1013,481,481
6267,Hurtworld,10508,11642,-1134,1134
6268,Crazy Pixel Streaker,0,0,0,0
6269,Insanity Clicker,1522,1319,203,203
6270,TNN Motorsports Hardcore TR,0,0,0,0
6271,The Journey Back,0,0,0,0
6272,Robot Exploration Squad,0,0,0,0
6273,ROOT,0,0,0,0
6274,Streamline,0,0,0,0
6275,P*O*L*L*E*N,0,115,-115,115
6276,Benji Challenges,0,0,0,0
6277,Smoots World Cup Tennis,0,0,0,0
6278,Auto Dealership Tycoon,0,134,-134,134
6279,RoShamBo,408,362,46,46
6280,Get Over Here,0,0,0,0
6281,The Contact,0,0,0,0
6282,Trigonarium,0,0,0,0
6283,Atom Universe,230,230,0,0
6284,ARCADE GAME SERIES: PAC-MAN,0,0,0,0
6285,Last Horizon,0,0,0,0
6286,Battleborn,5913,5361,552,552
6287,Dance Magic,0,0,0,0
6288,Country Tales,0,0,0,0
6289,Dark Heritage: Guardians of Hope,0,103,-103,103
6290,Tennis in the Face,0,0,0,0
6291,Punch Club,0,3664,-3664,3664
6292,Hearts of Iron IV,4693,4693,0,0
6293,BattleStick,1074,612,462,462
6294,Daydreamer,0,0,0,0
6295,Dimension Drive,0,0,0,0
6296,Warhammer 40000: Deathwatch - Enhanced Edition,209,277,-68,68
6297,Buildanauts,0,0,0,0
6298,Spaceport Hope,393,129,264,264
6299,Gunman Clive 2,0,0,0,0
6300,Mighty Gunvolt,0,0,0,0
6301,Mountain Crime: Requital,0,120,-120,120
6302,Tower Unite,1279,1319,-40,40
6303,Karma. Incarnation 1,0,0,0,0
6304,The Legend of Tango,0,0,0,0
6305,Battleline: Steel Warfare,0,131,-131,131
6306,Dead Effect 2,137,317,-180,180
6307,Owys,0,0,0,0
6308,One Upon Light,0,0,0,0
6309,Office Battle,170,351,-181,181
6310,Mystery Castle,0,0,0,0
6311,The Facility,0,0,0,0
6312,DEADBOLT,1051,810,241,241
6313,Habitus,0,0,0,0
6314,Miracle Fly,137,0,137,137
6315,Dark Storm: Operations,0,0,0,0
6316,Toby: The Secret Mine,137,251,-114,114
6317,DISTRAINT,393,220,173,173
6318,Reiner Knizias The Confrontation,0,0,0,0
6319,Ben and Ed,685,820,-135,135
6320,The Adventures of Fatman,0,0,0,0
6321,Voxel Blast,0,0,0,0
6322,Doors,0,246,-246,246
6323,ANKI,0,0,0,0
6324,Freedom Cry,0,0,0,0
6325,The Dwarf Run,137,0,137,137
6326,ICARUS.1,0,0,0,0
6327,Mr Makeshifter,0,0,0,0
6328,Rot Gut,0,166,-166,166
6329,Missing Translation,1074,1853,-779,779
6330,Operation Hardcore,0,0,0,0
6331,Lost Horizon 2,0,0,0,0
6332,We Are The Dwarves,209,198,11,11
6333,Inventioneers,0,0,0,0
6334,Ittle Dew 2,0,0,0,0
6335,Velocity Stream,0,0,0,0
6336,Decent Icons,0,0,0,0
6337,The Last Dream: Developers Edition,0,0,0,0
6338,Lapland Solitaire,0,0,0,0
6339,Backgammon Blitz,0,0,0,0
6340,Get Rich or Die Gaming,0,0,0,0
6341,Playing History - The Plague,0,0,0,0
6342,Farm Frenzy: Heave Ho,0,0,0,0
6343,`lm ryb,0,0,0,0
6344,Break Into Zatwor,736,623,113,113
6345,The Rise of Chubtan,0,0,0,0
6346,InCell VR,170,147,23,23
6347,The Rose and I,0,109,-109,109
6348,Rogue State,0,150,-150,150
6349,Secret Of Magia,408,406,2,2
6350,VERSUS: The Lost Ones,0,149,-149,149
6351,Worlds Fastest Pizza,0,0,0,0
6352,Masochisia,0,165,-165,165
6353,Bleed 2,0,0,0,0
6354,LocoSoccer,0,0,0,0
6355,Barbie and Her Sisters Puppy Rescue,0,0,0,0
6356,One-eyed Jak,0,0,0,0
6357,Battlevoid: Harbinger,297,306,-9,9
6358,CMYW,0,0,0,0
6359,TowerClimb,0,180,-180,180
6360,ACE Academy,0,279,-279,279
6361,Tahira: Echoes of the Astral Empire,0,0,0,0
6362,Sol Trader,0,0,0,0
6363,Hover Cubes: Arena,0,0,0,0
6364,gShift,0,0,0,0
6365,EVERSPACE(tm),360,208,152,152
6366,Draculas Legacy,393,400,-7,7
6367,12 Labours of Hercules IV: Mother Nature (Platinum Edition),170,146,24,24
6368,Mass Destruction,0,0,0,0
6369,Chronicles of the Witches and Warlocks,0,0,0,0
6370,Over The Hills And Far Away,0,0,0,0
6371,Catyph: The Kunci Experiment,0,0,0,0
6372,Gridworld,137,143,-6,6
6373,GRIP,0,501,-501,501
6374,Tidal Affair: Before The Storm,0,0,0,0
6375,Ironkraft - Road to Hell,0,0,0,0
6376,Faeria,1074,1270,-196,196
6377,Wind Child,0,0,0,0
6378,MachineCraft,736,503,233,233
6379,Command: Northern Inferno,0,0,0,0
6380,Sengoku Jidai: Shadow of the Shogun,0,0,0,0
6381,Deliverance,0,0,0,0
6382,Troubles Land,0,0,0,0
6383,A Kiss For The Petals - Remembering How We Met,137,435,-298,298
6384,Looterkings,0,123,-123,123
6385,CTU: Counter Terrorism Unit,0,0,0,0
6386,Little Big Adventure - Enhanced Edition,0,0,0,0
6387,SimplePlanes,408,2763,-2355,2355
6388,Lords of the Realm II,0,180,-180,180
6389,Magicians Apprentice,0,0,0,0
6390,Space Food Truck,0,0,0,0
6391,Hoyle Official Card Games,0,0,0,0
6392,Zoombinis,137,209,-72,72
6393,The Jackbox Party Pack 2,636,219,417,417
6394,Labyronia RPG 2,408,299,109,109
6395,Shmadow,137,175,-38,38
6396,Moonbase 332,0,0,0,0
6397,GooCubelets,736,765,-29,29
6398,Nulldrifters,0,0,0,0
6399,Behind You,0,0,0,0
6400,Run Run And Die,0,0,0,0
6401,Urizen Shadows of the Cold,170,0,170,170
6402,Hylics,0,131,-131,131
6403,Meridian: Age of Invention,0,0,0,0
6404,A Wise Use of Time,0,0,0,0
6405,BattleQuiz,0,0,0,0
6406,Super Bomb Rush!,0,0,0,0
6407,Lets Sing 2016,0,0,0,0
6408,Carnivore Land,0,0,0,0
6409,Arcane Sorcery,0,0,0,0
6410,No Time To Live,0,0,0,0
6411,Mystery Expedition: Prisoners of Ice,0,0,0,0
6412,Abandoned: Chestnut Lodge Asylum,0,0,0,0
6413,Invasion,405,278,127,127
6414,Woof Blaster,0,0,0,0
6415,Little Big Adventure 2,0,0,0,0
6416,Colony Assault,0,0,0,0
6417,Protoshift,0,0,0,0
6418,Highschool Romance,297,330,-33,33
6419,Reigning Cats,0,0,0,0
6420,Ace of Protectors,0,0,0,0
6421,Shapes of Gray,0,0,0,0
6422,Evochron Legacy,0,171,-171,171
6423,Euclidean,0,133,-133,133
6424,BlackShadows,0,121,-121,121
6425,eMedia Interactive Rock Guitar,0,0,0,0
6426,Moonstrider,0,0,0,0
6427,Eyestorm,0,0,0,0
6428,Absent,170,165,5,5
6429,Mooch,0,109,-109,109
6430,Louie Cooks,0,0,0,0
6431,Ghost Cleaner,0,0,0,0
6432,Living Legends: The Frozen Fear Collection,0,0,0,0
6433,Twisted Lands Trilogy: Collectors Edition,0,0,0,0
6434,Bowl Bound College Football,0,0,0,0
6435,Shadow Heroes: Vengeance In Flames,0,0,0,0
6436,Ace Of Words,1395,455,940,940
6437,Timberman,5171,3763,1408,1408
6438,Goggles - World of Vaporia,0,0,0,0
6439,War of Beach,280,432,-152,152
6440,Epistory - Typing Chronicles,542,496,46,46
6441,Zombie Gotchi,0,0,0,0
6442,Fjall,0,0,0,0
6443,Tisnart Tiles,0,0,0,0
6444,MacGuffin,0,0,0,0
6445,Respawn Man,0,0,0,0
6446,The End of an Age: Fading Remnants,0,0,0,0
6447,Hoven the Sages Spinel,0,0,0,0
6448,Fasaria World Online,0,0,0,0
6449,Without Within 2,0,114,-114,114
6450,Porradaria Upgrade,0,0,0,0
6451,Legends of Solitaire: Curse of the Dragons,0,0,0,0
6452,Dragons Wake,137,229,-92,92
6453,Its time to get out from the solar system,0,0,0,0
6454,Spheroid,0,0,0,0
6455,Prospekt,137,706,-569,569
6456,Massive Cleavage vs Zombies: Awesome Edition,0,0,0,0
6457,Straima,0,0,0,0
6458,Actua Golf 3,0,0,0,0
6459,Kitchen Simulator 2015,0,0,0,0
6460,XNemesis,0,0,0,0
6461,Alices Moms Rescue,0,0,0,0
6462,Quick Slick Deadly,137,0,137,137
6463,The Prism,0,0,0,0
6464,Tinboy,280,277,3,3
6465,Flamebreak,137,288,-151,151
6466,Battle Battalions,393,267,126,126
6467,Game Corp DX,1416,1625,-209,209
6468,Desire,0,0,0,0
6469,Expand,0,180,-180,180
6470,Kopanito All-Stars Soccer,568,516,52,52
6471,The Secret Order 2: Masked Intent,0,0,0,0
6472,Mad Snowboarding,0,0,0,0
6473,Blowy Fish,0,0,0,0
6474,Atari Vault,209,175,34,34
6475,Cloney,393,175,218,218
6476,ShareX,342,256,86,86
6477,Freedom Poopie,0,0,0,0
6478,Concrete Jungle,209,213,-4,4
6479,The Incredible Adventures of Van Helsing: Final Cut,714,604,110,110
6480,Okhlos,209,134,75,75
6481,The Mystery of a Lost Planet,0,0,0,0
6482,Bass Blocks,0,0,0,0
6483,StarForce 2193: The Hotep(tm) Controversy,0,0,0,0
6484,The Deer,1074,1286,-212,212
6485,Heaven Island - VR MMO,1361,1446,-85,85
6486,Adams Venture: Origins,0,0,0,0
6487,Normality,174,0,174,174
6488,Tactical Soccer The New Season,0,0,0,0
6489,OASE - Other Age Second Encounter,0,0,0,0
6490,The Seven Years War (1756-1763),0,0,0,0
6491,MadOut Ice Storm,0,0,0,0
6492,The Final Take,0,117,-117,117
6493,WeaponizedChess,0,0,0,0
6494,Black Closet,0,0,0,0
6495,Wuppo,0,0,0,0
6496,Reverse Crawl,137,189,-52,52
6497,Bleeding Blocks,0,0,0,0
6498,VERGE:Lost chapter,114,183,-69,69
6499,ZenBlade,0,112,-112,112
6500,The Juicer,0,111,-111,111
6501,MXGP2 - The Official Motocross Videogame,209,235,-26,26
6502,Rabi-Ribi,864,2194,-1330,1330
6503,Budget Cuts,0,0,0,0
6504,MODO indie 10,0,0,0,0
6505,Anode,0,0,0,0
6506,Dinosaur Hunt,1582,1325,257,257
6507,Invisible Apartment 2,0,0,0,0
6508,Puzzle Sages,0,0,0,0
6509,Zulu Response,0,0,0,0
6510,Nubs Adventure,0,0,0,0
6511,Nusakana,0,0,0,0
6512,Akuatica,0,0,0,0
6513,The Aquatic Adventure of the Last Human,0,140,-140,140
6514,Match 3 Revolution,0,0,0,0
6515,Lavapools,0,0,0,0
6516,Legena: Union Tides,0,0,0,0
6517,Broadside,0,0,0,0
6518,POSTAL Redux,137,281,-144,144
6519,Life in Bunker,209,177,32,32
6520,Flinthook,0,0,0,0
6521,Driveby Gangster,0,0,0,0
6522,FATED: The Silent Oath,0,0,0,0
6523,ChargeShot,0,0,0,0
6524,ARSLAN: THE WARRIORS OF LEGEND,0,114,-114,114
6525,The Room of Black & White,0,0,0,0
6526,The Park,453,1651,-1198,1198
6527,Zenohell,0,0,0,0
6528,The Guest,137,230,-93,93
6529,Californium,0,114,-114,114
6530,String Theory,0,0,0,0
6531,Sakura Swim Club,453,1167,-714,714
6532,Gamer Simulator,0,0,0,0
6533,Airport Madness: Time Machine,0,0,0,0
6534,Lift It,0,0,0,0
6535,Dead Secret,0,122,-122,122
6536,SNIPER BLACKLIST,0,0,0,0
6537,Dungeon Manager ZV,0,0,0,0
6538,Overfall,0,256,-256,256
6539,Press X to Not Die,137,696,-559,559
6540,Blue Rider,0,0,0,0
6541,Hyperdrive Massacre,0,0,0,0
6542,Out of the Park Baseball 17,297,283,14,14
6543,Linkrealms,0,0,0,0
6544,The Last Door: Season 2 - Collectors Edition,0,0,0,0
6545,Atlas Reactor,1002,685,317,317
6546,Double Fine Adventure!: Codename: Reds,0,0,0,0
6547,Double Fine Adventure!: Walking Around In Our Drawings,0,0,0,0
6548,Double Fine Adventure!: Its Gonna Get Hairy,0,0,0,0
6549,Double Fine Adventure!: That Bagel Filter Thing,0,0,0,0
6550,Double Fine Adventure!: Well Handle It,0,0,0,0
6551,Double Fine Adventure!: Broken Age,0,0,0,0
6552,Double Fine Adventure!: Part One of Something Great,0,0,0,0
6553,Double Fine Adventure!: Ship It,0,0,0,0
6554,Double Fine Adventure!: A Whole Different Game Experience,0,0,0,0
6555,Double Fine Adventure!: Crash Landing a Plane,0,0,0,0
6556,Double Fine Adventure!: I Think This is a Winner,0,0,0,0
6557,Double Fine Adventure!: Evergreen Games,0,0,0,0
6558,Double Fine Adventure!: This Time its Just for Love,0,0,0,0
6559,Double Fine Adventure!: Deadline for Tim,0,0,0,0
6560,Double Fine Adventure!: Constipation and Defcon 4,0,0,0,0
6561,Double Fine Adventure!: Last Call,0,0,0,0
6562,Double Fine Adventure!: We Did Our Job,0,0,0,0
6563,Kindred Spirits on the Roof,209,319,-110,110
6564,The Coma: Cutting Class,0,216,-216,216
6565,Space Thinger,0,0,0,0
6566,Giant Machines 2017,0,0,0,0
6567,Chunks,0,0,0,0
6568,Crusaders of the Lost Idols,1522,1137,385,385
6569,Miner Mayhem,0,0,0,0
6570,Age of Barbarian Extended Cut,0,133,-133,133
6571,Nyctophilia,0,260,-260,260
6572,Fringes of the Empire,0,0,0,0
6573,Osteya,0,0,0,0
6574,The Ultimate Showdown,0,0,0,0
6575,Driver Booster 3 for STEAM,280,228,52,52
6576,Silver Creek Falls: Chapter 2,0,0,0,0
6577,Rescue Team 2,0,0,0,0
6578,THE GAME OF LIFE - The Official 2016 Edition,0,0,0,0
6579,SCRABBLE: The Classic Word Game - Official 2016 Edition,0,0,0,0
6580,Draw a Stickman: EPIC 2,170,157,13,13
6581,Planetbase,1074,3094,-2020,2020
6582,ZombieZoid(r) Zenith,0,0,0,0
6583,Cloudrift,0,0,0,0
6584,Burly Men at Sea,0,0,0,0
6585,GravBlocks,0,0,0,0
6586,Undercover Missions: Operation Kursk K-141,0,0,0,0
6587,ARCADE GAME SERIES: DIG DUG,0,0,0,0
6588,ARCADE GAME SERIES: GALAGA,0,0,0,0
6589,Evil Hazard,0,0,0,0
6590,SkyScrappers,0,0,0,0
6591,Lands of Hope Redemption,0,0,0,0
6592,Fairy Tale Mysteries 2: The Beanstalk,0,0,0,0
6593,Eaten Alive,280,321,-41,41
6594,Stigmat,393,404,-11,11
6595,Klepto,0,0,0,0
6596,Omnipresent,0,0,0,0
6597,Lumber Island - That Special Place,0,0,0,0
6598,Codename: Rogue Fleet,0,320,-320,320
6599,Zero Punctuation: Hatfall - Hatters Gonna Hat Edition,0,196,-196,196
6600,GabeN: The Final Decision,601,601,0,0
6601,Color Symphony 2,0,0,0,0
6602,Sky To Fly: Faster Than Wind,0,106,-106,106
6603,ALPAGES : THE FIVE BOOKS,0,0,0,0
6604,MotoGP(tm)15 Compact,0,0,0,0
6605,Clergy Splode,280,266,14,14
6606,Conquest of Elysium 4,209,142,67,67
6607,World Ship Simulator,114,108,6,6
6608,PresenZ,0,0,0,0
6609,Lucky Rabbit Reflex!,0,0,0,0
6610,Lords of Magic: Special Edition,0,0,0,0
6611,Black & White Bushido,0,0,0,0
6612,Murder,0,155,-155,155
6613,Battle Girls,0,0,0,0
6614,Club Life,0,0,0,0
6615,WARTILE,0,0,0,0
6616,Fire & Forget - The Final Assault,0,0,0,0
6617,Tracks and Turrets,0,0,0,0
6618,To Azimuth,0,0,0,0
6619,Evil Robot Traffic Jam HD,0,0,0,0
6620,BADBLOOD,0,0,0,0
6621,Melter Man,0,0,0,0
6622,SC2VN - The eSports Visual Novel,679,706,-27,27
6623,Heavens Hope - Special Edition,0,0,0,0
6624,Relive,137,0,137,137
6625,Vikings - Wolves of Midgard,0,0,0,0
6626,The Political Machine 2016,170,418,-248,248
6627,Game Tycoon 2,0,203,-203,203
6628,Vicky Saves the Big Dumb World,0,0,0,0
6629,Hob,0,0,0,0
6630,This Book Is A Dungeon,0,0,0,0
6631,Curvatron,0,0,0,0
6632,SUPERFIGHT,360,141,219,219
6633,Godot Engine,174,144,30,30
6634,Escape from Puzzlegate,0,0,0,0
6635,Ragdoll Runners,0,0,0,0
6636,DARTHY,0,0,0,0
6637,Inside Me,0,0,0,0
6638,U-Boats,0,0,0,0
6639,Emergency 2016,297,215,82,82
6640,UTOPIA 9 - A Volatile Vacation,0,0,0,0
6641,Cold Dreams,137,0,137,137
6642,Fill Up!,0,0,0,0
6643,The Worm,0,0,0,0
6644,123 Slaughter Me Street,0,160,-160,160
6645,LEGO(r) MARVELs Avengers,1425,891,534,534
6646,Sky Break,209,0,209,209
6647,Ares Omega,0,0,0,0
6648,Audials One Suite 2016,0,0,0,0
6649,Dangerous Golf,360,0,360,360
6650,Veer,0,0,0,0
6651,Jet Set Knights,0,0,0,0
6652,Flight of the Paladin,1582,0,1582,1582
6653,Pony Island,1395,3554,-2159,2159
6654,Zero Reflex : Black Eye Edition,0,171,-171,171
6655,Combat Core,0,0,0,0
6656,Audials Moviebox 2016,0,0,0,0
6657,Audials Tunebite Platinum 2016,0,0,0,0
6658,Perfect Universe - Play with Gravity,0,0,0,0
6659,Robot Squad Simulator 2017,0,0,0,0
6660,Alpha Polaris : A Horror Adventure Game,0,0,0,0
6661,Valzar,0,0,0,0
6662,Turok,297,830,-533,533
6663,Maya LT (with Stingray),0,0,0,0
6664,Super Ubie Island REMIX,0,0,0,0
6665,Disgaea PC,1440,1406,34,34
6666,Lowglow,393,319,74,74
6667,Sunken,0,0,0,0
6668,Flat Kingdom Papers Cut Edition,0,0,0,0
6669,Legend of Dungeon: Masters,319,191,128,128
6670,Professor Teaches Word 2016,0,0,0,0
6671,Professor Teaches Access 2016,0,0,0,0
6672,Professor Teaches Excel 2016,0,0,0,0
6673,Professor Teaches PowerPoint 2016,0,0,0,0
6674,Ant War: Domination,0,112,-112,112
6675,Lost Moon,0,0,0,0
6676,Asdivine Hearts,0,0,0,0
6677,Astral Breakers,0,0,0,0
6678,DarkMaus,137,229,-92,92
6679,Refunct,170,1942,-1772,1772
6680,Vortex: The Gateway,0,242,-242,242
6681,Gnomes Vs. Fairies: Greckels Quest,0,0,0,0
6682,DesertLand 2115,0,0,0,0
6683,Twilight Struggle,360,391,-31,31
6684,Lighthockey,0,0,0,0
6685,KartKraft(tm),0,0,0,0
6686,Axes and Arrows,0,0,0,0
6687,Umineko When They Cry (Question Arc),0,0,0,0
6688,Ratings War,0,0,0,0
6689,Impossible Geometry,0,0,0,0
6690,Roses and Gems,0,0,0,0
6691,Alekhines Gun,0,148,-148,148
6692,1000 Heads Among the Trees,0,0,0,0
6693,Welcome to Boon Hill,0,0,0,0
6694,Professor Teaches OneNote 2016,0,0,0,0
6695,Professor Teaches Outlook 2016,0,0,0,0
6696,Crush Your Enemies,0,0,0,0
6697,Eventide: Slavic Fable,0,175,-175,175
6698,Fruit Golf,0,0,0,0
6699,Monsterland,0,0,0,0
6700,Epic Showdown,0,0,0,0
6701,Dub Dash,0,145,-145,145
6702,The Uncertain: Episode 1 - The Last Quiet Day,0,0,0,0
6703,Survival Is Not Enough,0,0,0,0
6704,Star Sky - burumun,0,0,0,0
6705,AltspaceVR,280,153,127,127
6706,Gulf of Aden - Task Force Somalia,0,0,0,0
6707,Soccer Manager 2016,1522,657,865,865
6708,Trap Them - Sniper Edition,0,0,0,0
6709,Club Manager 2016,0,0,0,0
6710,Legend of Mysteria RPG,408,316,92,92
6711,Pro Evolution Soccer 2016 myClub,6824,5445,1379,1379
6712,The Last NightMary - A Lenda do Cabeca de Cuia,170,231,-61,61
6713,My Little Kitties,0,0,0,0
6714,Sakura Dungeon,360,337,23,23
6715,Strawberry Vinegar,0,0,0,0
6716,Strania - The Stella Machina -,0,0,0,0
6717,Gabe Newell Simulator 2.0,0,432,-432,432
6718,ARK: Survival Of The Fittest,14567,4776,9791,9791
6719,Killing Room,0,0,0,0
6720,Raiden Legacy - Steam Edition,0,0,0,0
6721,Indie Game Battle,0,103,-103,103
6722,Last Days of Spring Visual Novel,170,0,170,170
6723,R.B.I. Baseball 16,0,0,0,0
6724,Lonath Online,0,0,0,0
6725,The Grand Canyon VR Experience,0,0,0,0
6726,Poker Pretty Girls Battle: Texas Holdem,0,0,0,0
6727,Dungeons Of Kragmor,0,0,0,0
6728,Operation: Global Shield,0,0,0,0
6729,Paranormal Psychosis,319,112,207,207
6730,Hard Reset Redux,360,401,-41,41
6731,Space Overlords,0,0,0,0
6732,ORION,1361,2692,-1331,1331
6733,Mad Nords: Probably an Epic Quest,0,0,0,0
6734,Princess Remedy in a World of Hurt,1022,1188,-166,166
6735,Hyper Bounce Blast,0,0,0,0
6736,Sakura Beach 2,211,131,80,80
6737,SAVAGE: The Shard of Gosen,0,0,0,0
6738,Planet R-12,0,0,0,0
6739,Cibele,297,1036,-739,739
6740,Networm,0,0,0,0
6741,Slime Jumper,0,0,0,0
6742,Message Quest,0,360,-360,360
6743,Grav|Lab - Gravitational Testing Facility & Observations,0,0,0,0
6744,Swords and Sorcery - Underworld - Definitive Edition,0,0,0,0
6745,Dream Factory,0,0,0,0
6746,Code of Princess,0,126,-126,126
6747,ChromaGun,209,224,-15,15
6748,Starsphere,0,0,0,0
6749,Pro Cycling Manager 2016,542,183,359,359
6750,Highschool Possession,0,0,0,0
6751,Dead Stop,0,0,0,0
6752,Heal Them All,0,0,0,0
6753,Unfortunate Spacemen,0,0,0,0
6754,Krai Mira,0,0,0,0
6755,Zombasite,0,0,0,0
6756,Timber and Stone,297,477,-180,180
6757,Mystery Chronicle: One Way Heroics,0,0,0,0
6758,Herolike,0,0,0,0
6759,Fist Slash: Of Ultimate Fury,0,0,0,0
6760,The Big Secret of a Small Town,0,0,0,0
6761,The Purring Quest,137,356,-219,219
6762,Demigods,0,0,0,0
6763,Dr. Langeskov The Tiger and The Terribly Cursed Emerald: A Whirlwind Heist,1522,5638,-4116,4116
6764,Contract,0,0,0,0
6765,Blue Sheep,0,0,0,0
6766,Herding Dog,0,0,0,0
6767,The Rollingballs Melody,0,0,0,0
6768,Syndrome,0,0,0,0
6769,Perraw - FPS Clone War Alpha,0,0,0,0
6770,INDEF,0,0,0,0
6771,Farons Fate,0,0,0,0
6772,Monster RPG 2,0,0,0,0
6773,Among the Heavens,170,139,31,31
6774,Marble Mountain,0,0,0,0
6775,Knight Adventure,0,0,0,0
6776,SnakEscape,0,0,0,0
6777,The Fall of the Dungeon Guardians,209,185,24,24
6778,Blackfaun,0,0,0,0
6779,Rogue Harvest,0,0,0,0
6780,Genesis Online,1361,1260,101,101
6781,8DAYS,0,0,0,0
6782,Run Rabbit Run,137,0,137,137
6783,No1Left,0,0,0,0
6784,KINGDOMS,137,447,-310,310
6785,Contract With The Devil,0,0,0,0
6786,One Final Chaos,0,0,0,0
6787,Rumble,0,0,0,0
6788,Angry Video Game Nerd II: ASSimilation,209,301,-92,92
6789,Pink Hour,679,679,0,0
6790,Pink Heaven,319,432,-113,113
6791,Death by Game Show,0,0,0,0
6792,Phantom Brave PC,0,0,0,0
6793,Stranger of Sword City,209,165,44,44
6794,The Storm Guard: Darkness is Coming,0,0,0,0
6795,Brilliant Shadows - Part One of the Book of Gray Magic,0,126,-126,126
6796,The Forgotten Forest,0,0,0,0
6797,AGON - The Lost Sword of Toledo,0,0,0,0
6798,Swapperoo,0,0,0,0
6799,Ampersand,280,657,-377,377
6800,Acorn Assault: Rodent Revolution,0,0,0,0
6801,EARTH DEFENSE FORCE 4.1 The Shadow of New Despair,714,1410,-696,696
6802,Liftoff,568,255,313,313
6803,Huenison,0,0,0,0
6804,HEX: Shards of Fate,575,1026,-451,451
6805,Morphine,137,263,-126,126
6806,Vertigo Void,0,0,0,0
6807,Expander,0,0,0,0
6808,Elements: Epic Heroes,0,0,0,0
6809,Starlord,0,0,0,0
6810,Tank: M1A1 Abrams Battle Simulation,0,0,0,0
6811,Gunjack,137,0,137,137
6812,Fiends of Imprisonment,314,314,0,0
6813,Suits: A Business RPG,170,473,-303,303
6814,System Shock: Enhanced Edition,297,200,97,97
6815,Roads of Rome,0,0,0,0
6816,Starward Rogue,297,285,12,12
6817,DRAGON QUEST HEROES(tm) Slime Edition,1051,625,426,426
6818,Higurashi When They Cry Hou - Ch.2 Watanagashi,0,147,-147,147
6819,Deathless: The Citys Thirst,0,0,0,0
6820,Master of Orion 1,114,0,114,114
6821,Master of Orion 2,312,0,312,312
6822,Master of Orion 3,114,0,114,114
6823,Sorcery! Parts 1 and 2,297,121,176,176
6824,Roads of Rome 2,0,0,0,0
6825,Mass Vector,0,0,0,0
6826,SHOWTIME 2073,0,198,-198,198
6827,Galaxy Admirals,137,143,-6,6
6828,Leviathan: the Cargo -- Ongoing series,0,0,0,0
6829,Dota 2 Player Profiles: EG - Suma1L,0,0,0,0
6830,Dota 2 Player Profiles: NaVi - XBOCT,0,0,0,0
6831,Dota 2 Player Profiles: Invictus Gaming - Ferrari,0,0,0,0
6832,Dota 2 Player Profiles: MVPHot6 - HEEN,0,0,0,0
6833,Dota 2 Player Profiles: EHome - ROTKE,0,0,0,0
6834,Dota 2 Player Profiles: Cloud9 - NoTail,0,0,0,0
6835,Dota 2 Player Profiles: Complexity - zfreek,0,0,0,0
6836,Dota 2 Player Profiles: Fnatic - Kecik-Imba,0,0,0,0
6837,Dota 2 Player Profiles: LGD - Xiao8,0,0,0,0
6838,Dota 2 Player Profiles: Newbee - Mu,0,0,0,0
6839,Dota 2 Player Profiles: Vici - fy,0,0,0,0
6840,ELEX,0,0,0,0
6841,Codename: Panzers Phase One,0,0,0,0
6842,Codename: Panzers Phase Two,0,0,0,0
6843,Men of Valor,0,0,0,0
6844,Quicken WillMaker Plus 2016,0,0,0,0
6845,Quicken Legal Business Pro,0,0,0,0
6846,Getsuei Gakuen -kou-,0,0,0,0
6847,BATTLECREW(tm) Space Pirates,0,0,0,0
6848,Roads of Rome 3,0,0,0,0
6849,Island Tribe,0,0,0,0
6850,Zombie Exodus,0,0,0,0
6851,The Rivers of Alice - Extended Version,0,0,0,0
6852,The Sentient,0,0,0,0
6853,Ticks Tales,0,0,0,0
6854,Pane In The Glass,0,0,0,0
6855,Wicked Witches,0,0,0,0
6856,Loot Hound(tm),0,0,0,0
6857,VROOM: Galleon,0,0,0,0
6858,Quantum Lock,0,0,0,0
6859,Yet Another World,0,0,0,0
6860,Brick Inventions,0,0,0,0
6861,Swordbreaker The Game,137,145,-8,8
6862,The FOO Show featuring Will Smith,0,0,0,0
6863,SENRAN KAGURA SHINOVI VERSUS,1440,1464,-24,24
6864,Save the Creatures,0,0,0,0
6865,TY the Tasmanian Tiger,209,678,-469,469
6866,Crossbow Warrior - The Legend of William Tell,0,0,0,0
6867,HordeZ,209,309,-100,100
6868,Era of Majesty,297,126,171,171
6869,Electric Highways,319,754,-435,435
6870,Midsummer Night,0,0,0,0
6871,City of Chains,393,0,393,393
6872,Ohio Jack and The Cup Of Eternity,0,0,0,0
6873,Labyrinth,0,0,0,0
6874,Parallels,0,0,0,0
6875,Legend (1994),0,0,0,0
6876,Castle Chaos,0,0,0,0
6877,Janes Realty,0,0,0,0
6878,The Black Death,360,835,-475,475
6879,Villagers,209,202,7,7
6880,Turtle Odyssey,0,0,0,0
6881,Evil Defenders,137,215,-78,78
6882,Atlantic Quest 2 - New Adventure -,0,0,0,0
6883,The Minotaur,0,0,0,0
6884,Pro Basketball Manager 2016 - US Edition,0,0,0,0
6885,Lup,280,119,161,161
6886,Klang,0,0,0,0
6887,Bullet Heaven 2,0,142,-142,142
6888,SMASH+GRAB,0,0,0,0
6889,Days Under Custody,0,138,-138,138
6890,Audioshield,864,1072,-208,208
6891,Adventure Time: Magic Mans Head Games,0,0,0,0
6892,STEINS;GATE,209,416,-207,207
6893,Zombie Office Politics,0,0,0,0
6894,Drift Streets Japan,1245,1779,-534,534
6895,Farm Mania: Hot Vacation,0,0,0,0
6896,Back to Dinosaur Island,736,526,210,210
6897,Beatbuddy: On Tour,0,0,0,0
6898,Mytheon,0,0,0,0
6899,Stardew Valley,28374,28507,-133,133
6900,Metal Assault,280,254,26,26
6901,Danganronpa: Trigger Happy Havoc,864,1726,-862,862
6902,Danganronpa 2: Goodbye Despair,864,997,-133,133
6903,Draft Day Sports College Basketball 3,0,0,0,0
6904,Where Angels Cry: Tears of the Fallen (Collectors Edition),0,0,0,0
6905,101 Ways to Die,0,0,0,0
6906,Rocket Fist,0,0,0,0
6907,The Extinction,0,0,0,0
6908,Recourse,0,0,0,0
6909,Statues,0,107,-107,107
6910,Run Turn Die,0,0,0,0
6911,Blood & Gold: Caribbean!,393,498,-105,105
6912,Krosmaster Arena,0,234,-234,234
6913,Mines of Mars,0,0,0,0
6914,Go To Bed: Survive The Night,0,0,0,0
6915,CS:GO Player Profiles: n0thing - Cloud9,0,0,0,0
6916,CS:GO Player Profiles: GeT_RiGhT - Ninjas in Pyjamas,0,0,0,0
6917,CS:GO Player Profiles: olofmeister - fnatic,0,0,0,0
6918,CS:GO Player Profiles: kennyS - Team Envyus,0,0,0,0
6919,CS:GO Player Profiles: Edward - NaVi,0,0,0,0
6920,CS:GO Player Profiles: markeloff - Flipsid3,0,0,0,0
6921,CS:GO Player Profiles: device - Team SoloMid,0,0,0,0
6922,CS:GO Player Profiles: FalleN - Luminosity,0,0,0,0
6923,iso-Sphere,0,0,0,0
6924,Shut Up And Dig,393,198,195,195
6925,Life is Hard,297,286,11,11
6926,The Warden,0,0,0,0
6927,Fall of the Titanic,0,264,-264,264
6928,Junk Jack,0,102,-102,102
6929,Ironclads 2: American Civil War,0,0,0,0
6930,Princess.Loot.Pixel.Again,393,478,-85,85
6931,Hellblade: Senuas Sacrifice,0,0,0,0
6932,Raining Blobs,0,0,0,0
6933,Nightmare on Azathoth,0,0,0,0
6934,Caribbean Odyssey,0,0,0,0
6935,5089: The Action RPG,0,204,-204,204
6936,Uriels Chasm 2: t,174,0,174,174
6937,Vampire Legends: The True Story of Kisilova,137,120,17,17
6938,Outlast 2,0,0,0,0
6939,Astrox: Hostile Space Excavation,137,155,-18,18
6940,Epic Clicker Journey,601,565,36,36
6941,Bionite: Origins,0,0,0,0
6942,Observatory: A VR Variety Pack,0,0,0,0
6943,Robotpencil Presents: The Soldier: Using Keyshot,0,0,0,0
6944,Robotpencil Presents: The Soldier: Using Photoshop,0,0,0,0
6945,Star Nomad 2,0,113,-113,113
6946,GTGD S3 How To Make A Game,0,0,0,0
6947,The Other 99,0,0,0,0
6948,One More Dungeon,170,282,-112,112
6949,Cyber Team Manager,0,0,0,0
6950,PD Howler 10,0,0,0,0
6951,Star Crusade CCG,601,1047,-446,446
6952,When In Rome,0,0,0,0
6953,Shooting Stars!,0,117,-117,117
6954,Viking Saga: The Cursed Ring,0,0,0,0
6955,Cross Set,0,116,-116,116
6956,Nyan Cat: Lost In Space,427,899,-472,472
6957,Lemurzin,427,283,144,144
6958,Fly Glowfly!,0,0,0,0
6959,Red Comrades Save the Galaxy: Reloaded,0,204,-204,204
6960,Highrise Heroes: Word Challenge,0,0,0,0
6961,OmniBus,0,111,-111,111
6962,Bacon Rebellion,0,0,0,0
6963,Gnomes Garden,0,0,0,0
6964,Mystic Saga,0,0,0,0
6965,BAD END,0,162,-162,162
6966,Tactical Craft Online,1361,876,485,485
6967,Disc Jam,0,0,0,0
6968,Crystal Picnic,0,0,0,0
6969,Gigachess,0,0,0,0
6970,Voidspire Tactics,0,0,0,0
6971,Energy Cycle,170,0,170,170
6972,Quatro Luzes,0,0,0,0
6973,Lightbender,0,0,0,0
6974,Your Quest,0,0,0,0
6975,Mars 2030,0,0,0,0
6976,The Odyssey: Winds of Athena,408,297,111,111
6977,Blitz Breaker,0,0,0,0
6978,InterSection,0,0,0,0
6979,Written in the Sky,1582,1916,-334,334
6980,The Final Frontier: Space Simulator,0,0,0,0
6981,HotLead,174,168,6,6
6982,Gun Bombers,0,0,0,0
6983,Vehicle Simulator,0,0,0,0
6984,Door To Door,0,0,0,0
6985,Blockhood,568,281,287,287
6986,The Light Empire,0,0,0,0
6987,Space Impossible,0,0,0,0
6988,The Lost Island,0,0,0,0
6989,GooCubelets 2,1361,328,1033,1033
6990,Bleeding Border,0,0,0,0
6991,Goblin Defenders: Steeln Wood,0,0,0,0
6992,Rescue Team 5,0,0,0,0
6993,Viking Saga: New World,0,0,0,0
6994,MiniBikers,0,0,0,0
6995,Maxs Big Bust - A Captain Nekorai Tale,0,0,0,0
6996,The Hurricane of the Varstray -Collateral hazard-,0,0,0,0
6997,Magnetron,0,0,0,0
6998,Emporea: Realms of War and Magic,393,300,93,93
6999,Tacopocalypse,0,0,0,0
7000,Rubber Ducky and the Rainbow Gun,0,110,-110,110
7001,True Lovers Knot,0,0,0,0
7002,Diabolical,0,105,-105,105
7003,Gunslingers,170,264,-94,94
7004,Oh...Sir!,601,883,-282,282
7005,Toro,0,0,0,0
7006,Pay2Win: The Tricks Exposed,0,0,0,0
7007,SquareCells,137,266,-129,129
7008,The Metronomicon,0,0,0,0
7009,Cluck Yegger in Escape From The Planet of The Poultroid,0,0,0,0
7010,Astral Gun,0,0,0,0
7011,REalM: Walk of Soul,0,0,0,0
7012,UnSummoning: the Spectral Horde,0,0,0,0
7013,Mayjasmine Episode01 - What is God?,0,120,-120,120
7014,Pavilion,0,0,0,0
7015,Ghost of a Tale,0,328,-328,328
7016,Hiragana Pixel Party,0,0,0,0
7017,Monkey King Saga,0,0,0,0
7018,MAGIX Samplitude Music Studio 2016,0,0,0,0
7019,Northern Tale,0,0,0,0
7020,Moto Racer  4,0,0,0,0
7021,Marcus Level,0,0,0,0
7022,Left Alone,0,167,-167,167
7023,Mysterious Castle,0,0,0,0
7024,Emily is Away,9269,24543,-15274,15274
7025,Everybodys Gone to the Rapture,209,364,-155,155
7026,Apotheon Arena,736,710,26,26
7027,Upwards Lonely Robot,0,0,0,0
7028,Street Warriors Online,170,236,-66,66
7029,Planet Diver,0,0,0,0
7030,Major\Minor,0,359,-359,359
7031,Demented,0,0,0,0
7032,hocus,0,219,-219,219
7033,FALL,0,0,0,0
7034,Turbo Pug,2598,2470,128,128
7035,March of War: FaceOff - XL,170,157,13,13
7036,Callys Caves 3,297,176,121,121
7037,Garden Rescue: Christmas Edition,0,0,0,0
7038,MicroRC Simulation,0,0,0,0
7039,Helens Mysterious Castle,0,149,-149,149
7040,MAGIX Photostory 2016 Deluxe,0,0,0,0
7041,Shadow Tactics: Blades of the Shogun,0,0,0,0
7042,Gumball Drift,0,0,0,0
7043,Retaliation,0,0,0,0
7044,Chronicles of a Dark Lord: Rhapsody Clash,0,0,0,0
7045,RWBY: Grimm Eclipse,5913,6603,-690,690
7046,Gurgamoth,0,0,0,0
7047,Survive Me Miolhr,0,0,0,0
7048,Tick Tock Isle,0,0,0,0
7049,SculptrVR,0,0,0,0
7050,Swiftly,0,0,0,0
7051,The TakeOver,0,0,0,0
7052,Iron Commando - Koutetsu no Senshi,0,0,0,0
7053,Pankapu,0,0,0,0
7054,Idle Civilization,137,107,30,30
7055,DreadOut: Keepers of The Dark,0,154,-154,154
7056,Relic Alone,0,0,0,0
7057,Wishmere,0,0,0,0
7058,Vector Strain,0,0,0,0
7059,Resume Maker(r) for Windows,0,0,0,0
7060,That Dragon Cancer,162,582,-420,420
7061,Red Game Without A Great Name,0,0,0,0
7062,Tales from the Void,0,0,0,0
7063,Lets Play: New Playgrounds,0,0,0,0
7064,Lets Play: Free Experimentation,0,0,0,0
7065,Lets Play: Beyond The Screen,0,0,0,0
7066,Lets Play: Co-Creations,0,0,0,0
7067,House of Hell,0,0,0,0
7068,Dota 2 Player Profiles: CDECs Journey to The Majors,0,0,0,0
7069,Home Design 3D,0,170,-170,170
7070,Candle,0,0,0,0
7071,Kill The Plumber,0,0,0,0
7072,NEKOPARA Vol. 2,1349,3733,-2384,2384
7073,Alphabeats: Master Edition,0,0,0,0
7074,Into the Void,137,0,137,137
7075,The Admin,0,0,0,0
7076,The Strike,0,0,0,0
7077,Atlantic Fleet,297,304,-7,7
7078,OneShot,0,0,0,0
7079,Super Arcade Football,0,0,0,0
7080,Cubixx HD,0,0,0,0
7081,Elite vs. Freedom,0,0,0,0
7082,The Deed,685,706,-21,21
7083,The Legend of Dark Witch,0,0,0,0
7084,StarBreak,749,597,152,152
7085,BLARP!,0,118,-118,118
7086,Cosmic Leap,0,0,0,0
7087,Mech Anarchy,0,0,0,0
7088,Store Manager: Cellular Edition,0,0,0,0
7089,Lost Labyrinth Extended Version,0,0,0,0
7090,Time Tenshi,0,0,0,0
7091,RoBoRumble,0,0,0,0
7092,Army Gals,0,0,0,0
7093,Soldiers: Arena,0,0,0,0
7094,Catch Me,389,389,0,0
7095,Plantera,393,1617,-1224,1224
7096,Deponia Doomsday,864,1095,-231,231
7097,Age of Steel: Recharge,137,101,36,36
7098,AWAKE,0,0,0,0
7099,Samorost 3,360,548,-188,188
7100,Blades of the Righteous,0,0,0,0
7101,Umbra: Shadow of Death,0,0,0,0
7102,Militia,0,0,0,0
7103,Dissonance: An Interactive Novelette,0,0,0,0
7104,A Study in Steampunk: Choice by Gaslight,0,0,0,0
7105,CUPID - A free to play Visual Novel,453,479,-26,26
7106,EuroTruck Simulator - Mod Tools,0,0,0,0
7107,OH! RPG!,427,296,131,131
7108,Quatros Origins,0,0,0,0
7109,Plastiland,0,0,0,0
7110,Avaris 2: The Return of the Empress,0,0,0,0
7111,Shadowrun Chronicles: INFECTED Directors Cut,0,0,0,0
7112,PANOPTES,0,0,0,0
7113,World of Fishing,314,281,33,33
7114,ReVeN: XBridge,0,0,0,0
7115,Heaven Island Life,314,261,53,53
7116,Wand Wars,0,0,0,0
7117,Comic Book Hero: The Greatest Cape,0,0,0,0
7118,Wrestling Spirit 3,0,0,0,0
7119,Rise of Keepers,0,0,0,0
7120,ShipLord,1395,211,1184,1184
7121,City Play,0,0,0,0
7122,Element,0,0,0,0
7123,Godus Wars,297,415,-118,118
7124,Wacky Wheels HD,0,0,0,0
7125,1775: Rebellion,0,0,0,0
7126,Metaverse Construction Kit,319,200,119,119
7127,VR Karts SteamVR,0,0,0,0
7128,Megamagic: Wizards of the Neon Age,0,0,0,0
7129,Holodance,0,0,0,0
7130,Particle Fleet: Emergence,0,0,0,0
7131,Divergence: Online,0,118,-118,118
7132,Devil Daggers,1855,1855,0,0
7133,Super Robot Jump Jump,0,0,0,0
7134,Community College Hero: Trial by Fire,0,194,-194,194
7135,A.I. Space Corps,0,0,0,0
7136,T-Kara Puzzles,0,0,0,0
7137,Furi,360,534,-174,174
7138,Pendragon Rising,0,0,0,0
7139,Choice of Kung Fu,0,0,0,0
7140,Trainz Driver 2016,31397,0,31397,31397
7141,Air Missions: HIND,0,0,0,0
7142,Day D: Tower Rush,0,0,0,0
7143,Project Highrise,864,315,549,549
7144,Adelantado Trilogy. Book one,0,0,0,0
7145,HERO DEFENSE,209,351,-142,142
7146,Summer Fling,0,0,0,0
7147,Apocalypse Hotel - The Post-Apocalyptic Hotel Simulator!,0,0,0,0
7148,Invasion: Brain Craving,393,117,276,276
7149,Color Chaos,0,0,0,0
7150,Hyper Gods,0,0,0,0
7151,Save Your Mother,0,0,0,0
7152,Gardenarium,0,0,0,0
7153,Hit Tank PRO,0,0,0,0
7154,Our Love Will Grow,0,0,0,0
7155,Zero Gravity,0,0,0,0
7156,Automata Empire,0,0,0,0
7157,Marooners,0,0,0,0
7158,BanHammer,137,0,137,137
7159,Carpe Diem,5171,5171,0,0
7160,Dinocide,0,0,0,0
7161,Etaria | Survival Adventure,0,104,-104,104
7162,Deadlight: Directors Cut,0,0,0,0
7163,Project Pulsation,114,0,114,114
7164,Crudelis,0,0,0,0
7165,War of Rights,0,0,0,0
7166,Fragmental,0,0,0,0
7167,The Glow,0,0,0,0
7168,Celestrion,0,0,0,0
7169,The fall of gods,0,0,0,0
7170,SodaCity,0,0,0,0
7171,Balrum,209,203,6,6
7172,Feelings Adrift,0,0,0,0
7173,Blessed Ones: The Magic Wolves,0,0,0,0
7174,Anomaly 1729,0,0,0,0
7175,Wolcen: Lords of Mayhem,542,500,42,42
7176,Farm Expert 2017,209,244,-35,35
7177,Karaski: What Goes Up...,0,0,0,0
7178,The BoX,0,0,0,0
7179,Bladestar,0,0,0,0
7180,Imperia Online,0,137,-137,137
7181,Bell Ringer,453,321,132,132
7182,Galactineers,0,0,0,0
7183,Threads of Destiny,0,0,0,0
7184,ScudBuster,0,0,0,0
7185,ComixPlay #1: The Endless Incident,0,0,0,0
7186,Asteroids Minesweeper,0,0,0,0
7187,Assassins vs Pirates,0,0,0,0
7188,Recursion Deluxe,0,0,0,0
7189,Shadwen,0,241,-241,241
7190,One Piece Burning Blood,209,279,-70,70
7191,Sword N Board,0,0,0,0
7192,Super Button Soccer,0,0,0,0
7193,Road to Ballhalla,0,0,0,0
7194,GoatPunks,0,0,0,0
7195,CyberLink PhotoDirector 7 Ultra,0,0,0,0
7196,CyberLink Power2Go 10 Platinum,0,0,0,0
7197,The Order of the Thorne - The Kings Challenge,0,0,0,0
7198,Halloween Forever,0,0,0,0
7199,Seraph,0,0,0,0
7200,EGO PROTOCOL,0,0,0,0
7201,Dragonpath,0,0,0,0
7202,Vector Assault,0,0,0,0
7203,Gyrodisc Super League,0,0,0,0
7204,Adventure Lamp,0,0,0,0
7205,HunieCam Studio,1395,1824,-429,429
7206,Womb Room,0,0,0,0
7207,Caretaker Sacrifice,0,0,0,0
7208,Periodonica,0,0,0,0
7209,The Away Team,0,0,0,0
7210,Perception,0,0,0,0
7211,Blood of Magic,0,0,0,0
7212,Bubsy Two-Fur,0,179,-179,179
7213,Narcissu 10th Anniversary Anthology Project,0,0,0,0
7214,Yooka-Laylee - Toybox,0,0,0,0
7215,Grow Up,360,432,-72,72
7216,Moonshot,0,0,0,0
7217,Age of Magic CCG,170,160,10,10
7218,Xuan Yuan Jian Wai Chuan Qiong Zhi Fei (The Gate of Firmament),209,661,-452,452
7219,Pitstop Challenge,0,0,0,0
7220,Cosmic Trip,0,224,-224,224
7221,8-Bit Armies,714,920,-206,206
7222,Orcs Must Die! Unchained - Open Beta,3920,3195,725,725
7223,Democracy 3 Africa,0,118,-118,118
7224,Way of the Samurai 3,209,106,103,103
7225,Factorio,8701,12547,-3846,3846
7226,Tibetan Quest: Beyond the Worlds End,0,0,0,0
7227,Dawn of Andromeda,0,0,0,0
7228,The Ables: Freepoint High,0,0,0,0
7229,NightCry,0,136,-136,136
7230,Whos Your Daddy,8701,8300,401,401
7231,A Chair in a Room : Greenwater,209,247,-38,38
7232,Hitman GO: Definitive Edition,137,258,-121,121
7233,P.A.M.E.L.A.(r),0,0,0,0
7234,Felt Tip Circus,0,0,0,0
7235,Zavix Tower,0,236,-236,236
7236,Army of Tentacles: (Not) A Cthulhu Dating Sim,0,0,0,0
7237,The Withering,0,194,-194,194
7238,Heathen Engineerings Terran,0,0,0,0
7239,Aozora Meikyuu,170,273,-103,103
7240,The ORPHEUS Ruse,0,0,0,0
7241,Sixth Grade Detective,0,0,0,0
7242,Beyond Reality,0,0,0,0
7243,Save Halloween: City of Witches,0,0,0,0
7244,Walk The Light,0,0,0,0
7245,Islet Online,0,215,-215,215
7246,MadOut Open City,0,184,-184,184
7247,Attack Heroes,0,183,-183,183
7248,Horror in the Asylum,0,0,0,0
7249,TurnOn,0,135,-135,135
7250,Swift,0,0,0,0
7251,Hauntsters,0,0,0,0
7252,Mystery Castle: The Mirrors Secret,0,0,0,0
7253,The Book of Desires,0,0,0,0
7254,Twilight City: Love as a Cure,0,0,0,0
7255,Mystery of Unicorn Castle: The Beastmaster,0,0,0,0
7256,Fear Equation,0,0,0,0
7257,Windlands,360,456,-96,96
7258,PRiO,0,0,0,0
7259,Room 404,0,0,0,0
7260,Endorlight,0,803,-803,803
7261,Chasing Dead,0,204,-204,204
7262,Kings of Israel,0,0,0,0
7263,Solitaire Christmas. Match 2 Cards,0,0,0,0
7264,Machine Gun Train Run,0,0,0,0
7265,Momodora: Reverie Under the Moonlight,393,1408,-1015,1015
7266,Unearthing Colossal,0,0,0,0
7267,White Mirror,162,225,-63,63
7268,Nordenfelt,0,0,0,0
7269,Neon Chrome,0,165,-165,165
7270,Hatch and Slay,0,0,0,0
7271,Save the Dodos,0,0,0,0
7272,Take the Dream IX,0,0,0,0
7273,The Quest,0,151,-151,151
7274,Linea the Game,170,382,-212,212
7275,Into the Belly of the Beast,0,0,0,0
7276,CONTASION 2,0,0,0,0
7277,Kivi Toilet and Shotgun,280,232,48,48
7278,Ethereal Legends,0,0,0,0
7279,Lost World Zero,0,0,0,0
7280,Furfly,0,0,0,0
7281,Feed and Grow: Fish,297,268,29,29
7282,Zombie Wars: Invasion,0,0,0,0
7283,Zamarian,0,0,0,0
7284,Cyborg Rage,0,0,0,0
7285,Super Helmets on Fire DX Ultra Edition Plus Alpha,0,0,0,0
7286,Beyond Dimensions,0,0,0,0
7287,Super Intergalactic Gang,0,0,0,0
7288,Gems of the Aztecs,0,0,0,0
7289,Sepia Tears,453,574,-121,121
7290,Stikbold! A Dodgeball Adventure,360,193,167,167
7291,Satellite Rush,0,0,0,0
7292,XenoShyft,0,0,0,0
7293,Cycle Of Tyrfing,0,0,0,0
7294,Space Pilgrim Episode I: Alpha Centauri,393,370,23,23
7295,Resilience: Wave Survival,0,111,-111,111
7296,Falcon Gold,0,0,0,0
7297,Falcon 4.0,0,0,0,0
7298,The Walking Dead: Michonne - A Telltale Miniseries,1395,2177,-782,782
7299,A Wild Catgirl Appears!,137,137,0,0
7300,Fairy Tale Mysteries: The Puppet Thief,0,105,-105,105
7301,The Emerald Maiden: Symphony of Dreams,0,0,0,0
7302,Dungeon Rushers,209,213,-4,4
7303,Spellweaver,601,916,-315,315
7304,Astro Duel,0,0,0,0
7305,Squirbs,0,0,0,0
7306,IMSCARED,0,257,-257,257
7307,Bunny Hop League,0,164,-164,164
7308,AdventureQuest 3D,736,0,736,736
7309,Unseen Diplomacy,137,0,137,137
7310,The Sad Story of Emmeline Burns,137,362,-225,225
7311,ABO MANDO,0,0,0,0
7312,Dance of Death,137,203,-66,66
7313,Babel: Choice,0,0,0,0
7314,Wondershot,0,0,0,0
7315,Grass Max,0,0,0,0
7316,Duplexer,0,0,0,0
7317,Nature Defenders,0,0,0,0
7318,Shmups Skill Test,0,0,0,0
7319,MINUS ZERO,0,0,0,0
7320,Z. Year One,0,0,0,0
7321,Lucy -The Eternity She Wished For-,137,352,-215,215
7322,DEFENDERS,0,0,0,0
7323,WolfQuest,137,221,-84,84
7324,Porradaria 2: Pagode of the Night,0,0,0,0
7325,Tiny Guardians,0,0,0,0
7326,Golf With Your Friends,16455,3956,12499,12499
7327,Mushroom Wars,0,126,-126,126
7328,Cursed,0,0,0,0
7329,GooCubelets: The Algoorithm,314,218,96,96
7330,Level 22: Garys Misadventure - 2016 Edition,0,0,0,0
7331,Classic Fun Collection 5 in 1,0,0,0,0
7332,Dungeons Are Random,0,0,0,0
7333,The Legend: A University Story,0,0,0,0
7334,Diorama No.3 : The Marchland,0,0,0,0
7335,Diorama No.1 : Blocked In,0,0,0,0
7336,Mazement,0,0,0,0
7337,Alchemists Awakening,0,158,-158,158
7338,Midnight,0,0,0,0
7339,Inside The Code,0,0,0,0
7340,Clash of the Monsters,0,270,-270,270
7341,Frosty Kiss,1022,800,222,222
7342,Hard Room,393,185,208,208
7343,Automobilista,360,360,0,0
7344,Huberts Island Adventure: Mouse o War,0,0,0,0
7345,Action Legion,0,0,0,0
7346,Nuts!: The Battle of the Bulge,0,0,0,0
7347,Space Pilgrim Episode II: Epsilon Indi,453,162,291,291
7348,Aseprite,209,252,-43,43
7349,Chowderchu,0,0,0,0
7350,Iron Sea Defenders,0,0,0,0
7351,Rivalry,0,0,0,0
7352,Rencounter,0,0,0,0
7353,Drift Into Eternity,0,0,0,0
7354,3DRPG,0,0,0,0
7355,Projector Face,0,0,0,0
7356,Color Chemistry,0,0,0,0
7357,Psychocat: The Answer,0,141,-141,141
7358,KABOUNCE,0,0,0,0
7359,Locked-in syndrome,0,152,-152,152
7360,Worlds Dawn,209,228,-19,19
7361,Whats under your blanket !?,393,2113,-1720,1720
7362,AfterShock: OUTBREAK,0,0,0,0
7363,Negligee,0,0,0,0
7364,Break Chance Memento,0,0,0,0
7365,They Came From The Moon,314,237,77,77
7366,Discouraged Workers TEEN,0,0,0,0
7367,Chef Solitaire: USA,0,0,0,0
7368,Voice of the Citizens - .NET Voice Hotkey App,0,0,0,0
7369,Axe Bow & Staff,0,0,0,0
7370,UnderDread,0,0,0,0
7371,Soviet City,0,0,0,0
7372,Elemental Heroes,170,110,60,60
7373,Virtual Pool 4 Multiplayer,0,0,0,0
7374,Rytmik Lite Chiptune Synthesizer,0,0,0,0
7375,Hydra Slayer,0,0,0,0
7376,The Sacred Stone: A Story Adventure,0,0,0,0
7377,Magdalena,0,124,-124,124
7378,Grenade Madness,0,0,0,0
7379,ATOM GRRRL!!,0,0,0,0
7380,Evertown,0,0,0,0
7381,Devil Sealing Stone,0,0,0,0
7382,And So It Was,0,0,0,0
7383,Monumental,0,0,0,0
7384,Mimic Arena,0,0,0,0
7385,BuriedTown,0,0,0,0
7386,Welkin Road,0,0,0,0
7387,Small Town Terrors: Galdors Bluff Collectors Edition,0,0,0,0
7388,Small Town Terrors: Livingston,0,0,0,0
7389,Dream Catcher Chronicles: Manitou,0,0,0,0
7390,Sisters,0,0,0,0
7391,Special Tactics,0,0,0,0
7392,Orange Moon,0,0,0,0
7393,Green Game: TimeSwapper,0,0,0,0
7394,Lost Lands: The Golden Curse,0,106,-106,106
7395,The Town of Light,209,409,-200,200
7396,Zipple World,0,0,0,0
7397,WarBirds Dogfights 2016,0,0,0,0
7398,CDF Starfighter VR,0,0,0,0
7399,Rhinos Rage,312,0,312,312
7400,Nemesis of the Roman Empire,0,0,0,0
7401,Marvel: Ultimate Alliance,0,129,-129,129
7402,Marvel: Ultimate Alliance 2,0,0,0,0
7403,Slime Rancher,5889,5378,511,511
7404,BlackShot: Mercenary Warfare FPS,2644,1331,1313,1313
7405,Drawn(tm): Dark Flight,0,0,0,0
7406,Back in 1995,0,0,0,0
7407,Kim,0,0,0,0
7408,INFERNO CLIMBER,0,0,0,0
7409,Rayon Riddles - Rise of the Goblin King,0,0,0,0
7410,Super Flippin Phones,0,0,0,0
7411,Heliborne,297,513,-216,216
7412,Side Quest,0,0,0,0
7413,The Song of Seven: Chapter One,0,0,0,0
7414,A Legend of Luca,0,0,0,0
7415,vrAMP,0,0,0,0
7416,Professional Farmer 2017,297,112,185,185
7417,Carpe Lucem - Seize The Light VR,0,0,0,0
7418,XSplit,280,0,280,280
7419,Rescue From Goblin Deep,0,0,0,0
7420,Trulon: The Shadow Engine,0,0,0,0
7421,H1Z1: King of the Kill,13356,14894,-1538,1538
7422,MechoEcho,0,0,0,0
7423,Neon Drive,0,208,-208,208
7424,Aveyond 4: Shadow Of The Mist,0,0,0,0
7425,MARI indie 3.0,0,0,0,0
7426,Bit Blaster XL,1653,1860,-207,207
7427,Shadow Of Nebula,0,0,0,0
7428,Paws: A Shelter 2 Game,0,155,-155,155
7429,Wishmaster,393,197,196,196
7430,Aerofly FS 2 Flight Simulator,209,253,-44,44
7431,Duke Nukem 3D: 20th Anniversary World Tour,209,0,209,209
7432,Plight of the Zombie,0,0,0,0
7433,Bridge! 2,0,0,0,0
7434,Premium Pool,4926,692,4234,4234
7435,To Burn in Memory,393,0,393,393
7436,Witch and Hero(Mo Nu toYong Zhe ),0,0,0,0
7437,New Outbreak,0,0,0,0
7438,Dark Night,0,0,0,0
7439,Its Spring Again,170,283,-113,113
7440,Bear Haven Nights,0,0,0,0
7441,Alien Blitz,0,0,0,0
7442,Masked Shooters 2,771,366,405,405
7443,My Name is Mayo,170,1760,-1590,1590
7444,Parasite,0,0,0,0
7445,Typefighters (Steam Edition),0,0,0,0
7446,Spheria,0,0,0,0
7447,Kitten Rampage,0,0,0,0
7448,Buried: An Interactive Story,0,0,0,0
7449,Pixel Survival - Craft Game,0,162,-162,162
7450,Lost Bros,0,0,0,0
7451,Moonlight,0,136,-136,136
7452,The Chosen RPG,393,507,-114,114
7453,Abbots Book Demo,0,0,0,0
7454,Rock of Ages 2: Bigger & Boulder (tm),0,0,0,0
7455,Mathoria: It All Adds Up,0,0,0,0
7456,Otems Defiance,0,0,0,0
7457,BATTLE PIXELS,0,0,0,0
7458,Secret of the Pendulum,0,0,0,0
7459,Blue Bird,0,0,0,0
7460,Forbidden planet,174,113,61,61
7461,Lamias Game Room,137,113,24,24
7462,Forgotten Ball,0,0,0,0
7463,Half Dead,1187,1160,27,27
7464,Lichtspeer,0,0,0,0
7465,The Renegades of Orion 2.0,0,0,0,0
7466,The Great Escape,0,0,0,0
7467,Brushwood Buddies,0,0,0,0
7468,Wanderjahr,0,0,0,0
7469,Megalo Polis,0,0,0,0
7470,Hieroglyphika,0,0,0,0
7471,Last Heroes 2,0,0,0,0
7472,GiAnt,0,0,0,0
7473,Rolling Gauntlet,0,0,0,0
7474,That Dam Level redux,0,0,0,0
7475,Onion Force,0,0,0,0
7476,Lost Lands: Mahjong,393,2946,-2553,2553
7477,Incredible Dracula: Chasing Love Collectors Edition,0,0,0,0
7478,GameLooper,601,227,374,374
7479,Elansar,0,0,0,0
7480,Philia : the Sequel to Elansar,0,0,0,0
7481,Rusty Lake Hotel,170,339,-169,169
7482,Intergalactic Road Warriors,0,0,0,0
7483,Medieval Playground,0,0,0,0
7484,Deadhunt,0,0,0,0
7485,Planet Stronghold: Colonial Defense,0,0,0,0
7486,We Know the Devil,0,124,-124,124
7487,Campus Notes - forget me not.,0,0,0,0
7488,The Wake,0,0,0,0
7489,Hidden Folks,0,0,0,0
7490,Fractal Space,0,0,0,0
7491,Galaxy Control: 3D Strategy,393,190,203,203
7492,Trials of the Blood Dragon,0,0,0,0
7493,The Final Station,542,751,-209,209
7494,My Tower My Home,0,0,0,0
7495,CyberLink ColorDirector 4,0,0,0,0
7496,VIOLET: Space Mission,0,0,0,0
7497,10 Second Ninja X,0,0,0,0
7498,Binaries,0,0,0,0
7499,The Preposterous Awesomeness of Everything,0,0,0,0
7500,RefRain - prism memories -,0,0,0,0
7501,Lovely Planet Arcade,0,0,0,0
7502,Lolly Joe,0,0,0,0
7503,Medusas Labyrinth,780,735,45,45
7504,Empire of the Gods,0,0,0,0
7505,Governor of Poker 3,1361,1183,178,178
7506,The Panic Room,174,201,-27,27
7507,A-10 VR,0,106,-106,106
7508,Ultimate Arena,0,158,-158,158
7509,Civil War: 1863,0,0,0,0
7510,Children of Zodiarcs,0,0,0,0
7511,Impulse!,209,0,209,209
7512,Raw Data,714,653,61,61
7513,Prison Run and Gun,0,0,0,0
7514,Beyond The Destiny,0,0,0,0
7515,Soup: the Game,0,0,0,0
7516,Firebird - La Peri,0,108,-108,108
7517,Worlds of Chaos : Corruption,0,0,0,0
7518,Line of Sight,0,335,-335,335
7519,Tank Brawl,0,0,0,0
7520,Quar: Battle for Gate 18,0,0,0,0
7521,Mosaic Maze,0,0,0,0
7522,WITCH-BOT MEGLILO,0,0,0,0
7523,MOAI 3: Trade Mission Collectors Edition,0,0,0,0
7524,Space Rift - Episode 1,0,0,0,0
7525,Wobbly Jungle,0,0,0,0
7526,My Night Job,0,0,0,0
7527,The Lions Song: Episode 1 - Silence,427,579,-152,152
7528,The Amazing Adventures of Ash - Afterparty,0,0,0,0
7529,Chill the Piro,0,0,0,0
7530,Toys of War,0,0,0,0
7531,Vanquish: The Adventures of Lady Exton,0,0,0,0
7532,HoPiKo,0,0,0,0
7533,SOLRAVEN,0,0,0,0
7534,Lord of Rigel,0,0,0,0
7535,ZeGame,0,0,0,0
7536,A Blind Legend,0,0,0,0
7537,GoNNER,0,0,0,0
7538,State of Mind,0,0,0,0
7539,Magic Flute,0,0,0,0
7540,Inside: Before Birth,0,0,0,0
7541,Earth Space Colonies,0,0,0,0
7542,Tricky Towers,209,0,209,209
7543,PIXELMAN,0,0,0,0
7544,PulseCharge,0,0,0,0
7545,Dead6hot,280,293,-13,13
7546,Shakes and Fidget,2644,3358,-714,714
7547,CV Maker for Windows,0,0,0,0
7548,Ira,0,0,0,0
7549,Root Double -Before Crime * After Days- Xtend Edition,0,0,0,0
7550,Star Realms,0,164,-164,164
7551,LILT,0,0,0,0
7552,Super Mustache,280,268,12,12
7553,Corpo Tale,0,0,0,0
7554,Rewind,0,0,0,0
7555,Learn Japanese To Survive! Hiragana Battle,405,531,-126,126
7556,Shepherds of the Abyss,0,0,0,0
7557,SCORE,0,0,0,0
7558,Dungeon Runner,0,0,0,0
7559,Drizzlepath: Genie,0,0,0,0
7560,Infinitesimal Point,0,0,0,0
7561,Zenith,0,0,0,0
7562,Star Rogue,0,0,0,0
7563,3DF Zephyr Lite 2 Steam Edition,0,0,0,0
7564,Rock N Roll Defense,0,121,-121,121
7565,GOD EATER 2 Rage Burst,864,741,123,123
7566,Soccer Manager,408,151,257,257
7567,Gravity Compass,0,0,0,0
7568,Jerry Rice & Nitus Dog Football,0,0,0,0
7569,Heroes of Shadow Guard,0,0,0,0
7570,Poly Towns,0,0,0,0
7571,Friday the 13th: The Game,0,0,0,0
7572,Terrarium Land,0,0,0,0
7573,Random Access Murder,0,128,-128,128
7574,Hyper Box,0,0,0,0
7575,Hack Slash & Backstab,0,0,0,0
7576,Legends of Callasia,0,196,-196,196
7577,Space Pilgrim Episode III: Delta Pavonis,453,102,351,351
7578,BUTTS: The VR Experience,0,0,0,0
7579,Until I Have You,0,0,0,0
7580,Rock-n-Rogue A Boo Bunny Plague Adventure,0,0,0,0
7581,Tower Unite Dedicated Server,0,0,0,0
7582,H1Z1: King of the Kill Test Server,736,115,621,621
7583,Unending Galaxy,0,0,0,0
7584,XO-Planets,0,0,0,0
7585,Eclipsed,0,0,0,0
7586,The Lost Heir 2: Forging a Kingdom,0,0,0,0
7587,Royal Heroes,0,179,-179,179
7588,Control Craft 2,0,0,0,0
7589,Lucid9: Inciting Incident,427,465,-38,38
7590,Falling Stars: War of Empires,0,0,0,0
7591,bit Dungeon+,0,124,-124,124
7592,Fall of Gyes,0,0,0,0
7593,Temporal Temple,0,0,0,0
7594,Overpower,0,0,0,0
7595,Project Arrhythmia,0,0,0,0
7596,Warhammer: Arcane Magic,0,0,0,0
7597,Banzai Escape,0,0,0,0
7598,Super Kitty Boing Boing,0,0,0,0
7599,Wolfsong,0,0,0,0
7600,True Fear: Forsaken Souls,0,0,0,0
7601,Absence,0,0,0,0
7602,VirtualHere For Steam Link,0,0,0,0
7603,RunGunJumpGun,0,0,0,0
7604,The Brookhaven Experiment,360,342,18,18
7605,Niche - a genetics survival game,209,0,209,209
7606,Mesel,0,0,0,0
7607,Pandora`s room,0,0,0,0
7608,Survival Zombies The Inverted Evolution,0,0,0,0
7609,Tap Tap Legions - Epic battles within 5 seconds!,408,256,152,152
7610,Story of a Cube,0,0,0,0
7611,Cube Destroyer,319,291,28,28
7612,Drawn Story,0,0,0,0
7613,Trial by Viking,0,0,0,0
7614,1943 Megami Strike,0,0,0,0
7615,Mysteries of the Past: Shadow of the Daemon Collectors Edition,0,0,0,0
7616,The Count Lucanor,0,203,-203,203
7617,Conan Exiles,0,0,0,0
7618,Story Of the Survivor,0,0,0,0
7619,Heavenstrike Rivals(r),170,239,-69,69
7620,Polandball: Can into Space!,0,0,0,0
7621,Silver Creek Falls - Chapter 3,0,0,0,0
7622,Babel: Tower to the Gods,0,0,0,0
7623,Assault Suit Leynos,0,0,0,0
7624,Sometimes Always Monsters,0,0,0,0
7625,The Incredible Baron,0,0,0,0
7626,STAR WARS(tm) Rebellion,297,144,153,153
7627,VALENS,0,0,0,0
7628,Jelly Killer,0,0,0,0
7629,Obscuritas,0,0,0,0
7630,MindTex 2,0,0,0,0
7631,I am Setsuna,542,488,54,54
7632,OutDrive,1245,852,393,393
7633,Dovetail Games Flight School,209,476,-267,267
7634,Alone K.W.,0,0,0,0
7635,Drawful 2,360,0,360,360
7636,Riders of Icarus,3920,4409,-489,489
7637,Perfect World International,0,162,-162,162
7638,Dyadic,0,0,0,0
7639,Mind Dead,0,0,0,0
7640,Switchcars,211,263,-52,52
7641,Sprinter,0,0,0,0
7642,Pointless,0,0,0,0
7643,Age of Gladiators,137,243,-106,106
7644,Endless Burst,0,0,0,0
7645,The Minims,0,0,0,0
7646,STRAFE(r),0,0,0,0
7647,UFO Online: Invasion,393,322,71,71
7648,Vega Tank,0,0,0,0
7649,DUAL GEAR,0,0,0,0
7650,Victory and Glory: Napoleon,0,0,0,0
7651,Insane Insects: The Inception,0,0,0,0
7652,Elite Dangerous: Arena,280,353,-73,73
7653,Hero Generations: ReGen,0,0,0,0
7654,Malus Code,0,0,0,0
7655,Red Comrades 2: For the Great Justice,0,0,0,0
7656,The Treasures of Montezuma 5,0,0,0,0
7657,Tokyo Babel,0,0,0,0
7658,Artificial Defense,137,113,24,24
7659,LASTFIGHT,0,0,0,0
7660,Star Sky 2,0,0,0,0
7661,Adam and Eve: The Game - Chapter 1,0,0,0,0
7662,DreamBreak,0,0,0,0
7663,Prism,0,0,0,0
7664,Chicku,0,0,0,0
7665,Wailing Heights,0,0,0,0
7666,The Inner Sea,0,0,0,0
7667,Irrational Exuberance,0,0,0,0
7668,Ruckus Ridge VR Party,0,0,0,0
7669,The Daring Mermaid Expedition,0,0,0,0
7670,Tross,0,0,0,0
7671,Riptide GP: Renegade,0,0,0,0
7672,American Powerhaul Train Simulator,0,0,0,0
7673,TGV Voyages Train Simulator,0,0,0,0
7674,Unknown Battle,0,255,-255,255
7675,S2ENGINE HD,0,0,0,0
7676,Burokku Girls,0,0,0,0
7677,Super Night Riders,0,0,0,0
7678,Coffee Pot Terrarium,0,0,0,0
7679,Auralux: Constellations,0,0,0,0
7680,Bonsai,0,0,0,0
7681,Techwars Online,0,0,0,0
7682,Princess Edge - Dragonstone,0,0,0,0
7683,Tankr,0,0,0,0
7684,Crown and Council,679,669,10,10
7685,Hypersensitive Bob,0,0,0,0
7686,Alices Patchwork,0,0,0,0
7687,28 Waves Later,0,0,0,0
7688,Jumpix Jump,0,0,0,0
7689,Battleships at Dawn!,0,0,0,0
7690,Find Out,0,0,0,0
7691,24 Hours til Rescue,0,0,0,0
7692,Zeus vs Monsters - Math Game for kids,0,0,0,0
7693,Scapeland,0,0,0,0
7694,Love is Blind: Mutants,0,0,0,0
7695,Leave Me Alone: A Trip To Hell,0,0,0,0
7696,Light Repair Team #4,0,0,0,0
7697,Bloons TD Battles,3920,2079,1841,1841
7698,Endciv,0,0,0,0
7699,SUPER IMPOSSIBLE ROAD,0,0,0,0
7700,Outbreak: Pandemic Evolution,0,0,0,0
7701,Battle Crust,0,0,0,0
7702,Inexistence,0,124,-124,124
7703,Cologne,0,0,0,0
7704,Mimpi Dreams,0,0,0,0
7705,Abandoned Knight,0,0,0,0
7706,NO THING,0,128,-128,128
7707,Concrete and Steel,0,0,0,0
7708,Split,0,0,0,0
7709,Combat Racers,0,0,0,0
7710,Death Stair,0,0,0,0
7711,Zaccaria Pinball,0,107,-107,107
7712,UBERMOSH:BLACK,0,0,0,0
7713,SPATIAL SOUND CARD,0,0,0,0
7714,Ad Exitum,0,0,0,0
7715,Frozen Synapse 2,0,0,0,0
7716,Sorcery! Part 3,0,0,0,0
7717,Paintey,0,0,0,0
7718,Tatsu,0,0,0,0
7719,Tasty Planet: Back for Seconds,0,124,-124,124
7720,The Average Everyday Adventures of Samantha Browne,170,565,-395,395
7721,The Haunting of Billy,0,0,0,0
7722,Expeditions: Viking,0,0,0,0
7723,Tiny Knight,0,0,0,0
7724,Lost girl`s [diary],427,704,-277,277
7725,Might and Magic: Heroes VII - Trial by Fire,209,0,209,209
7726,Atomic Space Command,0,0,0,0
7727,Seinarukana -The Spirit of Eternity Sword 2-,0,0,0,0
7728,Watsons Watch,0,0,0,0
7729,Void Raiders,0,0,0,0
7730,Settled,0,0,0,0
7731,Airport Madness 3D,0,0,0,0
7732,Undead vs Plants,0,0,0,0
7733,Toy Plane Heroes,0,0,0,0
7734,CosmoLands | Space-Adventure,0,0,0,0
7735,Wizard of Legend,0,0,0,0
7736,Pocket Space Empire,0,0,0,0
7737,CitiesCorp Concept - Build Everything on Your Own,0,0,0,0
7738,Jalopy,393,1100,-707,707
7739,Blade Arcus from Shining: Battle Arena,0,0,0,0
7740,Operation KREEP,0,0,0,0
7741,Mantis Burn Racing,0,0,0,0
7742,Bunker Punks,0,121,-121,121
7743,Trawl,0,0,0,0
7744,Sabres of Infinity,0,0,0,0
7745,Guns of Infinity,0,0,0,0
7746,Sophies Curse,137,171,-34,34
7747,Onechanbara Z2: Chaos,209,291,-82,82
7748,Doctor Watson - Treasure Island,0,0,0,0
7749,Doctor Watson - The Riddle of the Catacombs,0,0,0,0
7750,Blaster Simulator,0,0,0,0
7751,Highland Warriors,0,0,0,0
7752,New York Taxi Simulator,0,0,0,0
7753,New York Bus Simulator,0,0,0,0
7754,Rail Cargo Simulator,0,0,0,0
7755,Armed and Gelatinous [v1.2b],0,0,0,0
7756,Just Dance 2017,0,0,0,0
7757,Grove - VR Browsing Experience,0,0,0,0
7758,7 Mages,0,0,0,0
7759,Zombie Training Simulator,360,185,175,175
7760,Space Pilgrim Episode IV: Sol,453,0,453,453
7761,Neighborhorde,0,0,0,0
7762,Skeet: VR Target Shooting,453,0,453,453
7763,AMOK,0,0,0,0
7764,Diluvion,0,0,0,0
7765,Transport Fever,319,0,319,319
7766,The Lonesome Fog,0,0,0,0
7767,Splasher,0,0,0,0
7768,Glitchrunners,0,0,0,0
7769,Night Blights,0,0,0,0
7770,The Huntsman: Winters Curse,137,151,-14,14
7771,Grimsfield,0,0,0,0
7772,Bird of Light,0,0,0,0
7773,XLR,0,0,0,0
7774,Destinys Princess: A War Story A Love Story,0,0,0,0
7775,My Secret Pets!,0,0,0,0
7776,Pub Encounter,0,0,0,0
7777,The Men of Yoshiwara: Ohgiya,0,0,0,0
7778,Paper Train Traffic,0,0,0,0
7779,Sluggys Fruit Emporium,0,0,0,0
7780,Shattered Skies,542,1212,-670,670
7781,VA-11 Hall-A: Cyberpunk Bartender Action,1051,1051,0,0
7782,Lost Cosmonaut,0,0,0,0
7783,Regeria Hope Episode 1,427,191,236,236
7784,Dimensional Intersection,0,0,0,0
7785,LostWinds,0,0,0,0
7786,LostWinds 2: Winter of the Melodias,0,0,0,0
7787,Day of Infamy,714,1207,-493,493
7788,The Next Door,392,355,37,37
7789,Maria the Witch,0,0,0,0
7790,Strayed,162,238,-76,76
7791,XCavalypse,0,0,0,0
7792,Envoy,0,0,0,0
7793,Blast Brawl 2: Bloody Boogaloo,0,0,0,0
7794,Spectrubes,0,0,0,0
7795,Sparkle ZERO,137,133,4,4
7796,RePete,0,0,0,0
7797,Share,0,128,-128,128
7798,Mr Nibbles Forever,0,0,0,0
7799,X-17,0,0,0,0
7800,Red Risk,393,231,162,162
7801,Fibbage XL,0,0,0,0
7802,Virtual Rogue,0,0,0,0
7803,So Long Earth,0,0,0,0
7804,Sharf,137,178,-41,41
7805,Night light,0,0,0,0
7806,Mystica: The Ninth Society,0,0,0,0
7807,WOLFLAME,0,0,0,0
7808,AsteroidsHD,0,0,0,0
7809,Hybrid Animals,0,142,-142,142
7810,NUKED KNIGHT,137,104,33,33
7811,Job Simulator,636,460,176,176
7812,Nefarious,0,0,0,0
7813,Logic Missile,0,0,0,0
7814,Bitardia Cards: Memes of 2ch,0,130,-130,130
7815,GIBZ,0,0,0,0
7816,Hidden Object 6-in-1 bundle,209,0,209,209
7817,Bizarre Earthquake,0,108,-108,108
7818,Bacteria,170,0,170,170
7819,Caravanserail,0,0,0,0
7820,Overcooked,714,599,115,115
7821,Deranged Rabbits,0,0,0,0
7822,Squares Route,0,0,0,0
7823,Terror Lab,0,0,0,0
7824,Mind Games,0,0,0,0
7825,Origin Of Destiny,0,0,0,0
7826,Dead End Road,0,0,0,0
7827,Rabiez: Epidemic,0,0,0,0
7828,Elements II: Hearts of Light,393,0,393,393
7829,GEO Master,0,0,0,0
7830,Shake Your Money Simulator 2016,170,153,17,17
7831,Pinball HD Collection,0,0,0,0
7832,VirZOOM Arcade,0,0,0,0
7833,Infinity Saga,0,0,0,0
7834,Infinity Wings - Scout & Grunt,0,0,0,0
7835,Torgars Quest,0,0,0,0
7836,Planet in the Shadows,0,0,0,0
7837,ASMR Universe,0,0,0,0
7838,Cubistry(tm) Collection Vol. 1,0,0,0,0
7839,Spells n Stuff,0,0,0,0
7840,Envoy 2,0,0,0,0
7841,The Divergent Series: Allegiant VR,0,0,0,0
7842,The Bottom of the Well,170,302,-132,132
7843,Jesus Christ RPG Trilogy,280,716,-436,436
7844,Rock Paper Scissors Champion,230,357,-127,127
7845,Zombie Parking,0,0,0,0
7846,City of the Shroud,0,0,0,0
7847,Nanobots,0,0,0,0
7848,Istrolid,1522,1260,262,262
7849,PataNoir,0,0,0,0
7850,Meld,0,0,0,0
7851,Calcu-Late,0,0,0,0
7852,Stormworm+,0,0,0,0
7853,A Little Lily Princess,0,0,0,0
7854,Planar Conquest,0,211,-211,211
7855,Spunk and Moxie,0,0,0,0
7856,Dino Eggs: Rebirth,0,0,0,0
7857,Grid Masters,0,0,0,0
7858,Serafinas Crown,137,0,137,137
7859,Minis Magic World,0,0,0,0
7860,Atulos Online,0,217,-217,217
7861,Hush Hush - Unlimited Survival Horror,0,0,0,0
7862,Rush for gold: California,0,0,0,0
7863,Chicken Invaders 2,0,0,0,0
7864,Space Ranger ASK,0,0,0,0
7865,Rage Parking Simulator 2016,1395,679,716,716
7866,SAMOLIOTIK,1582,1582,0,0
7867,Ahnayro: The Dream World,0,0,0,0
7868,Legend of Moros,0,0,0,0
7869,Jacob,0,0,0,0
7870,Attack on Titan / A.O.T. Wings of Freedom,1279,1279,0,0
7871,Daughter of Shadows: An SCP Breach Event,0,0,0,0
7872,! That Bastard Is Trying To Steal Our Gold !,0,0,0,0
7873,DAMAGE CONTROL,0,0,0,0
7874,Worst Case Z,0,0,0,0
7875,Stealth Labyrinth,0,0,0,0
7876,Yon Paradox,0,0,0,0
7877,Insane Decay of Mind,0,0,0,0
7878,Amigdala,137,0,137,137
7879,Capitalism Plus,0,0,0,0
7880,Seven Kingdoms: Ancient Adversaries,0,0,0,0
7881,Campgrounds: The Endorus Expedition Collectors Edition,0,0,0,0
7882,Maze Lord,0,0,0,0
7883,Bullet Force,0,0,0,0
7884,Aegis of Earth: Protonovus Assault,0,0,0,0
7885,Assault on Arnhem,0,0,0,0
7886,The Lab,1522,960,562,562
7887,Creepy Castle,0,0,0,0
7888,Hot Dogs Horseshoes & Hand Grenades,360,357,3,3
7889,Roadworks Simulator,0,0,0,0
7890,Safety Driving Simulator: Car,0,0,0,0
7891,Safety Driving Simulator: Motorbike,0,0,0,0
7892,Polyology,0,0,0,0
7893,Table Top Racing: World Tour,0,218,-218,218
7894,CyberLink PowerDVD 16 Ultra,0,0,0,0
7895,Mind Unleashed,0,0,0,0
7896,Robert Mensahs Sins Of The Father,0,0,0,0
7897,Ember Kaboom,0,0,0,0
7898,Kittypocalypse,0,0,0,0
7899,Battle Chasers: Nightwar,0,0,0,0
7900,Giant Cop: Justice Above All,0,0,0,0
7901,Cubikolor,0,0,0,0
7902,Khan: Absolute Power,0,125,-125,125
7903,Drawn(r): Dark Flight(tm) Collectors Edition,0,0,0,0
7904,Metris Soccer,0,0,0,0
7905,Rocket Shooter,0,0,0,0
7906,Wartune,0,0,0,0
7907,IS Defense Editor,0,0,0,0
7908,Tropical Fish Shop 2,0,0,0,0
7909,Meridian: Squad 22,0,0,0,0
7910,theBlu,453,447,6,6
7911,Demetrios - The BIG Cynical Adventure,0,0,0,0
7912,CounterAttack,0,0,0,0
7913,C14 Dating,0,0,0,0
7914,Whirligig VR Media Player,170,165,5,5
7915,War Birds: WW2 Air strike 1942,0,0,0,0
7916,Secrets of Deep Earth Shrine,0,0,0,0
7917,Highway Blossoms,0,199,-199,199
7918,End Of The Mine,0,0,0,0
7919,One way to exit,114,0,114,114
7920,Out of Ammo,360,400,-40,40
7921,Catch a Falling Star,393,143,250,250
7922,WizardCraft,0,0,0,0
7923,Thorne - Death Merchants,0,146,-146,146
7924,EEP Train Simulator Mission,0,0,0,0
7925,Cranks and Goggles,0,0,0,0
7926,Military Life: Tank Simulator,0,0,0,0
7927,Caveblazers,0,131,-131,131
7928,Midvinter,0,0,0,0
7929,One Clone Left,0,0,0,0
7930,Dawn of the Robot Empire,0,0,0,0
7931,Party Saboteurs,0,0,0,0
7932,Ians Eyes,0,0,0,0
7933,Koihime Enbu,0,113,-113,113
7934,Flowers -Le volume sur printemps-,0,0,0,0
7935,The Cubicle.,174,279,-105,105
7936,UNDER NIGHT IN-BIRTH Exe:Late,209,221,-12,12
7937,Battle Chef Brigade,0,0,0,0
7938,Back to Dinosaur Island Part 2,0,0,0,0
7939,Realities,0,134,-134,134
7940,Mad Bullets,0,0,0,0
7941,Laser Disco Defenders,0,0,0,0
7942,Insane,0,0,0,0
7943,Theory Test UK 2016/17 - Driving Test Success,0,0,0,0
7944,Hazard Perception Test UK 2016/17 Bundle - Driving Test Success,0,0,0,0
7945,TheWave,0,0,0,0
7946,The Fifth Expedition,0,0,0,0
7947,Parkitect,864,706,158,158
7948,Frederic: Resurrection of Music Directors Cut,137,0,137,137
7949,Powargrid,0,0,0,0
7950,Destinations,0,0,0,0
7951,Awareness Rooms,0,0,0,0
7952,A Healer Only Lives Twice,0,0,0,0
7953,Vairons Wrath,0,0,0,0
7954,Hustle Cat,209,242,-33,33
7955,Vaccine War,0,0,0,0
7956,One Man Is Not No Man,0,0,0,0
7957,Marble Void,0,0,0,0
7958,Rogue Contracts: Syndicate,0,0,0,0
7959,MiniGolf Mania,0,0,0,0
7960,prog.1,0,0,0,0
7961,TableTop Soccer,0,0,0,0
7962,Last Will,0,0,0,0
7963,Borstal,0,0,0,0
7964,Tyto Ecology,137,164,-27,27
7965,Midnight Animal,0,0,0,0
7966,Hero Quest: Tower Conflict,0,0,0,0
7967,Innoquous 5,0,0,0,0
7968,Dear RED - Extended,137,116,21,21
7969,What the Dark Keeps,0,0,0,0
7970,Black Rose,280,362,-82,82
7971,i saw her standing there,0,0,0,0
7972,To Ash,0,0,0,0
7973,Envy the Dead,0,0,0,0
7974,Airstrike HD,393,191,202,202
7975,DownWind,0,0,0,0
7976,Jackal,137,121,16,16
7977,Burst,0,0,0,0
7978,Nil-Ninjahtic: Ronin,0,0,0,0
7979,Warbit,137,520,-383,383
7980,XorceD - Sashiros Laedrum,0,0,0,0
7981,CrazyCars3D,0,0,0,0
7982,Cubicolor,0,0,0,0
7983,The Temporal Invasion,0,0,0,0
7984,Sacred Line Genesis Remix,0,0,0,0
7985,The Eyes of Ara,0,0,0,0
7986,The HinterLands,0,0,0,0
7987,Double Death,0,0,0,0
7988,[the Sequence],0,0,0,0
7989,Battlecursed,0,0,0,0
7990,Rally Copters,0,0,0,0
7991,Mini Metal,0,0,0,0
7992,Crystal Chip Collector,0,0,0,0
7993,JiPS,0,0,0,0
7994,MilitAnt,0,0,0,0
7995,Decisive Campaigns: Barbarossa,0,0,0,0
7996,Qubicle Voxel Editor,0,0,0,0
7997,Ultimate Fight Manager 2016,0,0,0,0
7998,I Am Caligula,0,0,0,0
7999,Demons Crystals,0,0,0,0
8000,Button Frenzy,0,0,0,0
8001,Piggy Princess,0,0,0,0
8002,Cyber City 2157: The Visual Novel,0,0,0,0
8003,RAM BOE,0,0,0,0
8004,World Of Undead,0,0,0,0
8005,Beach Ball Valley,0,0,0,0
8006,Magic Quest,0,0,0,0
8007,Project Starship,393,111,282,282
8008,Under Zero,393,400,-7,7
8009,Gravity Den,0,0,0,0
8010,Jackpot Poker by PokerStars,0,0,0,0
8011,Awakening: The Redleaf Forest Collectors Edition,0,0,0,0
8012,Pertinence,0,0,0,0
8013,Stay Close,0,0,0,0
8014,PaintLab,0,0,0,0
8015,The Battle for Sector 219,0,0,0,0
8016,Bazaar,0,0,0,0
8017,PAC-MAN 256,0,125,-125,125
8018,Spell Fighter VR,280,204,76,76
8019,Dont Die Dateless Dummy!,0,0,0,0
8020,Clumsy Runners,0,0,0,0
8021,Edgar,0,0,0,0
8022,Project RPG,0,0,0,0
8023,YamaYama,0,0,0,0
8024,STAR WARS(tm): Rogue Squadron 3D,360,323,37,37
8025,Odd||Even,114,0,114,114
8026,Heartomics 2,137,0,137,137
8027,Judgment: Apocalypse Survival Simulation,0,111,-111,111
8028,Smash Pixel Racing,0,0,0,0
8029,Space Scaven,0,0,0,0
8030,Flag N Frag,0,0,0,0
8031,A Land Fit For Heroes,0,0,0,0
8032,Gunslinger Trainer,0,0,0,0
8033,Christmas Adventure: Candy Storm,0,0,0,0
8034,The Orphan Dreams,0,0,0,0
8035,Jaunt VR - Experience Cinematic Virtual Reality,0,0,0,0
8036,STAR WARS(tm): Rebel Assault I + II,0,0,0,0
8037,Muv-Luv VR,0,0,0,0
8038,MyDream Swift,0,127,-127,127
8039,Heartomics,137,0,137,137
8040,Hand of Fate 2,0,0,0,0
8041,Angus Hates Aliens,0,0,0,0
8042,Doctor Kvoraks Obliteration Game,0,0,0,0
8043,DUCATI - 90th Anniversary,0,0,0,0
8044,Dual Core,0,0,0,0
8045,StarsOne,0,217,-217,217
8046,Oxygen Not Included,0,0,0,0
8047,SEUM: Speedrunners from Hell,0,210,-210,210
8048,HoloBall,360,304,56,56
8049,Dimensional,0,0,0,0
8050,Storm VR,0,0,0,0
8051,Surgeon Simulator VR: Meet The Medic,314,0,314,314
8052,Watch This!,0,261,-261,261
8053,Defend Your Crypt,0,0,0,0
8054,Domino Sky,0,0,0,0
8055,Forgotten Not Lost - A Kinetic Novel,0,0,0,0
8056,Moustache Mountain,0,0,0,0
8057,Bigscreen Beta,601,248,353,353
8058,The Visitor,137,133,4,4
8059,Emerge: Cities of the Apocalypse,0,0,0,0
8060,Stonehenge VR,0,0,0,0
8061,Andromedum,0,0,0,0
8062,Vrideo,0,0,0,0
8063,OPUS: The Day We Found Earth,0,287,-287,287
8064,Road Madness,0,0,0,0
8065,Audio Arena,0,0,0,0
8066,Capria: Magic of the Elements,0,0,0,0
8067,Outrage,393,0,393,393
8068,Minigame Party VR,0,0,0,0
8069,Starship: Nova Strike,408,149,259,259
8070,Krog Wars,408,139,269,269
8071,Holopoint,714,457,257,257
8072,Adele: Following the Signs,0,0,0,0
8073,StarFringe: Adversus,0,0,0,0
8074,Drusilla Dreams,0,0,0,0
8075,SpiritSphere,0,0,0,0
8076,Rumpus,0,0,0,0
8077,CS:GO Player Profiles: karrigan - Astralis,0,0,0,0
8078,CS:GO Player Profiles: pashaBiceps - Virtus.Pro,0,0,0,0
8079,CS:GO Player Profiles: Guardian - NaVi,0,0,0,0
8080,CS:GO Player Profiles: Happy - Team EnVyUs,0,0,0,0
8081,Space Bit Attack,0,0,0,0
8082,CS:GO Player Profiles: fnx - Luminosity,0,0,0,0
8083,CS:GO Player Profiles: Friberg - Ninjas in Pyjamas,0,0,0,0
8084,CS:GO Player Profiles: Maikelele - FaZe,0,0,0,0
8085,Vilmonic,0,0,0,0
8086,VR Baseball,0,0,0,0
8087,Gahkthun of the Golden Lightning Steam Edition,0,0,0,0
8088,Cabals: Magic & Battle Cards,0,0,0,0
8089,Last Heroes 3,0,0,0,0
8090,GAIN,0,0,0,0
8091,Grim Legends 3: The Dark City,137,119,18,18
8092,Mythic Wonders: The Philosophers Stone,137,0,137,137
8093,Zombie Pinball,0,0,0,0
8094,Wrath of Anna,0,0,0,0
8095,ABE VR,0,138,-138,138
8096,Auto Age: Standoff,0,0,0,0
8097,Cursor Challenge,0,0,0,0
8098,Kingdom Rush Frontiers,360,434,-74,74
8099,Conception II: Children of the Seven Stars,209,216,-7,7
8100,FireAlpaca SE,0,0,0,0
8101,WRC 6 FIA World Rally Championship,0,0,0,0
8102,States Firms & Households,0,0,0,0
8103,Snooker Nation Championship,0,0,0,0
8104,Within,0,0,0,0
8105,Julai,0,0,0,0
8106,Carnival Games(r) VR,0,0,0,0
8107,The Atomy,0,0,0,0
8108,Intruder Alert: Ixian Operations,0,0,0,0
8109,Astral Domine,0,0,0,0
8110,Melting Hearts: Our Love Will Grow 2,0,0,0,0
8111,Medieval Battlefields - Black Edition,0,0,0,0
8112,Masquerada: Songs and Shadows,0,0,0,0
8113,Epsilon corp.,0,129,-129,129
8114,Allods Online My.com,280,134,146,146
8115,Discovr(tm) Egypt: King Tuts Tomb,0,0,0,0
8116,Bowslinger,0,0,0,0
8117,The Hero Project: Redemption Season,0,0,0,0
8118,BATTLESLOTHS,0,0,0,0
8119,Tower!3D,0,0,0,0
8120,Wars of Napoleon,0,0,0,0
8121,Kinacoustic,0,0,0,0
8122,Catch Canvas,0,0,0,0
8123,LightWalk,0,0,0,0
8124,R.C. Bot Inc.,0,0,0,0
8125,Auro: A Monster-Bumping Adventure,0,0,0,0
8126,Crush Crush,1522,1979,-457,457
8127,VIRTUAnimator,0,0,0,0
8128,Sokos,0,0,0,0
8129,30 IMPOSSIBLE LEVELS,0,140,-140,140
8130,Deer Man,0,162,-162,162
8131,Megadimension Neptunia VII,542,784,-242,242
8132,One Last Chance,0,0,0,0
8133,Rocket Riot,0,0,0,0
8134,Xenoraid,0,0,0,0
8135,Circles,0,0,0,0
8136,Guards,0,121,-121,121
8137,Nanotris,0,0,0,0
8138,Trouble Witches Origin - Episode1 Daughters of Amalgam -,0,0,0,0
8139,Breached,0,0,0,0
8140,Tick Tock Bang Bang,0,0,0,0
8141,Song of the Deep,209,178,31,31
8142,Draco Dux,0,0,0,0
8143,Blade Ballet,0,0,0,0
8144,Avadon 3: The Warborn,0,0,0,0
8145,A-Gents,0,0,0,0
8146,Fathers Island,0,0,0,0
8147,Katana ZERO,0,0,0,0
8148,The Deed: Dynasty,170,0,170,170
8149,Soulcaster: Part I & II,0,0,0,0
8150,The Impossible Travel Agency,0,0,0,0
8151,A Long Way Home,0,0,0,0
8152,PICO PARK,0,0,0,0
8153,Klabi,319,186,133,133
8154,SurrealVR,0,0,0,0
8155,Disobey - Revolt Simulator,0,0,0,0
8156,Riding Out,0,0,0,0
8157,Dashy Square,0,121,-121,121
8158,Missileman Origins,0,0,0,0
8159,Thorne - Son of Slaves (Ep.2),0,0,0,0
8160,A Princess Tale,0,0,0,0
8161,Bulby - Diamond Course,0,0,0,0
8162,Massive,0,0,0,0
8163,Protonwar,0,0,0,0
8164,Kaboom Monsters,0,0,0,0
8165,Omega Agent,0,0,0,0
8166,Grizzly Valley,0,101,-101,101
8167,MANDAGON,1361,2120,-759,759
8168,Sins Of The Demon RPG,393,240,153,153
8169,Its Killing Time,0,0,0,0
8170,Drone Racing,0,0,0,0
8171,Iron Impact,0,0,0,0
8172,Seduce Me 2: The Demon War,0,130,-130,130
8173,Tales Across Time,0,0,0,0
8174,Tank Blast,0,0,0,0
8175,Moonstone Tavern - A Fantasy Tavern Sim!,137,0,137,137
8176,Legionwood 1: Tale of the Two Swords,0,0,0,0
8177,Adventure Apes and the Mayan Mystery,0,0,0,0
8178,Zenge,170,593,-423,423
8179,Abrix the robot,0,0,0,0
8180,Tower Dwellers,0,0,0,0
8181,Forge of Gods (RPG),601,1125,-524,524
8182,Plancon: Space Conflict,0,0,0,0
8183,Beat Cop,0,0,0,0
8184,Skyreach,393,0,393,393
8185,Cyberpong VR,0,0,0,0
8186,Base Squad 49,170,269,-99,99
8187,IWO: Bloodbath in the Bonins,0,0,0,0
8188,Starr Mazer: DSP,0,0,0,0
8189,3 Coins At School,0,0,0,0
8190,Momentum,0,0,0,0
8191,Mahjong Deluxe 3,0,0,0,0
8192,Day of Infamy Dedicated Server,0,0,0,0
8193,Cyborg Detonator,0,0,0,0
8194,Slide Ride Arcade,0,0,0,0
8195,Sweet Escape VR,0,0,0,0
8196,Super Kaiju,0,0,0,0
8197,8i - Make VR Human,0,0,0,0
8198,New Yankee in King Arthurs Court,0,0,0,0
8199,New Yankee in Santas Service,0,0,0,0
8200,BalanCity,0,0,0,0
8201,Cricket Captain 2016,0,0,0,0
8202,Townopolis,0,0,0,0
8203,Airline Director 2 - Tycoon Game,0,0,0,0
8204,Crawlers and Brawlers,0,0,0,0
8205,Poly Runner VR,0,0,0,0
8206,AdVenture Communist,736,1000,-264,264
8207,Caveman World: Mountains of Unga Boonga,393,125,268,268
8208,Tomoyo After ~Its a Wonderful Life~ English Edition,0,0,0,0
8209,Hero Battle,0,144,-144,144
8210,One Way Flight,0,0,0,0
8211,Wander No More,0,0,0,0
8212,Bottle,0,0,0,0
8213,Experience,0,0,0,0
8214,The Pit And The Pendulum,0,0,0,0
8215,Clover Tale,427,365,62,62
8216,Mecha Ritz: Steel Rondo,0,0,0,0
8217,Liveza: Death of the Earth,0,0,0,0
8218,MOP Operation Cleanup,0,0,0,0
8219,Bug N Out,0,0,0,0
8220,Glory Warrior : Lord of Darkness,0,0,0,0
8221,BARRIER X,0,0,0,0
8222,Super Dungeon Tactics,0,0,0,0
8223,Super Blue Fighter,170,0,170,170
8224,State of Anarchy,174,240,-66,66
8225,Dungeon of Zolthan,170,0,170,170
8226,Magma Chamber,0,0,0,0
8227,One Tower,0,0,0,0
8228,Ghost 1.0,360,563,-203,203
8229,Kismet,0,0,0,0
8230,The Sea Eternal,0,0,0,0
8231,Storm Of Spears RPG,170,166,4,4
8232,One Thousand Lies,427,427,0,0
8233,Spellbound,0,0,0,0
8234,Bipolar Game,0,0,0,0
8235,Resettes Prescription ~Book of memory Swaying scale~,0,0,0,0
8236,Dispatcher: Revoke,0,0,0,0
8237,Pristine world,0,0,0,0
8238,Neon Space ULTRA,0,122,-122,122
8239,Guardians of Ember,0,0,0,0
8240,Puzzle Galaxies,0,0,0,0
8241,The Beggars Ride,0,0,0,0
8242,FreeHolder,0,0,0,0
8243,Izeriya,0,0,0,0
8244,Shadows of Kurgansk,0,0,0,0
8245,Deathwave,0,0,0,0
8246,Initia: Elemental Arena,0,0,0,0
8247,Shadow Over Isolation,0,0,0,0
8248,Solitairica,0,0,0,0
8249,Heroes Must Die,0,0,0,0
8250,Codex of Victory,0,0,0,0
8251,Factotum 90,0,0,0,0
8252,Xcinerator,0,0,0,0
8253,VRMark,0,0,0,0
8254,Detective Hunt - Crownston City PD,0,0,0,0
8255,Syberia 3,0,0,0,0
8256,Screeps,209,126,83,83
8257,3030 Deathwar Redux,0,0,0,0
8258,Best of Us,0,0,0,0
8259,Annie Amber,0,0,0,0
8260,BloodGate,0,164,-164,164
8261,The Afterglow of Grisaia,0,0,0,0
8262,Colosse,0,0,0,0
8263,Led It Rain,0,0,0,0
8264,Siralim 2,0,229,-229,229
8265,Secret Of The Royal Throne,0,0,0,0
8266,Empty Soul - S&S Edition,0,0,0,0
8267,Vroomist,0,0,0,0
8268,Maui,393,202,191,191
8269,Bibou,0,0,0,0
8270,ChuSingura46+1 S,314,568,-254,254
8271,Twisted Worlds,0,0,0,0
8272,Awakening of Solutio,0,0,0,0
8273,The Great Whale Road,0,0,0,0
8274,Stars in Shadow,0,0,0,0
8275,Pitfall Planet,0,0,0,0
8276,Sketchfab VR,0,0,0,0
8277,Hiiro,0,101,-101,101
8278,Event Horizon,0,0,0,0
8279,Sector Six,0,0,0,0
8280,Grey Phobia,0,0,0,0
8281,EXZEAL,0,0,0,0
8282,TRIZEAL Remix,0,0,0,0
8283,Don Bradman Cricket 17 Demo,0,0,0,0
8284,Wicce,0,0,0,0
8285,Mars Odyssey,0,0,0,0
8286,Crime Secrets: Crimson Lily,0,0,0,0
8287,One day in London,0,0,0,0
8288,Space Survival,0,0,0,0
8289,Badass Hero,0,0,0,0
8290,Yesterday Origins,0,0,0,0
8291,Ricerca VR,0,0,0,0
8292,Uprising: Join or Die,0,0,0,0
8293,Vertigo,0,0,0,0
8294,iOMoon,0,0,0,0
8295,Stellar Tactics,0,0,0,0
8296,Sinful Eden,0,0,0,0
8297,Adventure World,0,0,0,0
8298,Project G,0,0,0,0
8299,Demon Hunter 2: New Chapter,0,0,0,0
8300,Tank Battle: North Africa,0,0,0,0
8301,New Retro Arcade: Neon,0,0,0,0
8302,Awakening: The Sunhook Spire Collectors Edition,0,0,0,0
8303,Dark Parables: The Final Cinderella Collectors Edition,0,0,0,0
8304,Dark Tales: Edgar Allan Poes The Gold Bug Collectors Edition,0,0,0,0
8305,Echoes of the Past: The Revenge of the Witch Collectors Edition,0,0,0,0
8306,OddPlanet,0,0,0,0
8307,Farm Tribe,0,0,0,0
8308,Grave Mania: Undead Fever,0,0,0,0
8309,Hidden Expedition: The Crown of Solomon Collectors Edition,0,0,0,0
8310,Maze: Subject 360 Collectors Edition,0,0,0,0
8311,Nevertales: The Beauty Within Collectors Edition,0,0,0,0
8312,Off the Record: The Linden Shades Collectors Edition,0,0,0,0
8313,Otherworld: Spring of Shadows Collectors Edition,0,0,0,0
8314,Pet Store Panic,0,0,0,0
8315,Redemption Cemetery: Salvation of the Lost Collectors Edition,0,0,0,0
8316,Shiver: Vanishing Hitchhiker Collectors Edition,0,0,0,0
8317,Spa Mania,0,0,0,0
8318,Surface: The Pantheon Collectors Edition,0,0,0,0
8319,Witches Legacy: The Ties That Bind Collectors Edition,0,0,0,0
8320,Shaolin vs Wutang,0,0,0,0
8321,Idling to Rule the Gods,170,187,-17,17
8322,Race & Destroy,0,0,0,0
8323,Super Cube Smash,0,0,0,0
8324,BitShift: BattleGrid,0,0,0,0
8325,Fossil Echo,0,0,0,0
8326,Choice of Alexandria,0,0,0,0
8327,Princess Isabella: The Rise of an Heir,0,0,0,0
8328,35MM,829,866,-37,37
8329,Northgard,0,0,0,0
8330,GODs DEATH,0,0,0,0
8331,Vintage VR,0,0,0,0
8332,Kings Guard TD,170,0,170,170
8333,Dont Crawl,0,0,0,0
8334,PixBit,137,0,137,137
8335,The Dope Game,0,0,0,0
8336,Zenodyne R,0,0,0,0
8337,Remnants of a Beautiful Day,0,0,0,0
8338,Super Space Pug,0,110,-110,110
8339,Aurora Nights,0,123,-123,123
8340,Worm.is: The Game,9269,3180,6089,6089
8341,Mugen Souls Z,0,0,0,0
8342,Cant Drive This,0,0,0,0
8343,Insincere,0,0,0,0
8344,Fall of Civilization,389,0,389,389
8345,A Game of Changes,0,0,0,0
8346,Rising Runner,0,0,0,0
8347,Subterrarium,0,0,0,0
8348,Evo Explores,0,0,0,0
8349,Dyna Bomb,0,0,0,0
8350,Rogue Port - Red Nightmare,0,0,0,0
8351,God of Word,0,0,0,0
8352,Just a Cleric,0,0,0,0
8353,Star Surveyor,0,0,0,0
8354,Leveron Space,0,0,0,0
8355,Escape This,170,119,51,51
8356,Khimera: Destroy All Monster Girls,0,222,-222,222
8357,Approaching Blocks,0,0,0,0
8358,ZombieRush,137,258,-121,121
8359,C O S M,0,0,0,0
8360,Power & Revolution,0,126,-126,126
8361,atorb,0,0,0,0
8362,Fantasy Bump,0,0,0,0
8363,Lands Of Devastation,137,166,-29,29
8364,Trappers Delight,0,0,0,0
8365,simian.interface++,0,0,0,0
8366,Zero G Arena,230,252,-22,22
8367,METAGAL,0,0,0,0
8368,Garage Drummer VR,0,0,0,0
8369,SWORDY,0,0,0,0
8370,EPThCH,0,0,0,0
8371,SMASHING THE BATTLE,209,296,-87,87
8372,Memoir En Code: Reissue,0,0,0,0
8373,Survive in Space,137,0,137,137
8374,HomeBehind,749,1608,-859,859
8375,Versus: Battle of the Gladiator,0,217,-217,217
8376,The Last Time,0,0,0,0
8377,Occurrence at JCR Outpost,0,0,0,0
8378,Aqua Moto Racing Utopia,0,0,0,0
8379,Nebula,0,0,0,0
8380,Trap House,0,0,0,0
8381,Doll City : Prologue,0,0,0,0
8382,VR Regatta,0,0,0,0
8383,She Wants Me Dead,0,0,0,0
8384,Mini Golf Mundo,0,0,0,0
8385,A Date in the Park,0,555,-555,555
8386,De-Void,0,0,0,0
8387,Super ComboMan: Smash Edition,0,0,0,0
8388,NVIDIA(r) VR Funhouse,1187,249,938,938
8389,Snow Fortress,0,0,0,0
8390,The Concourse,0,0,0,0
8391,Arkshot,0,0,0,0
8392,Titans of Space 2.0,0,0,0,0
8393,3D Sprite Renderer and Convex Hull Editor,0,0,0,0
8394,Hyper Bowling VR,0,0,0,0
8395,Legion TD 2,0,0,0,0
8396,Rick and Morty Simulator: Virtual Rick-ality,0,0,0,0
8397,Shattered Throne,0,0,0,0
8398,Super Mega Neo Pug,280,283,-3,3
8399,Fable Fortune,0,0,0,0
8400,Space Codex,0,0,0,0
8401,hackmud,0,0,0,0
8402,Legend of Miro,0,0,0,0
8403,NEKOPALIVE,319,702,-383,383
8404,Just Bones,0,0,0,0
8405,Spellgear,0,0,0,0
8406,1917 - The Alien Invasion,0,0,0,0
8407,Quantum Replica,0,0,0,0
8408,Eclipse --- Defending the motherland,0,0,0,0
8409,Funklift,0,0,0,0
8410,Event[0],209,0,209,209
8411,The Tribe,0,0,0,0
8412,Dirty Grandpa - Unrated: I Got Nothin To Hide: A Look at Daytonas Most Vibrant Dealer,0,0,0,0
8413,Gods of Egypt: A Divine Vision: Creating A Cinematic Action Fantasy,0,0,0,0
8414,Gods of Egypt: Of Gods and Mortals: The Cast,0,0,0,0
8415,Gods of Egypt: Transformation: Costume Make-Up & Hair,0,0,0,0
8416,Gods of Egypt: On Location: Shooting in Australia,0,0,0,0
8417,Gods of Egypt: The Battle for Eternity: Stunts,0,0,0,0
8418,Gods of Egypt: A Window Into Another World: Visual Effects,0,0,0,0
8419,Gods of Egypt: Deleted Storyboard Sequences,0,0,0,0
8420,Matris,0,0,0,0
8421,Wheres My Helmet?,0,0,0,0
8422,Angel Express [Tokkyu Tenshi],0,0,0,0
8423,RollerGirls From Beyond,0,0,0,0
8424,moto RKD dash,0,0,0,0
8425,Video blogger Story,389,538,-149,149
8426,Demolish & Build Company 2017,0,0,0,0
8427,Antiflux,0,0,0,0
8428,She Remembered Caterpillars,0,0,0,0
8429,WarFire,0,0,0,0
8430,Seven: The Days Long Gone,0,0,0,0
8431,Galaxy Golf,0,0,0,0
8432,Romopolis,0,0,0,0
8433,Osozaki Chi Xiao ki Late Blooming - First,0,0,0,0
8434,Urban Pirate,0,0,0,0
8435,Nine Parchments,0,0,0,0
8436,Grandpas Table,0,0,0,0
8437,CyberLink PowerDirector 14 Ultimate Suite,0,0,0,0
8438,.EXE,0,0,0,0
8439,Kingspray Graffiti Simulator,0,0,0,0
8440,Rec Room,393,486,-93,93
8441,K Station,0,0,0,0
8442,Rocket Ski Racing,0,0,0,0
8443,In Case of Emergency Release Raptor,0,0,0,0
8444,Pan-Pan,0,0,0,0
8445,Elisa: The Innkeeper - Prequel,393,312,81,81
8446,Car Car Crash Hands On Edition,0,0,0,0
8447,Ghrian,0,0,0,0
8448,HELP: THE GAME,0,0,0,0
8449,Ke-Tsu-No-Ana,0,0,0,0
8450,Higurashi When They Cry Hou - Ch.3 Tatarigoroshi,0,0,0,0
8451,UnderWater Adventure,0,0,0,0
8452,BomberZone,0,0,0,0
8453,The Narrator Is a DICK,0,0,0,0
8454,Purgatory,0,0,0,0
8455,Miko Mole,0,0,0,0
8456,Rapid Squirrel,0,0,0,0
8457,Gal-X-E,0,0,0,0
8458,Autumn,0,0,0,0
8459,Cosmic Dust & Rust,0,147,-147,147
8460,Wyatt Derp 2: Peacekeeper,319,101,218,218
8461,Winged Knights: Penetration,280,0,280,280
8462,Mini Attack Submarine,319,115,204,204
8463,Withering Kingdom: Arcane War,319,0,319,319
8464,The Dolls: Reborn,137,0,137,137
8465,Absolver,0,0,0,0
8466,EeOneGuy Adventure,0,0,0,0
8467,Mutant Mudds Super Challenge,0,0,0,0
8468,Physic Monster,0,0,0,0
8469,BallisticNG,393,404,-11,11
8470,Bullet Life 2010,0,0,0,0
8471,Killbot,0,0,0,0
8472,Diibs Dilemma,0,0,0,0
8473,The Nest,0,126,-126,126
8474,Corinne Crosss Dead & Breakfast,0,0,0,0
8475,Manifold Garden,0,0,0,0
8476,Zombie City Defense 2,0,0,0,0
8477,The NADI Project,170,140,30,30
8478,The Abbey of Crime Extensum,0,0,0,0
8479,Candy Blast,0,0,0,0
8480,BUTCHER,0,0,0,0
8481,Journey to the Center of the Earth,0,0,0,0
8482,Giga Girl,0,0,0,0
8483,Airship Asunder,0,0,0,0
8484,Reigns,1074,1154,-80,80
8485,Anomalie,0,0,0,0
8486,Pixel Day - Gun Z,0,0,0,0
8487,The Magical Silence,0,131,-131,131
8488,Ping Ping,0,0,0,0
8489,Uncrewed,0,0,0,0
8490,The Mahjong Huntress,137,0,137,137
8491,Quantum Break,0,0,0,0
8492,Cat President ~A More Purrfect Union~,0,0,0,0
8493,bloxyz,0,0,0,0
8494,Electric Zombies!,0,0,0,0
8495,Cavernus,0,0,0,0
8496,Project Remedium,0,0,0,0
8497,Kalonline,393,244,149,149
8498,Titan Quest Anniversary Edition,3050,1826,1224,1224
8499,Kabitis,0,0,0,0
8500,ORCS,0,0,0,0
8501,Kimulator : Fight for your destiny,0,163,-163,163
8502,Global Soccer Manager,0,0,0,0
8503,Major\Minor (EA),0,0,0,0
8504,Holodaze,0,0,0,0
8505,Beholder,319,0,319,319
8506,MOAI 4: Terra Incognita Collectors Edition,0,0,0,0
8507,Bombslinger,0,0,0,0
8508,MTB Downhill Simulator,0,112,-112,112
8509,Reflection of Mine,0,0,0,0
8510,Johnny Graves--The Unchosen One,0,0,0,0
8511,KNIGHTS,0,116,-116,116
8512,MAGATAMA Earrings,0,0,0,0
8513,One Small Fire At A Time,0,0,0,0
8514,So Much Blood,0,0,0,0
8515,Choice of the Pirate,0,0,0,0
8516,Callys Trials,0,0,0,0
8517,Children of a Dead Earth,0,0,0,0
8518,MechaGore,0,0,0,0
8519,Rescue Lucy,0,0,0,0
8520,Amulet of Dreams,0,0,0,0
8521,10 Minute Tower,0,0,0,0
8522,Surge,0,120,-120,120
8523,SparkDimension,0,0,0,0
8524,Human: Fall Flat,864,526,338,338
8525,Shard Games,0,0,0,0
8526,Lightblade VR,170,249,-79,79
8527,Magma Tsunami,174,194,-20,20
8528,Space Hole,0,0,0,0
8529,Toricky,0,0,0,0
8530,Eador. Imperium,0,0,0,0
8531,Thirty Years War,0,0,0,0
8532,Ride 2,0,0,0,0
8533,Pinata,0,0,0,0
8534,Lord of Dwarves,0,0,0,0
8535,Wanderer of Teandria,0,0,0,0
8536,Simple Spy,0,0,0,0
8537,Overhell,0,0,0,0
8538,ABC Coloring Town,0,0,0,0
8539,Old School 8-in-1 bundle,0,0,0,0
8540,BUDDY,0,0,0,0
8541,V ARRR,0,0,0,0
8542,Clickteam Fusion 2.5 Free Edition,0,0,0,0
8543,Mansions of Madness,162,0,162,162
8544,IrreVRsible,0,0,0,0
8545,Kodon,0,0,0,0
8546,Metamorphic,0,0,0,0
8547,ESEA,749,431,318,318
8548,Framed Wings,0,0,0,0
8549,BoX -containment-,0,0,0,0
8550,Drunk Wizards,0,0,0,0
8551,Cuties,0,0,0,0
8552,Doodler,0,0,0,0
8553,Mitch: Berry Challenge,0,0,0,0
8554,Floppy Heroes,0,0,0,0
8555,Slash or Die,0,147,-147,147
8556,Dogfight Elite,0,0,0,0
8557,Inbound,0,0,0,0
8558,Satanist,0,0,0,0
8559,Slap Village: Reality Slap,0,0,0,0
8560,The Bunker,0,0,0,0
8561,System Crash,0,0,0,0
8562,Final Approach: Pilot Edition,0,0,0,0
8563,Mini Thief,0,0,0,0
8564,Sicario: Blunt Brolin & Benicio: Portraying the Characters of Sicario,0,0,0,0
8565,Sicario: Battle Zone: The Origins of Sicario,0,0,0,0
8566,Sicario: A Pulse from the Desert: The Score of Sicario,0,0,0,0
8567,Emily: Displaced,0,0,0,0
8568,The Last Witch Hunter: Crafting the Magic: The Last Witch Hunter,0,0,0,0
8569,The Last Witch Hunter: Animated short films: The Origins of the Axe and Cross,0,0,0,0
8570,The Last Witch Hunter: The Last Witch Hunter Deleted Scenes,0,0,0,0
8571,Beater Spirit,360,123,237,237
8572,Quarterback SNAP,0,0,0,0
8573,Legends of the Universe: StarCore,0,0,0,0
8574,The Night Cafe: A VR Tribute to Vincent Van Gogh,0,105,-105,105
8575,System Shock Pre-Alpha Demo,0,0,0,0
8576,ESSENCE,0,0,0,0
8577,Reverence: The Ultimate Combat Experience,0,0,0,0
8578,The Divergent Series: Insurgent: The Making of Insurgent,0,0,0,0
8579,The Divergent Series: Insurgent: Insurgent Unlocked: The Ultimate Behind-the-Scenes Access,0,0,0,0
8580,The Divergent Series: Insurgent: From Divergent To Insurgent,0,0,0,0
8581,The Divergent Series: Insurgent: The Others: Cast and Characters,0,0,0,0
8582,The Divergent Series: Insurgent: The Train Fight Unlocked,0,0,0,0
8583,The Divergent Series: Insurgent: The Peter Hayes Story,0,0,0,0
8584,The Expendables 3: The Legends of EX3,0,0,0,0
8585,The Expendables 3: The Expendables 3 Documentary,0,0,0,0
8586,The Expendables 3: Christmas Runs the Gauntlet (Extended Scene),0,0,0,0
8587,The Expendables 3: Gag Reel,0,0,0,0
8588,Divergent: From Book to Screen,0,0,0,0
8589,The Hunger Games: Mockingjay - Part 1: The Mockingjay Lives: The Making of MJ1,0,0,0,0
8590,The Hunger Games: Mockingjay - Part 1: Straight from the Heart: A Tribute to Philip Seymour Hoffman,0,0,0,0
8591,The Hunger Games: Mockingjay - Part 1: Songs of Rebellion: Lorde on Curating the Soundtrack,0,0,0,0
8592,The Hunger Games: Mockingjay - Part 2: Pawns No More: Making The Hunger Games: Mockingjay Part 2,0,0,0,0
8593,The Hunger Games: Mockingjay - Part 2: Picturing Panem (Never Before Seen!),0,0,0,0
8594,The Hunger Games: Mockingjay - Part 2: Cinnas Sketchbook: Secrets Of The Mockingjay Armor,0,0,0,0
8595,The Hunger Games: Mockingjay - Part 2: Panem On Display: The Hunger Games: The Exhibition,0,0,0,0
8596,The Hunger Games: Mockingjay - Part 2: The Hunger Games: A Photographic Journey,0,0,0,0
8597,Football Manager Touch 2017,273,0,273,273
8598,Fantasy Kingdom Simulator,0,0,0,0
8599,Hero Zero,1074,903,171,171
8600,Heirs And Graces,0,0,0,0
8601,Rover The Dragonslayer,0,0,0,0
8602,The Divergent Series: Allegiant: Book To Film,0,0,0,0
8603,The Divergent Series: Allegiant: Battle In The Bullfrog,0,0,0,0
8604,The Divergent Series: Allegiant: Finding The Future: Effects & Technology,0,0,0,0
8605,The Divergent Series: Allegiant: Characters In Conflict,0,0,0,0
8606,The Divergent Series: Allegiant: Building The Bureau,0,0,0,0
8607,Guns N Boxes,0,0,0,0
8608,John Wick: Dont F*#% With John Wick,0,0,0,0
8609,John Wick: Assassins Code,0,0,0,0
8610,John Wick: Red Circle,0,0,0,0
8611,John Wick: NYC Noir,0,0,0,0
8612,SMILE GAME BUILDER,0,0,0,0
8613,Directionless,0,0,0,0
8614,Mad Father,0,0,0,0
8615,Battle Dome,209,407,-198,198
8616,Crazy Otto,0,0,0,0
8617,Beekyr Reloaded,0,0,0,0
8618,Evil Maze,393,472,-79,79
8619,Cthulhu Realms,0,102,-102,102
8620,Nurse Love Addiction,0,116,-116,116
8621,Megapolis,0,0,0,0
8622,PlanetFate,0,0,0,0
8623,Frog Climbers,0,0,0,0
8624,Super Red-Hot Hero,0,0,0,0
8625,Black Hole Hazard,0,0,0,0
8626,The Orb Chambers(tm),393,121,272,272
8627,HALP!,0,0,0,0
8628,Push For Emor,0,0,0,0
8629,Talent Not Included,0,0,0,0
8630,Arachnophobia,0,0,0,0
8631,Star Drifter,0,0,0,0
8632,The Orchard of Stray Sheep,0,0,0,0
8633,Winter Novel,0,0,0,0
8634,Disgraced,0,0,0,0
8635,Mad Combat Marines,0,0,0,0
8636,Welcome to the Game,762,798,-36,36
8637,Alien Run,0,0,0,0
8638,Wolf Simulator,0,0,0,0
8639,Call Of The Mighty Warriors,0,0,0,0
8640,Ninja Stealth,0,0,0,0
8641,Dungeon Journey,0,0,0,0
8642,Smithy,0,0,0,0
8643,POPixel,0,0,0,0
8644,Milford Heaven - Lukens Chronicles,0,0,0,0
8645,Citadel,0,0,0,0
8646,OESE,0,0,0,0
8647,Pick a Hero,0,0,0,0
8648,Karma Miwa,0,0,0,0
8649,Hope Lake,0,0,0,0
8650,Platformica,0,0,0,0
8651,Shift,0,0,0,0
8652,Color Syndrome,0,0,0,0
8653,Magnetta,0,0,0,0
8654,SoundStage,0,0,0,0
8655,Runeous: Part One,0,0,0,0
8656,e-River Cabin Journal,0,0,0,0
8657,Star Merc,0,0,0,0
8658,Impossible Quest,0,101,-101,101
8659,Super Duper Party Pooper,0,101,-101,101
8660,L U N E,0,0,0,0
8661,Summer Sale,137,703,-566,566
8662,Hardware Engineers,0,0,0,0
8663,Neon Warp,0,0,0,0
8664,Rise of the Ancients,0,0,0,0
8665,Cyber Sentinel,0,0,0,0
8666,Escape The Past,0,0,0,0
8667,Best Buds,0,0,0,0
8668,9Grids VR,0,0,0,0
8669,Radical Spectrum: Volume 1,0,0,0,0
8670,Bathory - The Bloody Countess,0,0,0,0
8671,Con Amore,0,0,0,0
8672,Waddle Home,0,0,0,0
8673,Square Arena,0,0,0,0
8674,Timore Inferno,174,138,36,36
8675,Derelict,0,0,0,0
8676,Tales of Destruction,0,0,0,0
8677,Witan,0,0,0,0
8678,Spooky Heroes,0,0,0,0
8679,TOKYO WARFARE,0,0,0,0
8680,The Caretaker - Dungeon Nightshift,0,0,0,0
8681,Toxic Terror,0,0,0,0
8682,Cheaters Blackjack 21,0,0,0,0
8683,Potato Thriller Steamed Potato Edition,0,0,0,0
8684,Super Mixtape,0,0,0,0
8685,Bastard Bonds,0,129,-129,129
8686,Master Of Marbles,0,0,0,0
8687,Yellow: The Yellow Artifact,280,279,1,1
8688,War Truck Simulator,0,0,0,0
8689,Card of spirits,0,0,0,0
8690,Abrix for kids,0,0,0,0
8691,Fantasy Mosaics 14: Fourth Color,0,0,0,0
8692,Beasts Battle,0,0,0,0
8693,Trials of Azra,0,0,0,0
8694,Freebie,624,349,275,275
8695,Spaera,0,0,0,0
8696,Go Mission: Space Travel,0,0,0,0
8697,Totally Unbalanced,0,0,0,0
8698,Akin,0,0,0,0
8699,Space Radiance,0,0,0,0
8700,KARAKARA,0,131,-131,131
8701,Ludo Supremo,0,0,0,0
8702,Puzzles Under The Hill,0,0,0,0
8703,Perfect Angle VR - Zen edition,0,0,0,0
8704,Lantern,0,0,0,0
8705,Conan the mighty pig,0,0,0,0
8706,Agony,0,0,0,0
8707,Tower Island: Explore Discover and Disassemble,0,0,0,0
8708,LightVR,0,0,0,0
8709,Escargot Kart,0,0,0,0
8710,Octoshield VR,0,0,0,0
8711,Galaxy Combat Wargames,0,0,0,0
8712,The First Spark,0,0,0,0
8713,JDM Tuner Racing,114,147,-33,33
8714,Valcarta: Rise of the Demon,0,0,0,0
8715,Gun Done,170,361,-191,191
8716,Ping Pong Waves VR,0,204,-204,204
8717,Highway to the Moon,0,0,0,0
8718,The Karters,0,0,0,0
8719,Vistascapes VR,0,0,0,0
8720,Galaxy in Turmoil,0,0,0,0
8721,Zeus Quest Remastered,0,0,0,0
8722,Dumb Chicken 2: One Way Out,0,0,0,0
8723,Hover 2030,0,0,0,0
8724,Armed Against the Undead,0,0,0,0
8725,Just Deserts,0,109,-109,109
8726,Tower Defense Ultimate,0,0,0,0
8727,LOKA - League of keepers Allysium,0,0,0,0
8728,Tom Clancys Rainbow Six(r) Siege,31397,31397,0,0
8729,Tom Clancys Rainbow Six(r) Siege,31397,31397,0,0
8730,Tom Clancys Rainbow Six(r) Siege,31397,31397,0,0
8731,GentleMoon 2,0,0,0,0
8732,Star Vikings,0,0,0,0
8733,The Infinite Black,0,0,0,0
8734,iGrow Game,0,0,0,0
8735,Whitetail Challenge,0,0,0,0
8736,Edge of Twilight - Return To Glory,0,0,0,0
8737,MachRace,0,0,0,0
8738,Mr Shifty,0,0,0,0
8739,VR Shooter Guns,0,0,0,0
8740,Galaxy Reavers,0,0,0,0
8741,RealityCapture,0,0,0,0
8742,Unforgiving Trials: The Darkest Crusade,1395,103,1292,1292
8743,CASE: Animatronics,0,198,-198,198
8744,QuiVr,0,0,0,0
8745,The Last Look,0,0,0,0
8746,The Last Leviathan,360,253,107,107
8747,Hide and Secret Treasure of the Ages,0,0,0,0
8748,AWA,0,0,0,0
8749,Fabric,0,0,0,0
8750,Battle Forever,0,0,0,0
8751,Playthings: VR Music Vacation,0,0,0,0
8752,BlockAid,0,0,0,0
8753,The Elder Scrolls V: Skyrim Special Edition,0,0,0,0
8754,Bayla Bunny,0,0,0,0
8755,Battalion 1944,0,0,0,0
8756,Quell Zen,0,0,0,0
8757,Time Tenshi 2,0,0,0,0
8758,Mind OVR Matter,0,0,0,0
8759,SWARMRIDERS,170,156,14,14
8760,Locomancer,0,0,0,0
8761,Rabbit Island,0,0,0,0
8762,Flight 787 - Advanced,0,0,0,0
8763,Shen Ming De Yi Tian Shi Jie (Gods One Day World),0,259,-259,259
8764,Octamari Rescue,0,0,0,0
8765,Tokyo 42,0,0,0,0
8766,Blasters of the Universe,0,0,0,0
8767,Man vs Snake: The Long and Twisted Tale of Nibbler: Featurette,0,0,0,0
8768,Man vs Snake: The Long and Twisted Tale of Nibbler: Rick Carter & Richie Knucklez - Extended Record Attempt,0,0,0,0
8769,Man vs Snake: The Long and Twisted Tale of Nibbler: Tom Asaki And The Bozeman Think Tank,0,0,0,0
8770,Man vs Snake: The Long and Twisted Tale of Nibbler: Ironman 2 Competition - Attempt #6,0,0,0,0
8771,Man vs Snake: The Long and Twisted Tale of Nibbler: Labor Day 2009 Attempt #3,0,0,0,0
8772,Man vs Snake: The Long and Twisted Tale of Nibbler: Walter Day Idea Man,0,0,0,0
8773,Man vs Snake: The Long and Twisted Tale of Nibbler: Labor Day 2011 - Attempt #5,0,0,0,0
8774,Man vs Snake: The Long and Twisted Tale of Nibbler: The 128 Lives Problem,0,0,0,0
8775,Man vs Snake: The Long and Twisted Tale of Nibbler: Walter of Orange,0,0,0,0
8776,Man vs Snake: The Long and Twisted Tale of Nibbler: Billy Plays Centipede,0,0,0,0
8777,Man vs Snake: The Long and Twisted Tale of Nibbler: Robert Mruczek Ranks Nibbler,0,0,0,0
8778,Man vs Snake: The Long and Twisted Tale of Nibbler: McVey Family Visit,0,0,0,0
8779,Man vs Snake: The Long and Twisted Tale of Nibbler: Staring Out Windows with Walter & Tim,0,0,0,0
8780,Man vs Snake: The Long and Twisted Tale of Nibbler: Breakfast Of Champions - Magfest 2009,0,0,0,0
8781,Raiders! : The Story of the Greatest Fan Film Ever Made: Alamo Q&A,0,0,0,0
8782,Raiders! : The Story of the Greatest Fan Film Ever Made: Adaptation Outtakes,0,0,0,0
8783,Raiders! : The Story of the Greatest Fan Film Ever Made: Getting the Plane Ready,0,0,0,0
8784,Raiders! : The Story of the Greatest Fan Film Ever Made: Editing and Fighting,0,0,0,0
8785,Raiders! : The Story of the Greatest Fan Film Ever Made: The Last 48 Hours,0,0,0,0
8786,Raiders! : The Story of the Greatest Fan Film Ever Made: Chris Fam and Kickstarter,0,0,0,0
8787,Raiders! : The Story of the Greatest Fan Film Ever Made: Sneaking into the Theater,0,0,0,0
8788,Raiders! : The Story of the Greatest Fan Film Ever Made: Chris shoots Indy Gun,0,0,0,0
8789,Raiders! : The Story of the Greatest Fan Film Ever Made: The Marion Situation,0,0,0,0
8790,Raiders! : The Story of the Greatest Fan Film Ever Made: Shotgun Story,0,0,0,0
8791,Raiders! : The Story of the Greatest Fan Film Ever Made: Betamax Rewinds Ruining footage,0,0,0,0
8792,Raiders! : The Story of the Greatest Fan Film Ever Made: Spielberg Letter,0,0,0,0
8793,Fly OClock,0,108,-108,108
8794,DashBored,0,0,0,0
8795,Robot Legions Reborn,0,0,0,0
8796,Ne no Kami: The Two Princess Knights of Kyoto,0,0,0,0
8797,Darconika: The Cube of Soul,0,0,0,0
8798,Frost,0,0,0,0
8799,Daily Chthonicle: Editors Edition,0,0,0,0
8800,Aiball,0,0,0,0
8801,Gravity Cat,0,111,-111,111
8802,The Last Error,0,0,0,0
8803,Bot Vice,0,0,0,0
8804,SOS: Shout Of Survival,0,0,0,0
8805,Duckie Dash,0,0,0,0
8806,Red Trigger,1187,887,300,300
8807,Crazy Forest,0,118,-118,118
8808,Discrepant,0,0,0,0
8809,LUMBERMANCER,0,0,0,0
8810,Mr. Pumpkin Adventure,0,0,0,0
8811,The Decimation of Olarath,319,0,319,319
8812,Take Thy Throne,0,0,0,0
8813,12 Labours of Hercules V: Kids of Hellas (Platinum Edition),0,0,0,0
8814,SteamVR Driver for Razer(tm) Hydra,0,0,0,0
8815,Alchemist Penguin,0,0,0,0
8816,Vanilla Bagel: The Roguelike,0,0,0,0
8817,Zero-G VR,0,140,-140,140
8818,Mahjong Destiny,0,0,0,0
8819,Beeftacular,0,0,0,0
8820,Reset 1-1,0,0,0,0
8821,Nary,0,0,0,0
8822,Heavenly Battle,0,0,0,0
8823,Orwell,0,0,0,0
8824,Vision of Aurora Borealis,0,0,0,0
8825,Bye-Bye Wacky Planet,0,0,0,0
8826,3D Pool,0,0,0,0
8827,Planet Driller,0,0,0,0
8828,Haimrik,0,0,0,0
8829,CapRiders: Euro Soccer,0,0,0,0
8830,Bohemian Killing,0,0,0,0
8831,Tracks of Triumph: Industrial Zone,0,0,0,0
8832,The Cat! Porfirios Adventure,0,0,0,0
8833,The Agency: Chapter 1,0,0,0,0
8834,Pixel Cup Soccer 17,0,0,0,0
8835,Affairs of the Court: Choice of Romance,0,0,0,0
8836,Alteric,0,0,0,0
8837,Zombie Apocalypse: Escape The Undead City,0,0,0,0
8838,Heroes of the Monkey Tavern,0,0,0,0
8839,The Dark Legions,0,0,0,0
8840,Malkia,0,0,0,0
8841,One Day : The Sun Disappeared,0,0,0,0
8842,Bear With Me,0,141,-141,141
8843,Featherpunk Prime,0,0,0,0
8844,VR Ping Pong,0,0,0,0
8845,Shonen Idle Z,393,233,160,160
8846,Throne Rushers,0,0,0,0
8847,Astroderps,0,0,0,0
8848,FIVE: Champions of Canaan,0,0,0,0
8849,Battle Knights,0,0,0,0
8850,Ballistic Tanks,0,0,0,0
8851,BellyBots,0,0,0,0
8852,KOTH,0,0,0,0
8853,WALLSLIDE,0,0,0,0
8854,World VR Competition,0,0,0,0
8855,Requiem: Avenging Angel,0,0,0,0
8856,Planet Coaster,0,0,0,0
8857,Ragnarok Clicker,408,487,-79,79
8858,ChessVR,0,0,0,0
8859,Steampuff: Phinnegans Factory,0,0,0,0
8860,nano-one,0,0,0,0
8861,Thanatos,0,142,-142,142
8862,Hidden Object - 12 in 1 bundle,0,0,0,0
8863,VR Disc Golf,0,0,0,0
8864,Deep Space Dash,0,0,0,0
8865,Valkyrius Prime,0,0,0,0
8866,Haven Moon,0,0,0,0
8867,HardCube,0,0,0,0
8868,Fairyland: Incursion,0,0,0,0
8869,Awakened,0,0,0,0
8870,Nightork Adventures - Beyond the Moons of Shadalee,0,0,0,0
8871,Rivais Em Batalha,0,0,0,0
8872,Anthelion,0,0,0,0
8873,Splash Bash,0,0,0,0
8874,Dungeon Girl,0,0,0,0
8875,ENIGMA:,0,0,0,0
8876,The Thrill of the Fight - VR Boxing,0,116,-116,116
8877,Miniature Garden,0,0,0,0
8878,Blight of the Immortals,0,0,0,0
8879,Pengame,0,0,0,0
8880,WARZONE,0,0,0,0
8881,Unbreakable Vr Runner,0,0,0,0
8882,Bowl VR,0,0,0,0
8883,VR Boxing Workout,0,0,0,0
8884,Prey for the Gods,0,0,0,0
8885,The Amazing Shinsengumi: Heroes in Love,0,0,0,0
8886,Office lovers,0,0,0,0
8887,Dangerous Relationship,0,0,0,0
8888,Orc Hunter VR,0,0,0,0
8889,STANDBY,0,0,0,0
8890,Android John,0,0,0,0
8891,Eliosis Hunt,0,0,0,0
8892,PAYDAY: The Web Series: First World Bank,0,0,0,0
8893,Police Quest(tm) Collection,0,0,0,0
8894,MageWorks,0,0,0,0
8895,Captain Curves Intergalactic Space Adventure,0,0,0,0
8896,ViveSpray,0,0,0,0
8897,UBOOT,0,0,0,0
8898,VeeR Pong,0,0,0,0
8899,Savana,0,0,0,0
8900,Wondership Q,0,0,0,0
8901,Too Angry to Space,0,0,0,0
8902,VR Battle Grid,0,0,0,0
8903,Table Tennis VR,0,0,0,0
8904,Evolution Planet: Gold Edition,0,0,0,0
8905,Cona,0,0,0,0
8906,DATH,0,0,0,0
8907,Hypnorain,0,0,0,0
8908,Disgaea 2 PC,0,0,0,0
8909,TrumPinata,0,0,0,0
8910,VRbloX,0,0,0,0
8911,Ancient VR coaster,0,0,0,0
8912,Woodle Tree 2: Worlds,0,109,-109,109
8913,The Wire Loop Game VR,0,0,0,0
8914,The Making of Grim Fandango Remastered: Developing the Game,0,0,0,0
8915,Mortal Kombat: Legacy: Jax Sonya and Kano (Part 1),0,0,0,0
8916,Mortal Kombat: Legacy II: Prelude,0,0,0,0
8917,Visual Novel Maker,0,0,0,0
8918,Dashy Square VR,0,0,0,0
8919,Baskhead,0,0,0,0
8920,Gabriel Knight: Sins of the Father(r),0,0,0,0
8921,Intrude,0,0,0,0
8922,Ghost Train VR,0,0,0,0
8923,Free Balling,0,0,0,0
8924,Hexoscope,0,165,-165,165
8925,Endless Labyrinth,0,0,0,0
8926,Montaro,393,2384,-1991,1991
8927,Lance A Lot,0,0,0,0
8928,Dungeon Fighter Online,1361,721,640,640
8929,The Secret Monster Society - Chapter 1:  Monsters Fires and Forbidden Forests,0,0,0,0
8930,Selma and the Wisp,0,0,0,0
8931,Dark Parables: The Swan Princess and The Dire Tree Collectors Edition,0,0,0,0
8932,Geo-Fall,0,0,0,0
8933,Space VR!,0,0,0,0
8934,Return Zero VR,0,0,0,0
8935,GE Neuro,0,0,0,0
8936,Watching Grass Grow In VR - The Game,0,0,0,0
8937,Onward,360,536,-176,176
8938,Paddle Up,0,105,-105,105
8939,Corona Blossom Vol.1 Gift From the Galaxy,0,0,0,0
8940,Kingdom: New Lands,1395,735,660,660
8941,Running Gods,0,0,0,0
8942,Supipara - Chapter 1 Spring Has Come!,0,0,0,0
8943,RC Racing Off Road 2.0,0,0,0,0
8944,Shiny,0,0,0,0
8945,Renoir,0,0,0,0
8946,Robotpencil Presents: The Soldier: Using ZBrush,0,0,0,0
8947,Inversium,0,0,0,0
8948,Vex,0,0,0,0
8949,Virtual Battlemap,0,0,0,0
8950,Moon Colonization Project,0,0,0,0
8951,M.EXE,0,0,0,0
8952,Typing with Jester,0,0,0,0
8953,Pigmentone,0,0,0,0
8954,Search & Kill,0,0,0,0
8955,Locus Solus,0,0,0,0
8956,Crystal Cosmos,0,0,0,0
8957,Push The Crate,0,0,0,0
8958,Monster Slayers,0,0,0,0
8959,Empty Horizons,0,0,0,0
8960,Strange Night,0,0,0,0
8961,Maze Roller,0,0,0,0
8962,SweatShop,0,228,-228,228
8963,Sorcerer King: Rivals,0,0,0,0
8964,Nothin But Net,0,0,0,0
8965,Brick Battalion,0,0,0,0
8966,Inverted,0,0,0,0
8967,Replica,393,981,-588,588
8968,DrumKit VR - Play drum kit in the world of VR,0,0,0,0
8969,Moirai,2593,8475,-5882,5882
8970,Second Death,0,0,0,0
8971,The Slingshot VR,0,0,0,0
8972,Cosmic Cavern 3671  Yu Zhou Zui Da noDi Di Zui Da noZuo Zhan,0,0,0,0
8973,Ghost Sweeper,0,0,0,0
8974,Cross Death  VR,0,0,0,0
8975,Underground Keeper,0,0,0,0
8976,Shape Shifter,0,0,0,0
8977,Rise,0,0,0,0
8978,Amihailu in Dreamland,0,0,0,0
8979,DJ Streamer,0,0,0,0
8980,Voice Again,0,0,0,0
8981,Street Legal Racing: Redline v2.3.1,0,340,-340,340
8982,Pool of Death,0,0,0,0
8983,Fabulous Food Truck,0,0,0,0
8984,MIGHT,0,0,0,0
8985,Wrong Dimension - The One Dimensional Platformer,0,0,0,0
8986,Always Higher,0,0,0,0
8987,PD Particles 9,0,0,0,0
8988,Conclusion,0,112,-112,112
8989,Gabriel Knight(r) 3: Blood of the Sacred Blood of the Damned,0,0,0,0
8990,Rise,0,0,0,0
8991,1 Moment Of Time: Silentville,0,141,-141,141
8992,Pixelscape: Oceans,0,0,0,0
8993,G Prime,0,0,0,0
8994,Homebound,0,0,0,0
8995,Mervils: A VR Adventure,0,0,0,0
8996,D.N.Age,0,0,0,0
8997,GravPool,0,0,0,0
8998,Project Hovercraft,0,0,0,0
8999,Sappers bad dream,0,0,0,0
9000,H.U.N.T,0,0,0,0
9001,Line / Dash,0,0,0,0
9002,Safety First!,0,0,0,0
9003,Holobunnies: Pause Cafe,0,0,0,0
9004,Funfair Ride Simulator 3,0,0,0,0
9005,Ayumi: Enhanced Edition,0,0,0,0
9006,CS:GO Player Profiles: Fer - SK Gaming,0,0,0,0
9007,CS:GO Player Profiles: Tarik - Counter Logic Gaming,0,0,0,0
9008,Zezenia Online,0,109,-109,109
9009,Doodle WHAT?!,0,0,0,0
9010,Destiny of Ancient Kingdoms(tm),0,0,0,0
9011,Barnyard Mahjong 3,0,0,0,0
9012,Mystery Of Rivenhallows,0,0,0,0
9013,Dragon Rage,0,0,0,0
9014,Batman - The Telltale Series,1925,2669,-744,744
9015,Jurassic Survival,0,0,0,0
9016,Of Love And Sorrow,0,0,0,0
9017,Cats are Liquid,0,232,-232,232
9018,Puzzle Nebula,0,0,0,0
9019,A Week of Circus Terror,0,0,0,0
9020,DreamLand,0,0,0,0
9021,Depths of Dread,0,0,0,0
9022,Extreme Forklifting 2,0,0,0,0
9023,MSI Electric City,114,0,114,114
9024,The Shadowland,0,0,0,0
9025,Mustache in Hell,0,0,0,0
9026,WarBirds Dawn of Aces World War I Air Combat,0,0,0,0
9027,VRporize - VR FPS,0,0,0,0
9028,DUO,0,0,0,0
9029,Dark Parables: The Exiled Prince Collectors Edition,0,0,0,0
9030,Dark Parables: Rise of the Snow Queen Collectors Edition,0,0,0,0
9031,Dark Parables: The Red Riding Hood Sisters Collectors Edition,0,0,0,0
9032,Operator Overload,0,0,0,0
9033,SurvHive,0,0,0,0
9034,Clutter V: Welcome To Clutterville,0,0,0,0
9035,Lord Mayor,0,0,0,0
9036,Turner,0,0,0,0
9037,Tower of Archeos,0,0,0,0
9038,Pixeloids,0,0,0,0
9039,The Path of Greatest Resistance,0,0,0,0
9040,Star Fields,0,0,0,0
9041,klocki,766,1284,-518,518
9042,Tomato Jones,0,0,0,0
9043,The Turing Test,360,469,-109,109
9044,Wake Up,0,0,0,0
9045,Crystal Control II,0,0,0,0
9046,Copter and Sky,0,0,0,0
9047,Criminal: Criminal Intent Featurette,0,0,0,0
9048,Criminal: Directors Notes,0,0,0,0
9049,The Perfect Match: Let The Good Times Roll,0,0,0,0
9050,Meet the Blacks: The Making of Meet the Blacks,0,0,0,0
9051,Meet the Blacks: Hit The Gas Music Video,0,0,0,0
9052,Meet the Blacks: Dont Hate Wiring! Parody Commercial,0,0,0,0
9053,Genius: Genesis of Genius,0,0,0,0
9054,Genius: Painting A Portrait Of The Lost Generation,0,0,0,0
9055,Now You See Me 2: The Art of the Ensemble,0,0,0,0
9056,Now You See Me 2: You Cant Look Away,0,0,0,0
9057,Now You See Me 2: Bringing Magic To Life,0,0,0,0
9058,Pulse Shift,0,0,0,0
9059,Ascension VR,0,0,0,0
9060,The Sunset,0,0,0,0
9061,Cubic complex,0,0,0,0
9062,Glider Island,0,0,0,0
9063,Gazzel Quest The Five Magic Stones,0,0,0,0
9064,Wildlife VR,0,0,0,0
9065,Firefight,0,0,0,0
9066,Weather Lord: Legendary Hero Collectors Edition,0,0,0,0
9067,Final Fleet,0,0,0,0
9068,UNCORPOREAL - Fluffy!,0,0,0,0
9069,Simple VR Video Player,0,0,0,0
9070,Save the Universe Please!,0,0,0,0
9071,Mahjong Deluxe 2: Astral Planes,0,0,0,0
9072,Kitty Cat: Jigsaw Puzzles,0,0,0,0
9073,Puppy Dog: Jigsaw Puzzles,0,0,0,0
9074,Limberjack,0,0,0,0
9075,Jockey Rush,0,0,0,0
9076,Wild Terra Online,0,0,0,0
9077,Enigma Prison,0,0,0,0
9078,GI Racing 2.0,0,0,0,0
9079,Kuraburo Kai,0,0,0,0
9080,Moribund,0,0,0,0
9081,Rogue Fighter,0,0,0,0
9082,Arcanum: Of Steamworks and Magick Obscura,0,0,0,0
9083,Riddles Of The Past,0,0,0,0
9084,Tails,0,0,0,0
9085,House of Alice,0,0,0,0
9086,Football VR,0,0,0,0
9087,Endangered,0,0,0,0
9088,Extravaganza Rising,0,0,0,0
9089,C.S.S. CITADEL VR,0,0,0,0
9090,Design it Drive it : Speedboats,0,0,0,0
9091,Mount Wingsuit,0,0,0,0
9092,Clock Simulator,0,142,-142,142
9093,Acans Call: Act 1,0,0,0,0
9094,Axis Football 2016,0,0,0,0
9095,Space Ribbon,0,0,0,0
9096,VirZOOM Gamepad Emulator,0,0,0,0
9097,Venture Forth,0,0,0,0
9098,My Own Pet,0,0,0,0
9099,Blue Solar: Chaos War,0,0,0,0
9100,Stars,0,0,0,0
9101,Puzzle Blocks,0,0,0,0
9102,Hold the door!,0,0,0,0
9103,Black Moon Chronicles,0,0,0,0
9104,Outreach,0,0,0,0
9105,Torch Cave,0,0,0,0
9106,Sekwere,0,0,0,0
9107,Dropship Down,0,0,0,0
9108,Francisca,0,172,-172,172
9109,The Orb Chambers II,0,0,0,0
9110,Dont Disturb,0,0,0,0
9111,Slayer Shock,0,0,0,0
9112,Wake The Dragon,0,0,0,0
9113,Totem,0,0,0,0
9114,Sig.NULL,0,0,0,0
9115,Hikikomori No Chuunibyou,0,0,0,0
9116,Phantasmagoria 2: A Puzzle of Flesh,0,0,0,0
9117,Phantasmagoria,0,0,0,0
9118,Invisible Mind,0,0,0,0
9119,Drayt Empire,0,0,0,0
9120,Super Markup Man,0,0,0,0
9121,Monsters Den: Book of Dread,0,0,0,0
9122,Moira,0,0,0,0
9123,Heartomics: Lost Count,0,0,0,0
9124,Tangled Up!,0,0,0,0
9125,Redactem,0,0,0,0
9126,Airport Fire Department - The Simulation,0,0,0,0
9127,Firefighters - The Simulation,0,0,0,0
9128,Cold Vengeance,0,0,0,0
9129,Strike.is: The Game,1494,1035,459,459
9130,The Multidimensional Underwear Drawer,0,0,0,0
9131,The Last Sniper VR,0,0,0,0
9132,50 years,0,0,0,0
9133,Quest for Glory 1-5,0,0,0,0
9134,Voodoo Garden,0,159,-159,159
9135,Tank Hero VR,0,0,0,0
9136,The Return Home,0,0,0,0
9137,Calm Down Stalin,0,150,-150,150
9138,Legends of Azulgar,0,0,0,0
9139,Heroes from the Past: Joan of Arc,0,0,0,0
9140,The Agency of Anomalies: Mystic Hospital Collectors Edition,0,0,0,0
9141,Off the Record: The Italian Affair Collectors Edition,0,0,0,0
9142,Echoes of the Past: Kingdom of Despair Collectors Edition,0,0,0,0
9143,Fairy Maids,0,0,0,0
9144,Black Hat Cooperative,0,0,0,0
9145,Red is Dead,0,0,0,0
9146,Dungeon Punks,0,0,0,0
9147,Frantic Freighter,0,0,0,0
9148,Angels & Demigods,0,0,0,0
9149,miniLAW: Ministry of Law,0,0,0,0
9150,Samurai Wars,0,0,0,0
9151,Maraiyum: Rise of the Setting Sun,0,0,0,0
9152,Super Star,389,340,49,49
9153,Deserted: The Story of Peter,0,0,0,0
9154,Dig 4 Destruction,0,0,0,0
9155,Roomscale Tower,0,0,0,0
9156,Zombie Camp,0,0,0,0
9157,NEO-NOW!,0,0,0,0
9158,N0-EXIT,0,0,0,0
9159,Space Rangers: Quest,0,0,0,0
9160,Security Hole,0,0,0,0
9161,Mahluk:Dark demon,0,0,0,0
9162,The Fallen Kingdom,0,0,0,0
9163,The Seeker,0,0,0,0
9164,Starship Disco,0,0,0,0
9165,Void,0,0,0,0
9166,Elven Assassin,0,0,0,0
9167,The Life Of Greather,0,0,0,0
9168,Candy Smash VR,0,0,0,0
9169,Star Tactics,0,0,0,0
9170,Will of the Gods,0,0,0,0
9171,Detective Hank and the Golden Sneeze,0,0,0,0
9172,Chernobyl VR Project,0,0,0,0
9173,Planet Nomads,0,0,0,0
9174,Russian VR Coasters,0,0,0,0
9175,Graveyard Smash,0,0,0,0
9176,Happy Pong,0,0,0,0
9177,The Cold War Era,0,0,0,0
9178,Rage of the Battlemage,0,0,0,0
9179,Battlerite,0,0,0,0
9180,Optika,0,102,-102,102
9181,Malazard: The Master of Magic,0,0,0,0
9182,The Watchmaker,0,0,0,0
9183,The Gods Chain,0,0,0,0
9184,Hover Havoc,0,0,0,0
9185,SaberSaw VR,0,0,0,0
9186,Grid Legion Storm,0,0,0,0
9187,Broomball VR,0,0,0,0
9188,FARIA: Ghosts of the Stream,0,0,0,0
9189,Blockships,0,0,0,0
9190,Music Maker 2017 Steam Edition,0,0,0,0
9191,Music Maker 2017 Premium Steam Edition,0,0,0,0
9192,Lew Pulsiphers Doomstar,0,0,0,0
9193,Slavistan,0,274,-274,274
9194,Sorcery! Part 4,0,0,0,0
9195,Brick Stack VR,0,0,0,0
9196,Castle Invasion: Throne Out,0,0,0,0
9197,Pixel Puzzles 2: RADical ROACH,0,0,0,0
9198,Elves Adventure,0,0,0,0
9199,Warcube,0,0,0,0
9200,Tribe Of Pok,0,0,0,0
9201,King of Spin VR,0,0,0,0
9202,Pathologic,0,0,0,0
9203,Diamond Joyce and the Secrets of Crystal Cave,0,0,0,0
9204,Foxhole,0,0,0,0
9205,Let Them Come,0,0,0,0
9206,The Crystal Nebula,0,0,0,0
9207,Fire Farm VR,0,0,0,0
9208,Glaive,0,0,0,0
9209,Whispers,0,0,0,0
9210,MAGIX PC Check & Tuning 2017,0,0,0,0
9211,Shop Heroes,1074,930,144,144
9212,Dragon Bros,0,0,0,0
9213,VR Fractals,0,0,0,0
9214,My Lil Donut,0,0,0,0
9215,Quip Anomaly,0,0,0,0
9216,Archmage Rises,0,0,0,0
9217,Party Panic,0,0,0,0
9218,Going Up,0,0,0,0
9219,Five Nights at Freddys: Sister Location,624,0,624,624
9220,Dinosaur Forest,0,0,0,0
9221,AM Model Viewer,0,0,0,0
9222,Twistys Asylum Escapades,0,0,0,0
9223,Think Space,0,0,0,0
9224,The Dungeons of Castle Madness,0,0,0,0
9225,Unexplored,0,0,0,0
9226,Pong Champion VR,0,0,0,0
9227,DOGOS,0,0,0,0
9228,Baseball Mogul Diamond,0,0,0,0
9229,Teslas Tower: The Wardenclyffe Mystery,0,0,0,0
9230,Lilys Epic Quest,0,0,0,0
9231,The Wizards Lair,0,0,0,0
9232,Black Sand Drift,0,0,0,0
9233,Robotpencil Presents: Armor Design: Sci-Fi: Reference,0,0,0,0
9234,Robotpencil Presents: Armor Design: Sci-Fi: Study,0,0,0,0
9235,Robotpencil Presents: Armor Design: Sci-Fi: Demo,0,0,0,0
9236,Robotpencil Presents: Armor Design: Sci-Fi: Touch Up,0,0,0,0
9237,Robotpencil Presents: Armor Design: Sci-Fi: Bonus Demo,0,0,0,0
9238,Robotpencil Presents: Armor Design: Fantasy: Reference,0,0,0,0
9239,Robotpencil Presents: Armor Design: Fantasy: Study,0,0,0,0
9240,Robotpencil Presents: Armor Design: Fantasy: Demo,0,0,0,0
9241,Robotpencil Presents: Armor Design: Fantasy: Touch-Up,0,0,0,0
9242,Robotpencil Presents: Adding Lighting to Your Lines: Set-up Graphic Reads,0,0,0,0
9243,Robotpencil Presents: Adding Lighting to Your Lines: Add in Lights and Form,0,0,0,0
9244,Robotpencil Presents: Brushwork Strategies for Materials: Brushwork,0,0,0,0
9245,Robotpencil Presents: Brushwork Strategies for Materials: Applying Color,0,0,0,0
9246,Zombitatos the end of the Pc master race,0,0,0,0
9247,BlackSmith HIT,0,0,0,0
9248,Fly and Destroy,0,0,0,0
9249,Office Freakout,0,0,0,0
9250,$1 Ride,0,0,0,0
9251,GALER: Plague of Heroes,0,0,0,0
9252,NASCAR Heat Evolution,0,0,0,0
9253,Kindred Spirits on the Roof Drama CD Vol.4: Kindred Spirits Pop Show (Disc 2),0,0,0,0
9254,Kindred Spirits on the Roof Drama CD Vol.4: Kyuusei Radio (Disc 1),0,0,0,0
9255,Haven,0,0,0,0
9256,Sneak Thief,0,0,0,0
9257,ROD: Revolt Of Defense,0,367,-367,367
9258,PROJECT XINATRA,0,0,0,0
9259,Aircraft War X,393,0,393,393
9260,Domino VR,0,0,0,0
9261,Painted Legend,0,0,0,0
9262,Flat Heroes,0,0,0,0
9263,Wont You Be My Laser?,0,0,0,0
9264,Meteor Crush VR,0,0,0,0
9265,Mini Z Racers Turbo,0,0,0,0
9266,Beerman,0,0,0,0
9267,SizeBlock,0,0,0,0
9268,Super VR Trainer,0,0,0,0
9269,Spikit,0,0,0,0
9270,HVR,0,0,0,0
9271,VRNinja,0,0,0,0
9272,Save Jesus,0,0,0,0
9273,Erusal,0,0,0,0
9274,Lethal Brutal Racing,0,0,0,0
9275,Northern Regime,0,0,0,0
9276,One Night Two Crazies,0,0,0,0
9277,ThrounnelVR,0,0,0,0
9278,Abandoned Hospital VR,0,0,0,0
9279,TRESPASS - Episode 1,0,0,0,0
9280,GalaxIverse,0,0,0,0
9281,God Simulator,0,0,0,0
9282,SVRVIVE,0,0,0,0
9283,In Celebration of Violence,0,0,0,0
9284,Evil Robots From N1M,0,0,0,0
9285,Bumper,0,0,0,0
9286,Night Vigil,0,0,0,0
9287,NightmareZ,0,0,0,0
9288,Pinga Ponga,0,0,0,0
9289,A Matter of Murder,0,0,0,0
9290,You Have 10 Seconds,1074,688,386,386
9291,Shiperoids,0,0,0,0
9292,New Yankee in King Arthurs Court 2,0,0,0,0
9293,Power Link VR,0,0,0,0
9294,NDE Rescue,0,0,0,0
9295,Forgotten Heroes,0,0,0,0
9296,Super Destronaut,0,0,0,0
9297,Orange Adventure,0,0,0,0
9298,GoVenture MICRO BUSINESS,0,0,0,0
9299,Unknown Fate,0,0,0,0
9300,Long Gone Days,0,0,0,0
9301,CURSE,0,0,0,0
9302,Big Bang Empire,0,260,-260,260
9303,Bloxiq VR,0,0,0,0
9304,Konrad the Kitten - a virtual but real cat,0,0,0,0
9305,Driftwood The Visual Novel,0,0,0,0
9306,SkyBoats,0,0,0,0
9307,The Sun Will Rise,0,0,0,0
9308,Citadel 1986,0,0,0,0
9309,Evolvation,0,0,0,0
9310,Temple of the Apsara,0,0,0,0
9311,Thirst,0,0,0,0
9312,Puzzling Rooms VR,0,0,0,0
9313,LooWarVR,0,0,0,0
9314,TAIKER,0,0,0,0
9315,MANIC MINERS,0,0,0,0
9316,DodgeBall Blitz,0,0,0,0
9317,ikenie,0,0,0,0
9318,New York Mysteries: The Lantern of Souls,0,0,0,0
9319,Cubway,0,0,0,0
9320,The Last,0,0,0,0
9321,Cloudbase Prime,0,0,0,0
9322,Echoes of the Fey: The Foxs Trail,0,0,0,0
9323,Farm Life: Natures Adventure,0,0,0,0
9324,Existentia,0,0,0,0
9325,UNCORPOREAL - Holographic Photography Demo,0,0,0,0
9326,Wrath Of The Fire God,0,0,0,0
9327,Aleph Null,0,0,0,0
9328,NIGHTSTAR,0,0,0,0
9329,Space Jones VR,0,0,0,0
9330,Adventure Of Thieves,0,0,0,0
9331,Max an Autistic Journey,0,0,0,0
9332,MAGIX Movie Edit Pro Plus Steam Edition,0,0,0,0
9333,Tablemen,0,0,0,0
9334,ONRAID,0,0,0,0
9335,Le Havre: The Inland Port,0,0,0,0
9336,VR Ultimate Paintball: Heartbreak Regret & Paintbots,0,0,0,0
9337,Fancy Skiing VR,0,0,0,0
9338,Cosmos Crash VR,0,0,0,0
9339,MOTORGUN,0,0,0,0
9340,Trickster VR,0,0,0,0
9341,Sallys Law,0,0,0,0
9342,Oh...Sir! The Insult Simulator,280,0,280,280
9343,Unbox,209,0,209,209
9344,Hero Boy,0,0,0,0
9345,Multiscreens,0,0,0,0
9346,69 Ways to Kill a Zombie,0,0,0,0
9347,BitRay2,0,0,0,0
9348,The Pirate: Caribbean Hunt,736,763,-27,27
9349,Cursed West,0,0,0,0
9350,Heroes of Card War,0,0,0,0
9351,Gochi-Show! -How To Learn Japanese Cooking Game-,0,0,0,0
9352,Gochi-Show! for Girls -How To Learn Japanese Cooking Game-,0,0,0,0
9353,VR Gallery,0,0,0,0
9354,Final Quest,0,0,0,0
9355,Tesla VR,0,0,0,0
9356,One Giant Leap,0,0,0,0
9357,IACTURA,0,0,0,0
9358,Zombie Trigger,0,0,0,0
9359,Kuboom,780,0,780,780
9360,Outrageous Grounds: The Maze,0,0,0,0
9361,OCCHIO,0,0,0,0
9362,Escape from Zellman Orbital,0,0,0,0
9363,The Underground Man,0,777,-777,777
9364,Green Moon 2,0,0,0,0
9365,Lockdown: Stand Alone,0,0,0,0
9366,Party Hard Tycoon,0,0,0,0
9367,Through Abandoned 2. The Forest,0,0,0,0
9368,Mu Cartographer,0,0,0,0
9369,Path of War,393,0,393,393
9370,Anykey Simulator,0,0,0,0
9371,Deadly Metal,0,0,0,0
9372,Wooden House,0,0,0,0
9373,Miaou Moon,0,0,0,0
9374,Squeezone,0,0,0,0
9375,Archipelago,0,0,0,0
9376,Joanas Life,0,0,0,0
9377,Click Space Miner,0,0,0,0
9378,DEADLOCK,0,0,0,0
9379,Elena,0,0,0,0
9380,Panzer Warfare,0,0,0,0
9381,J.U.R : Japan Underground Racing,0,0,0,0
9382,Galactic Fighters,0,0,0,0
9383,Alpha Decay,0,0,0,0
9384,Oh No! Bugs!,0,0,0,0
9385,Happy Empire,0,0,0,0
9386,Football Mogul 15,0,0,0,0
9387,Uprising 2: Lead and Destroy,0,0,0,0
9388,Beautiful Japanese Scenery - Animated Jigsaws,0,0,0,0
9389,18 Wheels of Steel: Across America,0,0,0,0
9390,18 Wheels of Steel: Convoy,0,0,0,0
9391,18 Wheels of Steel: Haulin,0,0,0,0
9392,Mythic Victory Arena,0,0,0,0
9393,GunWorld 2,0,0,0,0
9394,ALONE?,0,0,0,0
9395,Fancy Slingshot VR,0,0,0,0
9396,DragonBlast VR,0,0,0,0
9397,Gun Brothers,0,0,0,0
9398,Fantastic 4 In A Row 2,0,0,0,0
9399,Ultimate Word Search 2: Letter Boxed,0,0,0,0
9400,Sparkys Hunt,0,0,0,0
9401,Beat The Dictators,0,0,0,0
9402,TankYou!,0,0,0,0
9403,Orbital X,0,0,0,0
9404,Mystery Case Files(r): 13th Skull(tm) Collectors Edition,0,0,0,0
9405,Dark Tales: Edgar Allan Poes The Masque of the Red Death Collectors Edition,0,0,0,0
9406,Hidden Expedition: Dawn of Prosperity Collectors Edition,0,0,0,0
9407,Final Cut: Death on the Silver Screen Collectors Edition,0,0,0,0
9408,Nightmare Adventures: The Witchs Prison,0,0,0,0
9409,Spirits of Mystery: Amber Maiden Collectors Edition,0,0,0,0
9410,Grave Mania: Pandemic Pandemonium,0,0,0,0
9411,Wasps!,0,0,0,0
9412,Super Jagua,0,0,0,0
9413,Drive Megapolis,0,0,0,0
9414,Outbreak,0,0,0,0
9415,PANIC at Multiverse High!,0,0,0,0
9416,The VR Museum of Fine Art,114,0,114,114
9417,Third Eye,0,0,0,0
9418,Cliff Hanger,0,0,0,0
9419,Hyper color ball,0,0,0,0
9420,UBERMOSH Vol.3,0,0,0,0
9421,Warriors of Vilvatikta,0,0,0,0
9422,Radical Heroes: Crimson City Crisis,0,0,0,0
9423,KILL,0,0,0,0
9424,Board Defenders,0,0,0,0
9425,Everything is Peachy,0,0,0,0
9426,ToeJam & Earl: Back in the Groove,0,0,0,0
9427,Withering Kingdom: Flurry Of Arrows,0,0,0,0
9428,Glory by Example,0,0,0,0
9429,50 Years,0,0,0,0
9430,Zissis Island,0,0,0,0
9431,Orake 2D MMORPG,0,0,0,0
9432,Chaos Of Hearts,0,0,0,0
9433,Relativity,0,0,0,0
9434,CyberThreat,0,0,0,0
9435,Guardian war VR,0,0,0,0
9436,Preston Sterling,0,0,0,0
9437,Zombie Boom,0,0,0,0
9438,The Garden,0,0,0,0
9439,Grapply,0,0,0,0
9440,The Tale of Doris and the Dragon - Episode 1,0,0,0,0
9441,Isomorph,0,0,0,0
9442,Veilia,0,0,0,0
9443,MineSweeper VR,0,0,0,0
9444,Stars Simulation,0,0,0,0
9445,Naruto Shippuden Uncut: Homecoming,0,0,0,0
9446,Naruto Shippuden Uncut: The Akatsuki Makes Its Move,0,0,0,0
9447,Naruto Shippuden Uncut: The Results of Training,0,0,0,0
9448,Naruto Shippuden Uncut: The Jinchuriki of the Sand,0,0,0,0
9449,Naruto Shippuden Uncut: The Kazekage Stands Tall,0,0,0,0
9450,Naruto Shippuden Uncut: Mission Cleared,0,0,0,0
9451,Naruto Shippuden Uncut: Run Kankuro,0,0,0,0
9452,Naruto Shippuden Uncut: Team Kakashi Deployed,0,0,0,0
9453,Naruto Shippuden Uncut: The Jinchurikis Tears,0,0,0,0
9454,Naruto Shippuden Uncut: Sealing Jutsu: Nine Phantom Dragons,0,0,0,0
9455,Naruto Shippuden Uncut: The Medical Ninjas Student,0,0,0,0
9456,Naruto Shippuden Uncut: The Retired Grannys Determination,0,0,0,0
9457,Naruto Shippuden Uncut: A Meeting With Destiny,0,0,0,0
9458,Sakura Shrine Girls,0,0,0,0
9459,Virtual Warfighter,0,0,0,0
9460,Day of the Trumplings,0,0,0,0
9461,Richies Plank Experience,0,0,0,0
9462,Tvori,0,0,0,0
9463,Spinning Maze,0,0,0,0
9464,Machinations: Fog of War,0,0,0,0
9465,GunGirl 2,0,0,0,0
9466,Stellar Interface,0,0,0,0
9467,Tank Tread,0,0,0,0
9468,Squareface,0,0,0,0
9469,The Secret Order 4: Beyond Time,0,0,0,0
9470,Tavernier,0,0,0,0
9471,SteamHammerVR (Preview),0,0,0,0
9472,VHSoverdose,0,0,0,0
9473,Cowbots and Aliens,0,0,0,0
9474,Happy Town People,0,0,0,0
9475,Redout,360,575,-215,215
9476,Caketomino,0,0,0,0
9477,Caesar(tm) 3,0,0,0,0
9478,Caesar(tm) IV,0,0,0,0
9479,Fly to KUMA MAKER,0,0,0,0
9480,Sisyphus Reborn,0,237,-237,237
9481,The Castles of Dr. Creep,0,0,0,0
9482,Edge Guardian,0,0,0,0
9483,Aim Hero,0,0,0,0
9484,Volleyball Unbound - Pro Beach Volleyball,0,0,0,0
9485,Abrams Tank,0,0,0,0
9486,Flow Match,0,0,0,0
9487,Live In Color,0,0,0,0
9488,Ballistick,0,0,0,0
9489,illumine,0,0,0,0
9490,Intensive Exposure,0,0,0,0
9491,Kapsul Infinite,0,0,0,0
9492,Zombo Buster Rising,0,0,0,0
9493,Dont Let Go!,0,0,0,0
9494,The Journey Home,0,0,0,0
9495,Streamer Simulator,0,0,0,0
9496,Kitty Kitty Boing Boing: the Happy Adventure in Puzzle Garden!,0,0,0,0
9497,Kalen Chock Presents: Advanced Painting with Photography: Putting The Photos Together,0,0,0,0
9498,Kalen Chock Presents: Advanced Painting with Photography: Matching Values Hues and Temperatures,0,0,0,0
9499,Kalen Chock Presents: 3D Sketching: Photoshop Painting,0,0,0,0
9500,Kalen Chock Presents: 3D Sketching: Bonus: Sped up,0,0,0,0
9501,Kalen Chock Presents: 3D Sketching: Bonus: 3D Thumbnailing No Music,0,0,0,0
9502,Kalen Chock Presents: 3D Sketching: Bonus: Photoshop Painting No Music,0,0,0,0
9503,Kalen Chock Presents: Advanced Painting with Photography: Adding Paint,0,0,0,0
9504,Kalen Chock Presents: Advanced Painting with Photography: Composition and Lighting Adjustments,0,0,0,0
9505,Virtual Islands,0,0,0,0
9506,Complete Figure Drawing Course HD: 001 - Introduction Video to the concept of Invention,0,0,0,0
9507,Complete Figure Drawing Course HD: 002 - Core Structure of the Human Figure,0,0,0,0
9508,Complete Figure Drawing Course HD: 003 - Back view of your invention,0,0,0,0
9509,Complete Figure Drawing Course HD: 004 - Side view of your invention,0,0,0,0
9510,Complete Figure Drawing Course HD: 006 - The birth of discovery,0,0,0,0
9511,Complete Figure Drawing Course HD: 007 - The Secrets of the Masters,0,0,0,0
9512,Complete Figure Drawing Course HD: 008 - Discovering The Invention Of The Human Head,0,0,0,0
9513,Complete Figure Drawing Course HD: 009 - The Formulas for the Side View of the Human Head - Phase 1,0,0,0,0
9514,Complete Figure Drawing Course HD: 010 - The Formulas for the Side View of the Human Head - Phase 2,0,0,0,0
9515,Complete Figure Drawing Course HD: 011 - The Formulas for the Side View of the Human Head - Phase 3,0,0,0,0
9516,Complete Figure Drawing Course HD: 013 - The Journey to 3/4 view of Human Skull  - Part 1,0,0,0,0
9517,Complete Figure Drawing Course HD: 014 - The Journey to 3/4 view of Human Skull  - Part 2,0,0,0,0
9518,Complete Figure Drawing Course HD: 015 - The Journey to 3/4 view of Human Skull  - Part 3,0,0,0,0
9519,Complete Figure Drawing Course HD: 016 - The Journey to 3/4 view of Human Skull  - Part 4,0,0,0,0
9520,Complete Figure Drawing Course HD: 017 - The Journey to 3/4 view of Human Skull  - Part 5,0,0,0,0
9521,Complete Figure Drawing Course HD: 020 - Formulas for Front View of Chest Cavity,0,0,0,0
9522,Complete Figure Drawing Course HD: 021 - Formulas for Side View of Chest Cavity,0,0,0,0
9523,Complete Figure Drawing Course HD: 022 - Formulas for Back View of Chest Cavity,0,0,0,0
9524,Complete Figure Drawing Course HD: 023 - The 3/4 view of the invention of the Chest Cavity,0,0,0,0
9525,Complete Figure Drawing Course HD: 024 - A Switch in Thinking,0,0,0,0
9526,Complete Figure Drawing Course HD: 025 - Understanding Basic Design of Scapula and Formulas,0,0,0,0
9527,Complete Figure Drawing Course HD: 026 - The Formulas for Front and Back View of Scapula,0,0,0,0
9528,Complete Figure Drawing Course HD: 027 - The Fitting of Scapula on Chest Cavity,0,0,0,0
9529,Complete Figure Drawing Course HD: 029 - The Fitting of Scapula on Chest Cavity - View from Side,0,0,0,0
9530,Complete Figure Drawing Course HD: 030 - Second Milestone,0,0,0,0
9531,Complete Figure Drawing Course HD: 031 - The Invention of The Spine - Part 1,0,0,0,0
9532,Complete Figure Drawing Course HD: 032 - The Invention of The Spine - Part 2,0,0,0,0
9533,Complete Figure Drawing Course HD: 033 - The Invention of The Spine - Part 3,0,0,0,0
9534,Complete Figure Drawing Course HD: 034 - The Invention of The Spine - Part 4,0,0,0,0
9535,Complete Figure Drawing Course HD: 036 - The Invention of The Spine - Part 6,0,0,0,0
9536,Complete Figure Drawing Course HD: 037 - The Invention of The Spine - Part 7,0,0,0,0
9537,Complete Figure Drawing Course HD: 038 - The Invention of The Pelvis,0,0,0,0
9538,Complete Figure Drawing Course HD: 039 - The Formulas for the Front Pelvis,0,0,0,0
9539,Complete Figure Drawing Course HD: 040 - The Formulas for the Back View of Pelvis,0,0,0,0
9540,Complete Figure Drawing Course HD: 041 - The Formulas for the Side View of Pelvis,0,0,0,0
9541,Complete Figure Drawing Course HD: 042 - Fitting the Pelvis on to Chest Cavity,0,0,0,0
9542,Complete Figure Drawing Course HD: 044 - Front Formulas of the invention of Femur,0,0,0,0
9543,Complete Figure Drawing Course HD: 046 - Back Formulas of the invention of Femur,0,0,0,0
9544,Complete Figure Drawing Course HD: 047 - Fitting the Femur using a different Artistic Thinking,0,0,0,0
9545,Complete Figure Drawing Course HD: 048 - Front Formulas for the invention of the Tibia and Fibula,0,0,0,0
9546,Complete Figure Drawing Course HD: 049 - Side Formulas for the invention of the Tibia and Fibula,0,0,0,0
9547,Complete Figure Drawing Course HD: 050 - Back Formulas for the invention of the Tibia and Fibula,0,0,0,0
9548,Complete Figure Drawing Course HD: 051 - Fitting the Tibia and Fibula on to the Skeleton,0,0,0,0
9549,Complete Figure Drawing Course HD: 052 - The invention of the Foot,0,0,0,0
9550,Complete Figure Drawing Course HD: 053 - Formulas of Top View of the invention of Foot,0,0,0,0
9551,Complete Figure Drawing Course HD: 054 - Formulas of Outer View of the invention of Foot,0,0,0,0
9552,Complete Figure Drawing Course HD: 055 - Formulas of inner View of the invention of Foot,0,0,0,0
9553,Complete Figure Drawing Course HD: 056 - Formulas of Front & Back View of the invention of Foot,0,0,0,0
9554,Complete Figure Drawing Course HD: 057 - The Moment of Eureka,0,0,0,0
9555,Complete Figure Drawing Course HD: 058 - The Power of the Formulas understood for Foot,0,0,0,0
9556,Complete Figure Drawing Course HD: 059 - The invention of the Clavicle,0,0,0,0
9557,Complete Figure Drawing Course HD: 060 - The Formulas of the invention of Humerus,0,0,0,0
9558,Complete Figure Drawing Course HD: 061 - Fitting the Humerus on to the Human Being,0,0,0,0
9559,Complete Figure Drawing Course HD: 062 - The invention of the Radius & Ulna,0,0,0,0
9560,Complete Figure Drawing Course HD: 063 - Formulas for Front & Back view of Radius and Ulna,0,0,0,0
9561,Complete Figure Drawing Course HD: 065 - Formulas for the Human Hand - Part 1,0,0,0,0
9562,Complete Figure Drawing Course HD: 066 - Formulas for the Human Hand - Part 2,0,0,0,0
9563,Complete Figure Drawing Course HD: 070 - Conclusion of the Skeleton - Back View,0,0,0,0
9564,Complete Figure Drawing Course HD: 071 - Conclusion of the Skeleton - Side View,0,0,0,0
9565,Complete Figure Drawing Course HD: 072 - Conclusion of the Skeleton - Front 3/4 View,0,0,0,0
9566,Complete Figure Drawing Course HD: 073 - Conclusion of the Skeleton - Back 3/4 View,0,0,0,0
9567,Complete Figure Drawing Course HD: 074 - Conclusion of the Skeleton - Final,0,0,0,0
9568,Complete Figure Drawing Course HD: 075 - The Muscles of The Human Head -Part 1,0,0,0,0
9569,Complete Figure Drawing Course HD: 076 - The Muscles of The Human Head -Part 2,0,0,0,0
9570,Complete Figure Drawing Course HD: 078 - The Muscles of The Human Head -Part 4,0,0,0,0
9571,Complete Figure Drawing Course HD: 079 - The Muscles of The Human Head -Part 5,0,0,0,0
9572,Complete Figure Drawing Course HD: 080 - The Muscles of The Human Head -Part 6,0,0,0,0
9573,Complete Figure Drawing Course HD: 081 - The Muscles of The Human Head -Part 7,0,0,0,0
9574,Complete Figure Drawing Course HD: 082 - The Muscles of The Human Head -Part 8,0,0,0,0
9575,Complete Figure Drawing Course HD: 083 - The Muscles of The Human Head -Part 9,0,0,0,0
9576,Complete Figure Drawing Course HD: 084 - The Muscles of The Human Head -Part 10,0,0,0,0
9577,Complete Figure Drawing Course HD: 085 - The Muscles of The Human Head -Part 11,0,0,0,0
9578,Complete Figure Drawing Course HD: 086 - The Muscles of The Human Head -Part 12,0,0,0,0
9579,Complete Figure Drawing Course HD: 087 - The Muscles of The Human Head -Part 13,0,0,0,0
9580,Complete Figure Drawing Course HD: 089 - The Muscles of The Human Head -Part 15,0,0,0,0
9581,Complete Figure Drawing Course HD: 090 - The Muscles of The Human Head -Part 16,0,0,0,0
9582,Complete Figure Drawing Course HD: 091 - The Muscles of The Human Head -Part 17,0,0,0,0
9583,Complete Figure Drawing Course HD: 092 - The Muscles of The Human Head -Part 18,0,0,0,0
9584,Complete Figure Drawing Course HD: 093 - The Muscles of The Human Head -Part 19,0,0,0,0
9585,Complete Figure Drawing Course HD: 094 - The Muscles of The Human Head -Part 20,0,0,0,0
9586,Complete Figure Drawing Course HD: 095 - The Muscles of The Human Head -Part 21,0,0,0,0
9587,Complete Figure Drawing Course HD: 096 - The Muscles of The Human Head -Part 22,0,0,0,0
9588,Complete Figure Drawing Course HD: 098 - The Muscles of The Human Head -Part 24,0,0,0,0
9589,Complete Figure Drawing Course HD: 099 - The Muscles of The Human Head -Part 25,0,0,0,0
9590,Complete Figure Drawing Course HD: 100 - The Muscles of The Human Head -Part 26,0,0,0,0
9591,Complete Figure Drawing Course HD: 101 - The Muscles of The Human Head -Part 27,0,0,0,0
9592,Complete Figure Drawing Course HD: 102 - The Muscles of The Human Head -Part 28,0,0,0,0
9593,Complete Figure Drawing Course HD: 103 - The Muscles of The Human Head -Part 29,0,0,0,0
9594,Complete Figure Drawing Course HD: 104 - Creating The Powerful Mannequin System - Part 1,0,0,0,0
9595,Complete Figure Drawing Course HD: 105 - Creating The Powerful Mannequin System - Part 2,0,0,0,0
9596,Complete Figure Drawing Course HD: 106 - Creating The Powerful Mannequin System - Part 3,0,0,0,0
9597,Complete Figure Drawing Course HD: 107 - Creating The Powerful Mannequin System - Part 4,0,0,0,0
9598,Complete Figure Drawing Course HD: 109 - Creating The Powerful Mannequin System - Part 6,0,0,0,0
9599,Complete Figure Drawing Course HD: 111 - The Muscles of The Human Neck - Part 2,0,0,0,0
9600,Complete Figure Drawing Course HD: 112 - The Muscles of The Human Neck - Part 3,0,0,0,0
9601,Complete Figure Drawing Course HD: 113 - The Muscles of The Human Neck - Part 4,0,0,0,0
9602,Complete Figure Drawing Course HD: 114 - The Muscles of The Human Neck - Part 5,0,0,0,0
9603,Complete Figure Drawing Course HD: 115 - The Muscles of The Human Neck - Part 6,0,0,0,0
9604,Complete Figure Drawing Course HD: 116 - The Muscles of The Human Neck - Part 7,0,0,0,0
9605,Complete Figure Drawing Course HD: 117 - The Muscles of The Human Neck - Part 8,0,0,0,0
9606,Complete Figure Drawing Course HD: 118 - The Muscles of The Human Neck - Part 9,0,0,0,0
9607,Complete Figure Drawing Course HD: 119 - The Muscles of The Human Neck - Part 10,0,0,0,0
9608,Complete Figure Drawing Course HD: 120 - The Muscles of The Torso - Part 1,0,0,0,0
9609,Complete Figure Drawing Course HD: 121 - The Muscles of The Torso - Part 2,0,0,0,0
9610,Complete Figure Drawing Course HD: 122 - The Muscles of The Torso - Part 3,0,0,0,0
9611,Complete Figure Drawing Course HD: 123 - The Muscles of The Torso - Part 4,0,0,0,0
9612,Complete Figure Drawing Course HD: 125 - The Muscles of The Torso - Part 6,0,0,0,0
9613,Complete Figure Drawing Course HD: 126 - The Muscles of The Torso - Part 7,0,0,0,0
9614,Complete Figure Drawing Course HD: 127 - The Muscles of The Torso - Part 8,0,0,0,0
9615,Complete Figure Drawing Course HD: 128 - The Muscles of The Torso - Part 9,0,0,0,0
9616,Complete Figure Drawing Course HD: 129 - The Muscles of The Torso - Part 10,0,0,0,0
9617,Complete Figure Drawing Course HD: 130 - The Muscles of The Torso - Part 11,0,0,0,0
9618,Complete Figure Drawing Course HD: 131 - The Muscles of The Torso - Part 12,0,0,0,0
9619,Complete Figure Drawing Course HD: 132 - The Muscles of The Torso - Part 13,0,0,0,0
9620,Complete Figure Drawing Course HD: 133 - The Muscles of The Torso - Part 14,0,0,0,0
9621,Complete Figure Drawing Course HD: 134 - The Muscles of The Torso - Part 15,0,0,0,0
9622,Complete Figure Drawing Course HD: 135 - The Muscles of The Torso - Part 16,0,0,0,0
9623,Complete Figure Drawing Course HD: 136 - The Muscles of The Torso - Part 17,0,0,0,0
9624,Complete Figure Drawing Course HD: 137 - The Muscles of The Torso - Part 18,0,0,0,0
9625,Complete Figure Drawing Course HD: 138 - Conclusion of Muscles of The Torso,0,0,0,0
9626,Complete Figure Drawing Course HD: 139 - The Muscles of the Arm - Part 1,0,0,0,0
9627,Complete Figure Drawing Course HD: 140 - The Muscles of the Arm - Part 2,0,0,0,0
9628,Complete Figure Drawing Course HD: 141 - The Muscles of the Arm - Part 3,0,0,0,0
9629,Complete Figure Drawing Course HD: 142 - The Muscles of the Arm - Part 4,0,0,0,0
9630,Complete Figure Drawing Course HD: 143 - The Muscles of the Arm - Part 5,0,0,0,0
9631,Complete Figure Drawing Course HD: 144 - The Muscles of the Arm - Part 6,0,0,0,0
9632,Complete Figure Drawing Course HD: 145 - The Muscles of the Arm - Part 7,0,0,0,0
9633,Complete Figure Drawing Course HD: 146 - The Muscles of the Arm - Part 8,0,0,0,0
9634,Complete Figure Drawing Course HD: 147 - The Muscles of the Arm - Part 9,0,0,0,0
9635,Complete Figure Drawing Course HD: 148 - The Muscles of the Arm - Part 10,0,0,0,0
9636,Complete Figure Drawing Course HD: 149 - The Muscles of the Arm - Part 11,0,0,0,0
9637,Complete Figure Drawing Course HD: 150 - The Muscles of the Arm - Part 12,0,0,0,0
9638,Complete Figure Drawing Course HD: 152 - The Muscles of the Arm - Part 14,0,0,0,0
9639,Complete Figure Drawing Course HD: 154 - The Muscles of the Arm - Part 16,0,0,0,0
9640,Complete Figure Drawing Course HD: 155 - The Muscles of the Arm - Part 17,0,0,0,0
9641,Complete Figure Drawing Course HD: 156 - The Muscles of the Hand - Part 1,0,0,0,0
9642,Complete Figure Drawing Course HD: 157 - The Muscles of the Hand - Part 2,0,0,0,0
9643,Complete Figure Drawing Course HD: 158 - The Muscles of the Hand - Part 3,0,0,0,0
9644,Complete Figure Drawing Course HD: 159 - The Muscles of the Hand - Part 4,0,0,0,0
9645,Complete Figure Drawing Course HD: 160 - The Muscles of the Hand - Part 5,0,0,0,0
9646,Complete Figure Drawing Course HD: 161 - The Muscles of the Hand - Part 6,0,0,0,0
9647,Complete Figure Drawing Course HD: 162 - The Muscles of the Hand - Part 7,0,0,0,0
9648,Complete Figure Drawing Course HD: 163 - The Muscles of the Hand - Part 8,0,0,0,0
9649,Complete Figure Drawing Course HD: 164 - The Muscles of the Hand - Part 9,0,0,0,0
9650,Complete Figure Drawing Course HD: 165 - The Muscles of the Hand - Part 10,0,0,0,0
9651,Complete Figure Drawing Course HD: 166 - The Muscles of the Hand - Part 11,0,0,0,0
9652,Complete Figure Drawing Course HD: 167 - The Muscles of the Pelvis & Leg - Part 1,0,0,0,0
9653,Complete Figure Drawing Course HD: 168 - The Muscles of the Pelvis & Leg - Part 2,0,0,0,0
9654,Complete Figure Drawing Course HD: 169 - The Muscles of the Pelvis & Leg - Part 3,0,0,0,0
9655,Complete Figure Drawing Course HD: 170 - The Muscles of the Pelvis & Leg - Part 4,0,0,0,0
9656,Complete Figure Drawing Course HD: 171 - The Muscles of the Pelvis & Leg - Part 5,0,0,0,0
9657,Complete Figure Drawing Course HD: 172 - The Muscles of the Pelvis & Leg - Part 6,0,0,0,0
9658,Complete Figure Drawing Course HD: 173 - The Muscles of the Pelvis & Leg - Part 7,0,0,0,0
9659,Complete Figure Drawing Course HD: 174 - The Muscles of the Pelvis & Leg - Part 8,0,0,0,0
9660,Complete Figure Drawing Course HD: 175 - The Muscles of the Pelvis & Leg - Part 9,0,0,0,0
9661,Complete Figure Drawing Course HD: 176 - The Muscles of the Pelvis & Leg - Part 10,0,0,0,0
9662,Complete Figure Drawing Course HD: 177 - The Muscles of the Pelvis & Leg - Part 11,0,0,0,0
9663,Complete Figure Drawing Course HD: 178 - The Muscles of the Pelvis & Leg - Part 12,0,0,0,0
9664,Complete Figure Drawing Course HD: 179 - The Muscles of the Foot - Part 1,0,0,0,0
9665,Complete Figure Drawing Course HD: 180 - The Muscles of the Foot - Part 2,0,0,0,0
9666,Complete Figure Drawing Course HD: 182 - The Muscles of the Foot - Part 4,0,0,0,0
9667,Complete Figure Drawing Course HD: 183 - The Muscles of the Foot - Part 5,0,0,0,0
9668,Complete Figure Drawing Course HD: 184 - The Muscles of the Foot - Part 6,0,0,0,0
9669,Complete Figure Drawing Course HD: 185 - The Muscles of the Foot - Part 7,0,0,0,0
9670,Complete Figure Drawing Course HD: 186 - Conclusion of The Human Being - Part 1,0,0,0,0
9671,Complete Figure Drawing Course HD: 188 - Conclusion of The Human Being - Part 3,0,0,0,0
9672,Complete Figure Drawing Course HD: 189 - Conclusion of The Human Being - Part 4,0,0,0,0
9673,Complete Figure Drawing Course HD: 01 - Introduction to the Mannequin,0,0,0,0
9674,Complete Figure Drawing Course HD: 02 - Wrapping Muscles on Mannequin Pose 1,0,0,0,0
9675,Complete Figure Drawing Course HD: 03 - Wrapping Muscles on Mannequin Pose 2,0,0,0,0
9676,Complete Figure Drawing Course HD: 04 - Wrapping Muscles on Mannequin Pose 3,0,0,0,0
9677,Complete Figure Drawing Course HD: 05 - Wrapping Muscles on Mannequin Pose 4,0,0,0,0
9678,Complete Figure Drawing Course HD: 06 - Wrapping Muscles on Mannequin Pose 5,0,0,0,0
9679,Complete Figure Drawing Course HD: 07 - Wrapping Muscles on Mannequin Pose 6,0,0,0,0
9680,Complete Figure Drawing Course HD: 08 - Wrapping Muscles on Mannequin Pose 7,0,0,0,0
9681,Complete Figure Drawing Course HD: 09 - Wrapping Muscles on Mannequin Pose 8,0,0,0,0
9682,Complete Figure Drawing Course HD: 10 - Wrapping Muscles on Mannequin Pose 9,0,0,0,0
9683,Complete Figure Drawing Course HD: 12 - Wrapping Muscles on Mannequin Pose 11,0,0,0,0
9684,Complete Figure Drawing Course HD: 13 - Wrapping Muscles on Mannequin Pose 12,0,0,0,0
9685,Complete Figure Drawing Course HD: 16 - Wrapping Muscles on Mannequin Pose 15,0,0,0,0
9686,Complete Figure Drawing Course HD: 17 - Wrapping Muscles on Mannequin Pose 16,0,0,0,0
9687,Complete Figure Drawing Course HD: 01 - Figure Sketching Process - Male Pose 1,0,0,0,0
9688,Complete Figure Drawing Course HD: 02 - Figure Sketching Process - Male Pose 2,0,0,0,0
9689,Complete Figure Drawing Course HD: 03 - Figure Sketching Process - Female Pose 3,0,0,0,0
9690,Complete Figure Drawing Course HD: 04 - Figure Sketching Process - Female Pose 4,0,0,0,0
9691,Complete Figure Drawing Course HD: 05 - Figure Sketching Process - Male Pose 5,0,0,0,0
9692,Complete Figure Drawing Course HD: 06 - Figure Sketching Process - Female Pose 6,0,0,0,0
9693,Complete Figure Drawing Course HD: 07 - Figure Sketching Process - Male Pose 7,0,0,0,0
9694,Complete Figure Drawing Course HD: 08 - Figure Sketching Process - Male Pose 8,0,0,0,0
9695,Complete Figure Drawing Course HD: 09 - Figure Sketching Process - Male Pose 9,0,0,0,0
9696,Complete Figure Drawing Course HD: 10 - Figure Sketching Process - Male Pose 9,0,0,0,0
9697,Complete Figure Drawing Course HD: 11 - Figure Sketching Process - Female Pose 11,0,0,0,0
9698,Complete Figure Drawing Course HD: 12 - Figure Sketching Process - Female Pose 12,0,0,0,0
9699,Complete Figure Drawing Course HD: 13 - Figure Sketching Process - Male Pose 13,0,0,0,0
9700,Complete Figure Drawing Course HD: 14 - Figure Sketching Process - Male Pose 14,0,0,0,0
9701,Complete Figure Drawing Course HD: 15 - Figure Sketching Process - Male Pose 15,0,0,0,0
9702,Complete Figure Drawing Course HD: 16 - Figure Sketching Process - Male Pose 16,0,0,0,0
9703,Complete Figure Drawing Course HD: 17 - Figure Sketching Process - Male Pose 17,0,0,0,0
9704,Complete Figure Drawing Course HD: 18 - Figure Sketching Process - Male Pose 18,0,0,0,0
9705,Complete Figure Drawing Course HD: 19 - Analyzing Your Drawings for Formulas,0,0,0,0
9706,Kubz VR,0,0,0,0
9707,Naruto Shippuden Uncut: Narutos Growth,0,0,0,0
9708,Naruto Shippuden Uncut: The Secret Weapon is Called....,0,0,0,0
9709,Naruto Shippuden Uncut: The Death of Gaara!,0,0,0,0
9710,Naruto Shippuden Uncut: Traps Activate! Team Guys Enemy,0,0,0,0
9711,Naruto Shippuden Uncut: Hiruko vs. Two Kunoichi!,0,0,0,0
9712,Naruto Shippuden Uncut: Sasoris Real Face,0,0,0,0
9713,Naruto Shippuden Uncut: Chiyos Secret Skills,0,0,0,0
9714,Naruto Shippuden Uncut: Father and Mother,0,0,0,0
9715,Naruto Shippuden Uncut: The Third Kazekage,0,0,0,0
9716,Naruto Shippuden Uncut: Three Minutes Between Life and Death,0,0,0,0
9717,Naruto Shippuden Uncut: Beasts: Alive Again!,0,0,0,0
9718,Naruto Shippuden Uncut: Kakashi Enlightened!,0,0,0,0
9719,Naruto Shippuden Uncut: Aesthetics of an Instant,0,0,0,0
9720,Naruto Shippuden Uncut: The Legacy,0,0,0,0
9721,Naruto Shippuden Uncut: Return of the Kazekage,0,0,0,0
9722,Naruto Shippuden Uncut: The New Target,0,0,0,0
9723,Naruto Shippuden Uncut: Formation! New Team Kakashi,0,0,0,0
9724,Naruto Shippuden Uncut: An Unnecessary Addition,0,0,0,0
9725,Naruto Shippuden Uncut: The Fake Smile,0,0,0,0
9726,Naruto Shippuden Uncut: Untitled,0,0,0,0
9727,Naruto Shippuden Uncut: Simulation,0,0,0,0
9728,Naruto Shippuden Uncut: The Tenchi Bridge,0,0,0,0
9729,A Midsummer Nights Choice,0,0,0,0
9730,DreamDesk VR Beta,0,0,0,0
9731,Visitors,0,0,0,0
9732,Fright Light,0,0,0,0
9733,XMODULE,0,0,0,0
9734,Music Inside,0,0,0,0
9735,Naruto Shippuden Uncut: Impossible Dream,0,0,0,0
9736,Naruto Shippuden Uncut: The Nine Tails Unleashed,0,0,0,0
9737,Naruto Shippuden Uncut: The Top-Secret Mission Begins,0,0,0,0
9738,Naruto Shippuden Uncut: Orochimaru vs. Jinchuuriki,0,0,0,0
9739,Naruto Shippuden Uncut: Sakuras Tears,0,0,0,0
9740,Naruto Shippuden Uncut: The Secret of the Battle!,0,0,0,0
9741,Naruto Shippuden Uncut: The Consequences of Betryal,0,0,0,0
9742,Naruto Shippuden Uncut: The Unfinished Page,0,0,0,0
9743,Naruto Shippuden Uncut: Infiltration: The Den of the Snake!,0,0,0,0
9744,Naruto Shippuden Uncut: Bonds,0,0,0,0
9745,Naruto Shippuden Uncut: Something Important?,0,0,0,0
9746,Naruto Shippuden Uncut: The Picture Books Story,0,0,0,0
9747,Naruto Shippuden Uncut: Reunion,0,0,0,0
9748,Naruto Shippuden Uncut: The Power of Uchiha,0,0,0,0
9749,Dawns Light,0,0,0,0
9750,Globe Rush,0,0,0,0
9751,MinosMaze - The Minotaurs Labyrinth,0,0,0,0
9752,Dots eXtreme,0,0,0,0
9753,Epic Battle Fantasy 3,393,141,252,252
9754,Timore 5,0,0,0,0
9755,Blue Screen Adventures,0,0,0,0
9756,Atlantis: Pearls of the Deep,0,0,0,0
9757,Naruto Shippuden Uncut: Title,0,0,0,0
9758,Tuebor,0,0,0,0
9759,Super Switch,0,0,0,0
9760,Magical Otoge Ciel,0,0,0,0
9761,This World Unknown,0,0,0,0
9762,You Have 10 Seconds 2,342,265,77,77
9763,Toadled,0,0,0,0
9764,Ancient Frontier,0,0,0,0
9765,Deaths Hangover,0,0,0,0
9766,Minimized,0,0,0,0
9767,Space Incident,0,0,0,0
9768,Galactic Storm,0,0,0,0
9769,Lost Crew,0,0,0,0
9770,Blue Effect VR,0,0,0,0
9771,Eclipse: New Dawn for the Galaxy,0,0,0,0
9772,Torsion,0,0,0,0
9773,The Last Hope,0,0,0,0
9774,Near Midnight,0,0,0,0
9775,Lord of the Seal,0,0,0,0
9776,In Fear I Trust,0,0,0,0
9777,The Final Days: Im Still Alive,0,0,0,0
9778,Naruto Shippuden Uncut: Nightmare,0,0,0,0
9779,Naruto Shippuden Uncut: Wind,0,0,0,0
9780,Naruto Shippuden Uncut: Squirming,0,0,0,0
9781,Naruto Shippuden Uncut: Robbed of Sleep,0,0,0,0
9782,Naruto Shippuden Uncut: Loneliness,0,0,0,0
9783,Naruto Shippuden Uncut: Vicissitudes of Life,0,0,0,0
9784,Naruto Shippuden Uncut: Teammate,0,0,0,0
9785,Naruto Shippuden Uncut: The Two Kings,0,0,0,0
9786,Naruto Shippuden Uncut: The Jet-Black Signal Fire,0,0,0,0
9787,Naruto Shippuden Uncut: Lockdown of Darkness,0,0,0,0
9788,Naruto Shippuden Uncut: Revived Souls,0,0,0,0
9789,Naruto Shippuden Uncut: Everyones Struggle to the Death,0,0,0,0
9790,Naruto Shippuden Uncut: Moment of Awakening,0,0,0,0
9791,Naruto Shippuden Uncut: Despair,0,0,0,0
9792,Naruto Shippuden Uncut: Resonance,0,0,0,0
9793,Naruto Shippuden Uncut: My Friend,0,0,0,0
9794,Naruto Shippuden Uncut: The Quietly Approaching Threat,0,0,0,0
9795,Naruto Shippuden Uncut: Akatsukis Invasion,0,0,0,0
9796,Naruto Shippuden Uncut: The Next Step,0,0,0,0
9797,Naruto Shippuden Uncut: Climbing Silver,0,0,0,0
9798,Naruto Shippuden Uncut: The Judgment,0,0,0,0
9799,Naruto Shippuden Uncut: Unfulfilled Scream,0,0,0,0
9800,Naruto Shippuden Uncut: Last Words,0,0,0,0
9801,Naruto Shippuden Uncut: Sad News,0,0,0,0
9802,Naruto Shippuden Uncut: Team Ten,0,0,0,0
9803,Naruto Shippuden Uncut: Target: Locked On,0,0,0,0
9804,Naruto Shippuden Uncut: Kakuzus Abilities,0,0,0,0
9805,Naruto Shippuden Uncut: Terrifying Secret,0,0,0,0
9806,Naruto Shippuden Uncut: Shikamarus Genius,0,0,0,0
9807,Naruto Shippuden Uncut: When You Curse Someone You Dig Your Own Grave,0,0,0,0
9808,Naruto Shippuden Uncut: Wind Style: Rasen Shuriken!,0,0,0,0
9809,Naruto Shippuden Uncut: The Price of Power,0,0,0,0
9810,Naruto Shippuden Uncut: A Shinobis Determination,0,0,0,0
9811,Naruto Shippuden Uncut: Orochimarus Hideout Discovered,0,0,0,0
9812,Naruto Shippuden Uncut: Encounter,0,0,0,0
9813,Naruto Shippuden Uncut: Connecting Hearts,0,0,0,0
9814,Naruto Shippuden Uncut: A Night of Rain,0,0,0,0
9815,Naruto Shippuden Uncut: The Unseeing Enemy,0,0,0,0
9816,Naruto Shippuden Uncut: The Labyrinth of Distorted Reflection,0,0,0,0
9817,Naruto Shippuden Uncut: The Target Appears,0,0,0,0
9818,Naruto Shippuden Uncut: The Rampaging Tailed Beast,0,0,0,0
9819,Naruto Shippuden Uncut: Inside the Mist,0,0,0,0
9820,Naruto Shippuden Uncut: Everyones Feelings,0,0,0,0
9821,Naruto Shippuden Uncut: Regroup!,0,0,0,0
9822,Naruto Shippuden Uncut: The Four-Corner Sealing Barrier,0,0,0,0
9823,Naruto Shippuden Uncut: Breaking the Crystal Style,0,0,0,0
9824,Naruto Shippuden Uncut: Battle over the Barrier,0,0,0,0
9825,Naruto Shippuden Uncut: Strange Bedfellows,0,0,0,0
9826,Naruto Shippuden Uncut: Guidepost of the Camellia,0,0,0,0
9827,Naruto Shippuden Uncut: Memory of Guilt,0,0,0,0
9828,Naruto Shippuden Uncut: Shattered Promise,0,0,0,0
9829,Spell Casting: Meowgically Enhanced Edition,0,0,0,0
9830,Black Forest,0,0,0,0
9831,Footbrawl Playground,0,0,0,0
9832,Bomb U!,0,0,0,0
9833,Kalen Chock Presents: Approaching Interiors: Interiors Part 1,0,0,0,0
9834,Kalen Chock Presents: Approaching Interiors: Interiors Part 2,0,0,0,0
9835,Ozapell Basic,0,0,0,0
9836,Dota 2 Player Profiles: Vici Gaming Reborn - END,0,0,0,0
9837,Dota 2 Player Profiles: OG - Fly,0,0,0,0
9838,Dota 2 Player Profiles: EHOME - iceiceice,0,0,0,0
9839,Dota 2 Player Profiles: Team Liquid - MATUMBAMAN,0,0,0,0
9840,Dota 2 Player Profiles: LGD - Maybe,0,0,0,0
9841,Dota 2 Player Profiles: MVP Phoenix - QO,0,0,0,0
9842,Dota 2 Player Profiles: Not Playing Dota with Complexity,0,0,0,0
9843,Dota 2 Player Profiles: Not Playing Dota with Dendi,0,0,0,0
9844,Dota 2 Player Profiles: Not Playing Dota With END - VGR,0,0,0,0
9845,Dota 2 Player Profiles: Not Playing Dota With MATUMBAMAN,0,0,0,0
9846,Dota 2 Player Profiles: Not Playing Dota With QO,0,0,0,0
9847,Defense of Castle Chilly,0,0,0,0
9848,Across Flash,0,0,0,0
9849,Adventures Of Fluzz,0,0,0,0
9850,Sword Master VR,0,0,0,0
9851,Die 4te Offenbarung,0,0,0,0
9852,Loot or Die,0,0,0,0
9853,Brave Dungeon,0,0,0,0
9854,Launch Squad,0,0,0,0
9855,ZombVR,0,0,0,0
9856,Machine Learning: Episode I,0,0,0,0
9857,Block Wave VR,0,0,0,0
9858,Raptor Valley,0,0,0,0
9859,Dad Quest,0,0,0,0
9860,HellAngel,0,0,0,0
9861,Shadron,0,0,0,0
9862,Dark Parables: Curse of Briar Rose Collectors Edition,0,0,0,0
9863,RutonyChat,0,0,0,0
9864,Urge: Interviews with the Cast and Crew,0,0,0,0
9865,The Race for the White House 2016,0,0,0,0
9866,The Construct,0,0,0,0
9867,King Oddball,0,0,0,0
9868,Brawlderdash,0,0,0,0
9869,Bullets And More VR - BAM VR,0,0,0,0
9870,Naruto Shippuden Uncut: The Serpents Pupil,0,0,0,0
9871,Naruto Shippuden Uncut: Eye of the Hawk,0,0,0,0
9872,Naruto Shippuden Uncut: Zabuzas Blade,0,0,0,0
9873,Naruto Shippuden Uncut: Guardian of the Iron Wall,0,0,0,0
9874,Naruto Shippuden Uncut: Jugo of the Northern Hideout,0,0,0,0
9875,Naruto Shippuden Uncut: S10E06,0,0,0,0
9876,Naruto Shippuden Uncut: S10E07,0,0,0,0
9877,Naruto Shippuden Uncut: Kakashi Chronicles - A Boys Life on the Battlefield - Part 2,0,0,0,0
9878,Naruto Shippuden Uncut: The Hunt,0,0,0,0
9879,Naruto Shippuden Uncut: Clash!,0,0,0,0
9880,Naruto Shippuden Uncut: Art,0,0,0,0
9881,Naruto Shippuden Uncut: Disappearance,0,0,0,0
9882,Naruto Shippuden Uncut: Twilight,0,0,0,0
9883,Naruto Shippuden Uncut: Tales of a Gutsy Ninja: Jiraiya Ninja Scrolls Part 1,0,0,0,0
9884,Naruto Shippuden Uncut: Infiltrate! The Village Hidden in the Rain,0,0,0,0
9885,Naruto Shippuden Uncut: The Man Who Became God,0,0,0,0
9886,Naruto Shippuden Uncut: Honored Sage Mode!,0,0,0,0
9887,Naruto Shippuden Uncut: In Attendance The Six Paths of Pain,0,0,0,0
9888,Naruto Shippuden Uncut: The Tale of Jiraiya the Gallant,0,0,0,0
9889,Naruto Shippuden Uncut: Banquet Invitation,0,0,0,0
9890,Naruto Shippuden Uncut: The Longest Moment...,0,0,0,0
9891,Naruto Shippuden Uncut: The Light & Dark of the Mangekyo Sharingan,0,0,0,0
9892,Naruto Shippuden Uncut: Amaterasu!,0,0,0,0
9893,Naruto Shippuden Uncut: The Mystery of Tobi,0,0,0,0
9894,Naruto Shippuden Uncut: Fate,0,0,0,0
9895,Naruto Shippuden Uncut: Truth,0,0,0,0
9896,Naruto Shippuden Uncut: Battle of Unraikyo,0,0,0,0
9897,Naruto Shippuden Uncut: The Eight Tails vs Sasuke,0,0,0,0
9898,Naruto Shippuden Uncut: Successor of the Forbidden Jutsu,0,0,0,0
9899,Naruto Shippuden Uncut: The Successors Wish,0,0,0,0
9900,Naruto Shippuden Uncut: Rogue Ninjas Past,0,0,0,0
9901,Naruto Shippuden Uncut: Heir to Darkness,0,0,0,0
9902,Naruto Shippuden Uncut: Separation,0,0,0,0
9903,Naruto Shippuden Uncut: The Forbidden Jutsu Released,0,0,0,0
9904,Naruto Shippuden Uncut: Somber News,0,0,0,0
9905,Cockroach VR,0,0,0,0
9906,JUST BAT (VR CRICKET),0,0,0,0
9907,Very Real Chess,0,0,0,0
9908,Naruto Shippuden Uncut: The First Challenge,0,0,0,0
9909,Naruto Shippuden Uncut: Surpassing the Master,0,0,0,0
9910,Naruto Shippuden Uncut: Assault on the Leaf Village!,0,0,0,0
9911,Naruto Shippuden Uncut: Power to Believe,0,0,0,0
9912,Naruto Shippuden Uncut: Pain vs Kakashi,0,0,0,0
9913,Naruto Shippuden Uncut: Mystery of Pain,0,0,0,0
9914,Naruto Shippuden Uncut: Surname is Sarutobi! Given Name Konohamaru!,0,0,0,0
9915,Naruto Shippuden Uncut: Pain to the World,0,0,0,0
9916,Naruto Shippuden Uncut: Explosion! Sage Mode,0,0,0,0
9917,Naruto Shippuden Uncut: Danger! Sage Mode Limit Reached,0,0,0,0
9918,Naruto Shippuden Uncut: Nine Tails Captured!,0,0,0,0
9919,Naruto Shippuden Uncut: Confessions,0,0,0,0
9920,CloudBound,0,0,0,0
9921,Adventurous Life VR,0,0,0,0
9922,MY FIGHT,0,0,0,0
9923,KickHim,0,0,0,0
9924,BoxMaker,0,0,0,0
9925,The Gleam: VR Escape the Room,0,0,0,0
9926,Monsti,0,0,0,0
9927,Fair Islands VR,0,0,0,0
9928,What The Box?,0,0,0,0
9929,Cockroach Simulator,0,0,0,0
9930,Life is Pain,0,0,0,0
9931,Alone Without Her,0,0,0,0
9932,Zi,0,0,0,0
9933,PITCH-HIT,0,0,0,0
9934,Dynamite Alex,0,0,0,0
9935,Naruto Shippuden Uncut: Planetary Devastation,0,0,0,0
9936,Naruto Shippuden Uncut: Fourth Hokage,0,0,0,0
9937,Naruto Shippuden Uncut: The Two Students,0,0,0,0
9938,Naruto Shippuden Uncut: Big Adventure! The Quest for the Fourth Hokages Legacy Part 1,0,0,0,0
9939,Naruto Shippuden Uncut: Big Adventure! The Quest for the Fourth Hokages Legacy Part 2,0,0,0,0
9940,Naruto Shippuden Uncut: Meeting,0,0,0,0
9941,Naruto Shippuden Uncut: Origin of Pain,0,0,0,0
9942,Naruto Shippuden Uncut: The Tale of Naruto Uzumaki,0,0,0,0
9943,Naruto Shippuden Uncut: Hero of the Hidden Leaf,0,0,0,0
9944,Naruto Shippuden Uncut: Rookie Teacher Iruka,0,0,0,0
9945,Naruto Shippuden Uncut: Irukas Ordeal,0,0,0,0
9946,Naruto Shippuden Uncut: Kakashi Hatake The Jonin in Charge,0,0,0,0
9947,Tennis Elbow Manager,0,0,0,0
9948,Naruto Shippuden Uncut: Inaris Courage Put to the Test,0,0,0,0
9949,Naruto Shippuden Uncut: Narutos School of Revenge,0,0,0,0
9950,Naruto Shippuden Uncut: Gaaras Bond,0,0,0,0
9951,Naruto Shippuden Uncut: Naruto: Outbreak,0,0,0,0
9952,Naruto Shippuden Uncut: Animal District,0,0,0,0
9953,Naruto Shippuden Uncut: Ah the Medicine of Youth,0,0,0,0
9954,Naruto Shippuden Uncut: Gutsy Master and Student: The Training,0,0,0,0
9955,Naruto Shippuden Uncut: Record of the Gutsy Ninja Master and Student,0,0,0,0
9956,Naruto Shippuden Uncut: Sasukes Paw Encyclopedia,0,0,0,0
9957,Naruto Shippuden Uncut: Naruto and the Old Soldier,0,0,0,0
9958,Naruto Shippuden Uncut: Kakashi Love Song,0,0,0,0
9959,Naruto Shippuden Uncut: Neji Chronicles,0,0,0,0
9960,Naruto Shippuden Uncut: The Man Who Died Twice,0,0,0,0
9961,Naruto Shippuden Uncut: The Worst Three-Legged Race,0,0,0,0
9962,Naruto Shippuden Uncut: Drive Towards Darkness,0,0,0,0
9963,Naruto Shippuden Uncut: The Sixth Hokage Danzo,0,0,0,0
9964,Naruto Shippuden Uncut: The Eve of the Five Kage Summit,0,0,0,0
9965,Naruto Shippuden Uncut: Enter the Five Kage!,0,0,0,0
9966,Naruto Shippuden Uncut: Narutos Plea,0,0,0,0
9967,Naruto Shippuden Uncut: A Painful Decision,0,0,0,0
9968,Naruto Shippuden Uncut: Racing Lightning,0,0,0,0
9969,Naruto Shippuden Uncut: Sasukes Ninja Way,0,0,0,0
9970,Naruto Shippuden Uncut: Power of the Five Kage,0,0,0,0
9971,Naruto Shippuden Uncut: Declaration of War,0,0,0,0
9972,Naruto Shippuden Uncut: Sakuras Feelings,0,0,0,0
9973,Naruto Shippuden Uncut: As Ones Friend,0,0,0,0
9974,Naruto Shippuden Uncut: Danzos Right Arm,0,0,0,0
9975,Naruto Shippuden Uncut: The Forbidden Visual Jutsu,0,0,0,0
9976,Naruto Shippuden Uncut: Danzo Shimura,0,0,0,0
9977,Naruto Shippuden Uncut: Sakuras Resolve,0,0,0,0
9978,Naruto Shippuden Uncut: Lost Bonds,0,0,0,0
9979,Naruto Shippuden Uncut: The Burden,0,0,0,0
9980,Naruto Shippuden Uncut: Two Fates,0,0,0,0
9981,Naruto Shippuden Uncut: Infiltrator,0,0,0,0
9982,Naruto Shippuden Uncut: The Five Great Nations Mobilize,0,0,0,0
9983,Found,0,0,0,0
9984,The Feud: Wild West Tactics,0,0,0,0
9985,Lazors,0,0,0,0
9986,Diamond,0,0,0,0
9987,Diesel Guns,0,0,0,0
9988,Dark Future: Blood Red States,0,0,0,0
9989,Impossiball,0,0,0,0
9990,Champions of Anteria(tm),0,0,0,0
9991,The Deep Paths: Labyrinth Of Andokost,0,0,0,0
9992,Otherland MMO,0,363,-363,363
9993,Thunder Tier One,0,0,0,0
9994,Cook Serve Delicious! 2!!,0,0,0,0
9995,Torn Tales,0,0,0,0
9996,Toy Odyssey: The Lost and Found,0,0,0,0
9997,The Youthdrainers,0,0,0,0
9998,Rogue Operatives,0,0,0,0
9999,Osiris: New Dawn,601,0,601,601
10000,BioShock(tm) Remastered,10508,3271,7237,7237
10001,BioShock(tm) 2 Remastered,2245,495,1750,1750
10002,Chalo Chalo,0,0,0,0
10003,Rock God Tycoon,0,0,0,0
10004,Gravity Island,0,0,0,0
10005,Harmonia,0,108,-108,108
10006,Astervoid 2000,0,0,0,0
10007,Virtually Live presents Formula E Season Two Highlights,0,0,0,0
10008,Siege,0,0,0,0
10009,DEAD RISING(r),542,587,-45,45
10010,Vision Runner,0,0,0,0
10011,Wallpaper Engine,0,0,0,0
10012,Luckless Seven,0,0,0,0
10013,The Jackbox Party Pack 3,0,0,0,0
10014,Formicide,0,0,0,0
10015,Ships 2017,0,0,0,0
10016,Void Vikings,0,0,0,0
10017,Talewind,0,0,0,0
10018,Paladins,25537,16029,9508,9508
10019,akeytsu Indie,0,0,0,0
10020,Smash Up,0,0,0,0
10021,Highschool Romance: Magi Trials,0,0,0,0
10022,Semispheres,0,0,0,0
10023,About Elise,0,0,0,0
10024,Big Buck Hunter Arcade,0,0,0,0
10025,Pro Evolution Soccer 2017,636,1057,-421,421
10026,Final Days,0,0,0,0
10027,Dungetris,0,0,0,0
10028,Lithium: Inmate 39,0,0,0,0
10029,StreetCraft,0,0,0,0
10030,Diorama Battle of NINJA Xu Ni 3DShi Jie  Ren Zhe Zhi Zhan,0,0,0,0
10031,DoDonPachi Resurrection,0,0,0,0
10032,PRICE,393,854,-461,461
10033,Deceit,0,0,0,0
10034,Half-Life: A Place in the West,0,0,0,0
10035,Stash: No Loot Left Behind,0,0,0,0
10036,The Sandbox Evolution - Craft a 2D Pixel Universe!,0,0,0,0
10037,Dead Army - Radio Frequency,0,0,0,0
10038,Ancient Go,0,0,0,0
10039,Pandum online,0,0,0,0
10040,Duke Grabowski Mighty Swashbuckler,0,0,0,0
10041,Stop The Earth Im Getting Off,0,0,0,0
10042,Dungeons & Darkness,0,0,0,0
10043,24 HOURS,0,0,0,0
10044,Berserk: The Cataclysm,0,0,0,0
10045,Infinite Air with Mark McMorris,0,0,0,0
10046,Tentacult!,0,0,0,0
10047,Astroflux,0,0,0,0
10048,Conga Master,0,0,0,0
10049,Hearts Medicine - Time to Heal,0,0,0,0
10050,The Divine Paradox,0,0,0,0
10051,BowMage,0,0,0,0
10052,Minotaur,0,0,0,0
10053,Sumeru,0,0,0,0
10054,Crazy Fun - FootRock,0,0,0,0
10055,Recursed,0,0,0,0
10056,Mushroom Crusher Extreme,0,0,0,0
10057,Inklings,0,0,0,0
10058,Ortus Arena,0,0,0,0
10059,Fourtex Jugo,0,0,0,0
10060,Autumn Park Mini Golf,0,0,0,0
10061,Laser Lasso BALL,0,0,0,0
10062,Gunnihilation,0,0,0,0
10063,Slider Quest,0,0,0,0
10064,Hospitalize,0,0,0,0
10065,Fall of Freya (Alpha 1),0,0,0,0
10066,Saving Harmony,0,0,0,0
10067,Patterna,0,0,0,0
10068,Manual Samuel,0,0,0,0
10069,SHENZHEN I/O,0,0,0,0
10070,Along the Edge,0,0,0,0
10071,The Unwelcomed,0,0,0,0
10072,Ballanced,0,0,0,0
10073,RollerForce,0,0,0,0
10074,Unfazed,0,0,0,0
10075,Wheels of Aurelia,0,0,0,0
10076,Rollout,0,0,0,0
10077,Riding Club Championships,0,0,0,0
10078,BattleTime,0,0,0,0
10079,DEXED,0,0,0,0
10080,Unaided: 1939,0,0,0,0
10081,Gal*Gun: Double Peace,0,0,0,0
10082,Showdown Adventure,0,0,0,0
10083,CHEXS,0,0,0,0
10084,Make America Great Again,0,0,0,0
10085,Rescue Bear Operation,0,0,0,0
10086,Schacht,0,0,0,0
10087,Agenda,0,0,0,0
10088,Tyrfing Cycle,0,0,0,0
10089,Madrobot X,0,0,0,0
10090,Maximum Archery The Game,0,0,0,0
10091,Turbo Pug DX,0,0,0,0
10092,Desperate Times,0,0,0,0
10093,Legends of Time,0,0,0,0
10094,Ellipsis,0,0,0,0
10095,Satellite Command,0,0,0,0
10096,Best in Show Solitaire,0,0,0,0
10097,Eldritch Hunter,0,0,0,0
10098,Make America Great Again: The Trump Presidency,0,0,0,0
10099,Invention 2,0,183,-183,183
10100,Straimium Immortaly,0,0,0,0
10101,Alchemic Jousts,0,0,0,0
10102,Soundboxing,0,0,0,0
10103,POLYCRUSHER,0,0,0,0
10104,Balls! Virtual Reality Cricket,0,0,0,0
10105,Drop Out 0,0,0,0,0
10106,A dead worlds dream,0,0,0,0
10107,CRANGA!: Harbor Frenzy,0,0,0,0
10108,City VR,0,0,0,0
10109,Ahros: One Warrior Chronicle,0,0,0,0
10110,Dead End Junction,0,0,0,0
10111,Seventh Knight PC Security + Gaming Accelerator 2,0,0,0,0
10112,DUSK,0,0,0,0
10113,TwinForce,0,0,0,0
10114,Thrills & Chills - Roller Coasters,0,0,0,0
10115,Underworld Dungeon,0,0,0,0
10116,Tribocalypse VR,0,0,0,0
10117,It Comes Around - A Kinetic Novel,0,0,0,0
10118,Gaming Accelerator 2,0,0,0,0
10119,Pong It! VR,0,0,0,0
10120,Barrow Hill: The Dark Path,0,0,0,0
10121,True or False,601,770,-169,169
10122,Serial Cleaner,0,0,0,0
10123,Carries Order Up!,0,0,0,0
10124,SnookerWorld-Best online multiplayer snooker game!,0,0,0,0
10125,Princess Maker 2 Refine,0,0,0,0
10126,Planet Smasher,0,0,0,0
10127,Virtual Race Car Engineer 2017,0,0,0,0
10128,Sweet Volley High,0,0,0,0
10129,Fatehaven,0,0,0,0
10130,Samurai of Hyuga,0,0,0,0
10131,Samurai of Hyuga Book 2,0,0,0,0
10132,Ceggtcher VR,0,0,0,0
10133,Bitslap,0,0,0,0
10134,League Of Guessing,174,0,174,174
10135,Helmet Heroes,280,0,280,280
10136,Artisan: Going Home Again,0,0,0,0
10137,Kings under the hill,0,0,0,0
10138,Samplitude Music Studio Steam Edition,0,0,0,0
10139,Candy Kingdom VR,0,0,0,0
10140,What Would You Do?,0,0,0,0
10141,Six Feet Under,0,0,0,0
10142,Hardware Engineering,0,0,0,0
10143,Slashy Hero,0,0,0,0
10144,Awesome Obstacle Challenge,0,0,0,0
10145,The Wild Eight,0,0,0,0
10146,GEARGUNS - Tank offensive,0,0,0,0
10147,OZCore: MMO Engine,0,0,0,0
10148,Deep Below,0,0,0,0
10149,Higurashi When They Cry - Ch.4 Himatsubushi,0,0,0,0
10150,8infinity,0,0,0,0
10151,PitchFork,0,0,0,0
10152,Armies of Riddle CCG Fantasy Battle Card Game,0,0,0,0
10153,Cmoar VR Cinema,0,0,0,0
10154,VilleTown,0,0,0,0
10155,Grave VR,0,0,0,0
10156,Escape Station,0,0,0,0
10157,Life Beetle,0,0,0,0
10158,EM: Shader Attack,0,0,0,0
10159,The Legions of Rome,0,0,0,0
10160,Platro,0,0,0,0
10161,Containment Initiative,0,0,0,0
10162,Bus Tycoon ND (Night and Day),0,0,0,0
10163,Yankais Triangle,0,0,0,0
10164,Merger 3D,0,0,0,0
10165,Just Hero,0,0,0,0
10166,War Cube,0,0,0,0
10167,Lifestream - A Haunting Text Adventure,0,0,0,0
10168,Shop-n-Spree: Shopping Paradise,0,0,0,0
10169,Nevertales: Shattered Image Collectors Edition,0,0,0,0
10170,Farm Tribe 2,0,0,0,0
10171,Spa Mania 2,0,0,0,0
10172,Mystery Trackers: The Void Collectors Edition,0,0,0,0
10173,Gladiator Trainer,0,0,0,0
10174,Eternal Return,0,0,0,0
10175,Night Forest,0,0,0,0
10176,Lost In Woods 2,0,0,0,0
10177,Tracks of Triumph: Summertime,0,0,0,0
10178,Turbo Pug 3D,0,0,0,0
10179,Spin Rush,0,0,0,0
10180,Francois BOUILLE,0,0,0,0
10181,Blanco,0,0,0,0
10182,Bad ass babes,0,0,0,0
10183,Omni Link,0,0,0,0
10184,TEOT - The End OF Tomorrow,0,0,0,0
10185,I Know a Tale,0,0,0,0
10186,The Bellows: VR Demo,0,0,0,0
10187,Beyond Power VR,0,0,0,0
10188,ShowdownVR,0,0,0,0
10189,Akuto: Mad World,0,0,0,0
10190,Pixel-Warfare: Pro,0,0,0,0
10191,The Planet of the Vicious Creatures,0,0,0,0
10192,Requiescence,0,0,0,0
10193,Warlocks Tower,0,0,0,0
10194,Slayaway Camp,0,0,0,0
10195,S#arp Shooter,0,0,0,0
10196,The Rosefinch Curse(Nings Wing 1),0,0,0,0
10197,Aegis,0,0,0,0
10198,mr.President Prologue Episode,0,0,0,0
10199,Bubble Jungle (r) Super Chameleon Platformer World,0,0,0,0
10200,Solitaire Royale,0,0,0,0
10201,Spareware,0,0,0,0
10202,Haydee,209,146,63,63
10203,Archimedes,0,0,0,0
10204,Soulblight,0,0,0,0
10205,The Tower - Fantogame,0,0,0,0
10206,Battles of Norghan,0,0,0,0
10207,HEBEREKE!: March! Red Army Girls Brigade,0,0,0,0
10208,ShapeRockets,0,0,0,0
10209,8-Bit Invaders!,0,0,0,0
10210,Rubek,0,0,0,0
10211,Guardians Oath,0,0,0,0
10212,Carton,0,0,0,0
10213,Bloody Walls,174,0,174,174
10214,Egg Time,0,0,0,0
10215,Finque,0,0,0,0
10216,Iron Fish,0,0,0,0
10217,League of Light: Dark Omens Collectors Edition,0,0,0,0
10218,Haunted Legends: The Queen of Spades Collectors Edition,0,0,0,0
10219,Shut Eye,0,0,0,0
10220,Zia and the goddesses of magic,0,0,0,0
10221,The Cube Hotel(Nings Wing 2),0,0,0,0
10222,VoxreD,0,0,0,0
10223,Think To Die,0,0,0,0
10224,Torch Cave 2,0,0,0,0
10225,Zombie Defense,736,0,736,736
10226,EggK47,0,0,0,0
10227,Offroad: VR,0,0,0,0
10228,Dont open the doors!,0,0,0,0
10229,Measurement Problem,0,0,0,0
10230,EXIT,0,0,0,0
10231,Space Journey,0,0,0,0
10232,Sundered,0,0,0,0
10233,Hacker Series,0,0,0,0
10234,Brawlout,0,0,0,0
10235,Arctic Trucker Simulator,0,0,0,0
10236,Tooth and Tail,0,0,0,0
10237,Sid Meiers Civilization(r) VI,6824,7201,-377,377
10238,Xanadu Next,0,0,0,0
10239,Conarium,0,0,0,0
10240,Oh My Gore!,0,0,0,0
10241,Dont Knock Twice,0,0,0,0
10242,Wanted Corp.,0,0,0,0
10243,Tales of Cosmos,0,0,0,0
10244,Faceted Flight,0,0,0,0
10245,Mafia III,8286,13524,-5238,5238
10246,Snake Cubed,0,0,0,0
10247,Culina: Hands in the Kitchen,0,0,0,0
10248,MYTH - All Ages version,0,0,0,0
10249,Hired Ops,0,405,-405,405
10250,Herald: An Interactive Period Drama,0,0,0,0
10251,The Beard in the Mirror,0,0,0,0
10252,Nova Blitz,0,0,0,0
10253,Chicka Wars | Chicken Meat,0,0,0,0
10254,Take Command - 2nd Manassas,0,0,0,0
10255,Stellar Overload,209,168,41,41
10256,Guided Meditation VR,0,0,0,0
10257,Business Tour,0,0,0,0
10258,Clustertruck,1395,1231,164,164
10259,AGP::Epica,0,0,0,0
10260,Undead Blackout,0,0,0,0
10261,Eagle Flight,0,0,0,0
10262,The Stanford Ocean Acidification Experience,0,0,0,0
10263,Ginger: Beyond the Crystal,0,0,0,0
10264,Criminal Girls: Invite Only,0,0,0,0
10265,Heros Song(tm),0,0,0,0
10266,Bugspeed Collider,0,0,0,0
10267,Tales,0,0,0,0
10268,Subsistence,209,0,209,209
10269,Draw Slasher,0,0,0,0
10270,The Little Acre,0,0,0,0
10271,Miner Meltdown,0,0,0,0
10272,WinKings,0,0,0,0
10273,Space Battle Core,0,0,0,0
10274,A House of Many Doors,0,0,0,0
10275,BLUE REVOLVER,0,0,0,0
10276,World of Tanks Blitz,2644,0,2644,2644
10277,The Stargazers,0,0,0,0
10278,Happy Critters,0,0,0,0
10279,Infinite Minigolf,0,0,0,0
10280,LYDIA: SWEET DREAMS,0,0,0,0
10281,Bad Caterpillar,0,0,0,0
10282,Manekis Curse,0,0,0,0
10283,DinoOps,0,0,0,0
10284,SPLIT BULLET,0,0,0,0
10285,Trillion: God of Destruction,0,0,0,0
10286,Spellstone,0,0,0,0
10287,Shadowverse,736,0,736,736
10288,Secrets of Magic: The Book of Spells,0,0,0,0
10289,Dashing Dinos,0,0,0,0
10290,High Octane Drift,1361,698,663,663
10291,Winning Putt,393,0,393,393
10292,Ghost Town Mine Ride & Shootin Gallery,0,0,0,0
10293,Bearslayer,0,0,0,0
10294,Hindenburg VR,0,0,0,0
10295,Allumette,0,139,-139,139
10296,SteamDolls VR,0,0,0,0
10297,Beglitched,0,0,0,0
10298,Pre-Civilization Egypt,0,162,-162,162
10299,Runeyana,0,0,0,0
10300,The Melody of Grisaia,0,0,0,0
10301,ARAYA,0,0,0,0
10302,Hide & Spook: The Haunted Alchemist,0,0,0,0
10303,Starship Titanic,0,0,0,0
10304,Rescuties! VR,0,0,0,0
10305,Bambino Rally 3,0,0,0,0
10306,Birdsketball,0,0,0,0
10307,Versus Game,0,0,0,0
10308,Space Jammers,0,0,0,0
10309,Death Squared,0,0,0,0
10310,Sombrero: Spaghetti Western Mayhem,0,0,0,0
10311,Dorke and Ymp,0,0,0,0
10312,Slightly Magic - 8bit Legacy Edition,0,0,0,0
10313,Hide and Shriek,0,0,0,0
10314,GameCaptr - App-controlled recording & streaming,0,0,0,0
10315,Stable Orbit,0,0,0,0
10316,Adam Wolfe,0,0,0,0
10317,Alveari,0,0,0,0
10318,Campaign Clicker,393,193,200,200
10319,Townsmen,0,0,0,0
10320,Pirate Pop Plus,0,0,0,0
10321,Hat Trick Header,0,0,0,0
10322,Taxi,0,0,0,0
10323,Astral Heroes,0,0,0,0
10324,Minion Masters,0,0,0,0
10325,The Golf Club VR,0,0,0,0
10326,Control Craft 3,0,0,0,0
10327,Wild Romance,0,0,0,0
10328,City Car Driving,0,0,0,0
10329,Green Ranch,0,0,0,0
10330,Overdriven Reloaded,0,0,0,0
10331,Senza Peso,0,0,0,0
10332,The Challenge,0,0,0,0
10333,MegaTagmension Blanc + Neptune VS Zombies (Neptunia),209,422,-213,213
10334,Golden Krone Hotel,0,0,0,0
10335,Shards of Azuria,0,0,0,0
10336,In The Shadow Of The Truth,0,0,0,0
10337,The Shrouded Isle,0,0,0,0
10338,Lost Socks: Naughty Brothers,0,0,0,0
10339,Rogue Islands,0,0,0,0
10340,Kisaragi no Hougyoku,0,0,0,0
10341,White Noise 2,0,0,0,0
10342,The Cooking Game,0,0,0,0
10343,Detective Hayseed - Hollywood,0,0,0,0
10344,Fables from the Den,0,0,0,0
10345,Ghost Pursuit VR,0,0,0,0
10346,Stream Buddy,0,0,0,0
10347,Anyland,0,0,0,0
10348,Trimmer Tycoon,601,0,601,601
10349,Shadows of Adam,0,0,0,0
10350,Mr.President!,393,386,7,7
10351,The Superfluous,0,0,0,0
10352,Treasure of a Blizzard,0,0,0,0
10353,Draconic Order VR,0,0,0,0
10354,Scrap Garden - The Day Before,393,441,-48,48
10355,Deus Ex Machina Game of the Year 30th Anniversary Collectors Edition,0,0,0,0
10356,To The Top,0,0,0,0
10357,PostCollapse,0,0,0,0
10358,Super Grav,0,0,0,0
10359,Conflict of Heroes: Awakening the Bear,0,0,0,0
10360,D: The Game,0,0,0,0
10361,Eventide 2: The Sorcerers Mirror,0,0,0,0
10362,The Shape Of Heart,0,0,0,0
10363,Graveyard Shift,0,0,0,0
10364,CrossWorlds: Escape,0,0,0,0
10365,Malavision(r): The Origin,0,0,0,0
10366,World of Golf,0,0,0,0
10367,Nakiti Generations,0,0,0,0
10368,the research facility NO.507,0,0,0,0
10369,Avalon Legends Solitaire 2,0,0,0,0
10370,Streets of Rogue,0,0,0,0
10371,The Tower: Last Stand,0,0,0,0
10372,Aviators,0,0,0,0
10373,ALICE VR,0,0,0,0
10374,Hunger Dungeon,736,622,114,114
10375,3dSunshine,0,0,0,0
10376,LUXIS,0,0,0,0
10377,PooShooter: Toilet Invaders,0,0,0,0
10378,Hate Free Heroes,0,0,0,0
10379,BitMaster,0,0,0,0
10380,Resfort,0,0,0,0
10381,Super Hop N Bop ULTRA,0,0,0,0
10382,Snowday,0,0,0,0
10383,Candy Thieves - Tale of Gnomes,0,0,0,0
10384,Skynet Rising : Portal to the Past,0,0,0,0
10385,My Summer Car,392,423,-31,31
10386,Cards of Chaos,0,0,0,0
10387,Chimpact 1 - Chucks Adventure,0,0,0,0
10388,Accounting,0,570,-570,570
10389,Zone4,0,0,0,0
10390,Lone Leader,0,0,0,0
10391,Flying Pengy,0,0,0,0
10392,Climbey,0,0,0,0
10393,LUMEN,0,0,0,0
10394,Drive on Moscow,0,0,0,0
10395,Strikers Edge,0,0,0,0
10396,Kokurase - Episode 1,0,0,0,0
10397,King Machine,0,0,0,0
10398,bOllO,0,0,0,0
10399,Sakura Space,0,0,0,0
10400,Subterra,0,0,0,0
10401,Lop Nor Zombie VR (HTC Vive),0,0,0,0
10402,RPG Maker VX,0,0,0,0
10403,Hello Neighbor,0,0,0,0
10404,Bullet Sorrow VR,0,0,0,0
10405,Loading Human: Chapter 1,0,0,0,0
10406,The Fishing Club 3D,0,0,0,0
10407,Polywings,0,0,0,0
10408,Ghostlords,0,0,0,0
10409,Unforgiven: Missing Memories - Childs Play,0,0,0,0
10410,Airship Commander,0,0,0,0
10411,Tank Universal 2,0,0,0,0
10412,Mahjong World Contest,0,0,0,0
10413,Alices Patchworks 2,0,0,0,0
10414,zTime (Danger Noodles!),0,0,0,0
10415,Unruly Ghouls,0,0,0,0
10416,Wonder Boy Returns,0,0,0,0
10417,Atomic Butcher: Homo Metabolicus,0,0,0,0
10418,Yore VR,0,0,0,0
10419,BANG BANG BANG!,0,0,0,0
10420,Galaxy of Trian,0,0,0,0
10421,Gobernators (Parodia politica peruana),0,0,0,0
10422,Moonlit Mayhem(tm),0,0,0,0
10423,Deisim,0,0,0,0
10424,Doorways: Old Prototype,0,0,0,0
10425,Project Fire,0,0,0,0
10426,The Hateful Dead,0,0,0,0
10427,Boxing Saga,0,0,0,0
10428,hack_me,0,0,0,0
10429,A Day in the Woods,0,0,0,0
10430,Janken Cards,0,0,0,0
10431,Russian SuperHero Dead Ivan,0,0,0,0
10432,Divergence: Year Zero,0,0,0,0
10433,Destroyer,0,0,0,0
10434,Solitaire Beach Season,0,0,0,0
10435,Carpe Deal Em,0,0,0,0
10436,VEGAS Pro 14 Edit Steam Edition,0,137,-137,137
10437,Soulless: Ray Of Hope,0,0,0,0
10438,Elems,0,0,0,0
10439,Cerdocornio,0,0,0,0
10440,Twixel,0,0,0,0
10441,Nekuia,0,0,0,0
10442,Basketball Babe,0,0,0,0
10443,Fine China,0,0,0,0
10444,Retaliation Path of Rome,0,0,0,0
10445,Violet Haunted,0,0,0,0
10446,Awkward Dimensions Redux,280,352,-72,72
10447,Lazerbait,0,0,0,0
10448,Creature Clicker - Capture Train Ascend!,0,0,0,0
10449,Crazy Sapper 3D,0,0,0,0
10450,ALONE? - VR,0,0,0,0
10451,Game Character Hub: Portfolio Edition,0,0,0,0
10452,ColecoVision Flashback,0,0,0,0
10453,12 orbits,0,0,0,0
10454,reconquest,0,0,0,0
10455,VR The Diner Duo,0,0,0,0
10456,Eve of Destruction - REDUX,0,0,0,0
10457,Blameless,1494,1219,275,275
10458,STEAM HAMMER,0,0,0,0
10459,Rogues or Heroes,0,0,0,0
10460,Far Beyond: A space odyssey,0,0,0,0
10461,AIRHEART - Tales of broken Wings,0,0,0,0
10462,Beneath The Cherry Trees / Ying noShu noXia niha,0,0,0,0
10463,Max Stern,0,0,0,0
10464,The Art of Fight | 4vs4 Fast-Paced FPS,0,131,-131,131
10465,Golden Swords,0,0,0,0
10466,Polygod,0,0,0,0
10467,Hidden Dimensions 3,0,0,0,0
10468,Corona Blossom Vol. 2 The Truth From Beyond,0,0,0,0
10469,Bad Sector HDD,0,0,0,0
10470,The Miners,0,0,0,0
10471,Rusty Lake: Roots,0,118,-118,118
10472,Lethal VR,0,0,0,0
10473,Dark Train,0,0,0,0
10474,Sweet Candy Mahjong,0,0,0,0
10475,Exteria,0,0,0,0
10476,Crazy Flies,0,0,0,0
10477,Civil War: 1862,0,0,0,0
10478,Haunted Hotel,0,0,0,0
10479,PuppetShow(tm): Mystery of Joyville,0,0,0,0
10480,Phantasmat: Crucible Peak Collectors Edition,0,0,0,0
10481,VCB: Why City,0,0,0,0
10482,Wild Arena,0,0,0,0
10483,Zup!,0,1156,-1156,1156
10484,STARUSHKO LUB,0,0,0,0
10485,The Writer: A Change Of Identity,0,0,0,0
10486,Atonement 2: Ruptured by Despair,0,0,0,0
10487,ReBoot,0,0,0,0
10488,Battle Tank Armada,0,0,0,0
10489,Scary Humans,0,0,0,0
10490,Ultimate Solid,0,0,0,0
10491,MegaRats,0,0,0,0
10492,Cursed Castilla (Maldita Castilla EX),0,0,0,0
10493,Arcade Artist,0,0,0,0
10494,Let Hawaii Happen VR,0,0,0,0
10495,Paradise Island VR,0,0,0,0
10496,Pixvana SPIN Technology Preview,0,0,0,0
10497,Tornuffalo,0,0,0,0
10498,Icity - a Flight Sim ... and a City Builder,0,0,0,0
10499,The Rise of Captain Longbeard,0,0,0,0
10500,Super Ninja Hero VR,0,0,0,0
10501,BUSTED!,0,0,0,0
10502,Fire in the Goal,0,0,0,0
10503,Chunky Orbits,0,0,0,0
10504,Save Home,0,0,0,0
10505,Super Happy Singh,0,0,0,0
10506,Breathing Fear,0,0,0,0
10507,CapitalShip VR,0,0,0,0
10508,WAR7,0,0,0,0
10509,A Fear Of Heights And Other Things,0,0,0,0
10510,Porno Studio Tycoon,0,0,0,0
10511,Nidhogg 2,0,0,0,0
10512,Unforgiving Trials: The Space Crusade,0,0,0,0
10513,Meow-Jong,0,0,0,0
10514,Cards of Cthulhu,0,0,0,0
10515,Please State Your Name : A VR Animated Film,0,0,0,0
10516,The Space Garden,0,0,0,0
10517,Endless Room,0,0,0,0
10518,Shining Plume,0,0,0,0
10519,The Revenge of Johnny Bonasera,0,0,0,0
10520,Marlene,0,0,0,0
10521,Maze Sounds,0,0,0,0
10522,Miniature - The Story Puzzle,0,0,0,0
10523,BoomTown! Deluxe,0,0,0,0
10524,FILE 9,0,0,0,0
10525,Redie,0,0,0,0
10526,Bric - The Casual Indie Game,0,0,0,0
10527,Die for the Empire,0,0,0,0
10528,Shuffle!,0,0,0,0
10529,Digimon Masters Online,308,0,308,308
10530,Existence speed,0,0,0,0
10531,JumpBall,0,0,0,0
10532,Inner Chains,0,0,0,0
10533,SYMMETRY,0,0,0,0
10534,Bridge to Nowhere,0,0,0,0
10535,Arizona Rose and the Pirates Riddles,0,0,0,0
10536,Ballistic Protection,0,105,-105,105
10537,Supa Kila Monsta Hunta,0,0,0,0
10538,Doodle God: 8-bit Mania,0,0,0,0
10539,Feel The Snow,0,101,-101,101
10540,Raging Titan,0,0,0,0
10541,A-Escape VR,0,0,0,0
10542,Chicken Chase,0,0,0,0
10543,Shatter Quest,0,0,0,0
10544,Party Golf,0,0,0,0
10545,Help Me Doctor,0,0,0,0
10546,Staircase: VR,0,0,0,0
10547,TURGUL: RAPID FIGHTING,0,0,0,0
10548,Train Mechanic Simulator 2017,0,0,0,0
10549,City Climber,0,0,0,0
10550,Future Unfolding,0,0,0,0
10551,TV Trouble,0,0,0,0
10552,Think To Die 2,0,0,0,0
10553,My Mom is a Witch,0,0,0,0
10554,Puzzle Cube,0,0,0,0
10555,Racecar.io,0,0,0,0
10556,Razortron 2000,0,0,0,0
10557,Kombine,0,0,0,0
10558,Final Quest II,0,0,0,0
10559,Natures Wrath VR,0,0,0,0
10560,Fabulous - Angelas Fashion Fever,0,0,0,0
10561,K-Rolik,0,0,0,0
10562,GrottyScape,0,0,0,0
10563,Epica,0,0,0,0
10564,ISLANDS: Non-Places,0,0,0,0
10565,Delicious! Pretty Girls Mahjong Solitaire,427,329,98,98
10566,Dawn of Warriors,0,0,0,0
10567,Sorcery Is for Saps,0,0,0,0
10568,Subject 264,0,0,0,0
10569,Crewsaders,0,0,0,0
10570,Rose of Winter,0,0,0,0
10571,Krampus,0,0,0,0
10572,Galactic Adventures,0,0,0,0
10573,Clickdraw Clicker,0,0,0,0
10574,Suppressed,0,0,0,0
10575,Redrum: Dead Diary,0,0,0,0
10576,The Frontier,0,0,0,0
10577,Panoptic,0,0,0,0
10578,Lost in Reefs: Antarctic,0,0,0,0
10579,RuneSage,0,0,0,0
10580,Edmersiv,0,0,0,0
10581,Project Alpha 002,0,0,0,0
10582,Slingshot people,0,0,0,0
10583,Remaining in a dream,0,0,0,0
10584,Plankton,0,0,0,0
10585,On the front line,0,0,0,0
10586,Extreme Skiing VR,0,0,0,0
10587,Super Puzzle Sisters,0,0,0,0
10588,Mahsung Deluxe,0,0,0,0
10589,Bubble Blowout,0,0,0,0
10590,PIRATADO 1,0,0,0,0
10591,DemonicGuestVR,0,0,0,0
10592,Pumpkin SculptrVR,0,0,0,0
10593,Head It!: VR Soccer Heading Game,0,0,0,0
10594,Guardian of The Demon Valley,0,0,0,0
10595,Project: R.E.B.O.O.T,0,0,0,0
10596,The Night The Carsons Disappeared,0,0,0,0
10597,Catacomb Explorers,0,0,0,0
10598,Pipejob,0,0,0,0
10599,Monster Maze VR,0,0,0,0
10600,Last Days,0,0,0,0
10601,Cogito,0,0,0,0
10602,Damned Cold,0,0,0,0
10603,Altar Guardian,0,0,0,0
10604,Other Tanks,0,0,0,0
10605,Mars Industries,0,0,0,0
10606,Dream UniVRse,0,0,0,0
10607,Murder Mystery Adventure,0,0,0,0
10608,Book Series - Alice in Wonderland,0,0,0,0
10609,The Bellows,0,0,0,0
10610,The Puppet Master,0,0,0,0
10611,Escape Bloody Mary,0,0,0,0
10612,21 Steps to Soul,0,0,0,0
10613,Blood Ties,0,0,0,0
10614,NSFW ~ Not a Simulator For Working,0,0,0,0
10615,Professor Nasty Time: The Stupidly Unfair Test Simulator 2016,0,0,0,0
10616,The face of hope: Underground,0,0,0,0
10617,Landfill,0,0,0,0
10618,Sleight,0,0,0,0
10619,Time Of Silence,0,0,0,0
10620,Hollow Bliss,0,0,0,0
10621,PHAT PHROG,0,0,0,0
10622,VOI,0,0,0,0
10623,Ghostdream,0,0,0,0
10624,Shady Brook - A Dark Mystery Text Adventure,0,0,0,0
10625,Hunting Unlimited 2011,0,0,0,0
10626,Trip to Vinelands,0,0,0,0
10627,Brief Karate Foolish,0,0,0,0
10628,Sluggish Morss: Days of the Purple Sun,0,0,0,0
10629,North Side,0,0,0,0
10630,Vanguards,0,0,0,0
10631,Operation Breakout(r),0,0,0,0
10632,Machine Hunt,0,0,0,0
10633,Above - VR,0,0,0,0
10634,Halloween mysteries,0,0,0,0
10635,Boo Breakers: The Ghostening,0,0,0,0
10636,Mausoleum of the Medusa,0,0,0,0
10637,Across,0,0,0,0
10638,Sorcerers of Kinetics (VR),0,0,0,0
10639,The Survey,0,0,0,0
10640,Space Beret,0,0,0,0
10641,Equin: The Lantern,0,0,0,0
10642,Abode,0,0,0,0
10643,Tonight We Riot,0,0,0,0
10644,Pixel Soccer,0,0,0,0
10645,Ashes of Immortality II - Bad Blood,0,0,0,0
10646,Mallow Drops,0,0,0,0
10647,King Lucas,0,0,0,0
10648,Metal Tales: Fury of the Guitar Gods,0,0,0,0
10649,Project CARS - Pagani Edition,736,250,486,486
10650,Disastr_Blastr,0,0,0,0
10651,Wildfire,0,0,0,0
10652,Z-Exemplar,0,0,0,0
10653,Stellar Stars,0,0,0,0
10654,Battle Islands: Commanders,280,0,280,280
10655,Asher,0,0,0,0
10656,The Secret of Pineview Forest,0,0,0,0
10657,Dark Quest 2,0,0,0,0
10658,A dragon girl looks up at the endless sky,0,0,0,0
10659,Franchise Hockey Manager 3,0,0,0,0
10660,In The Shadows,0,0,0,0
10661,Night in the Woods,0,0,0,0
10662,Gear Gauntlet,0,0,0,0
10663,Way of the Red,0,0,0,0
10664,Zone of Lacryma,0,0,0,0
10665,The Wardrobe,0,0,0,0
10666,Epic Flail,0,0,0,0
10667,Deaths Life,0,0,0,0
10668,Carmageddon: Max Damage,360,295,65,65
10669,Sceal,0,0,0,0
10670,Ball of Wonder,0,0,0,0
10671,Rogue Stache,0,0,0,0
10672,Blade & Bones,0,0,0,0
10673,CRAPPY ZOMBIE GAME,0,0,0,0
10674,Elves vs Goblins Defender,0,0,0,0
10675,Dragon Skies VR,0,0,0,0
10676,Overkill VR,0,0,0,0
10677,Chen Sha Huo (Lost in Secular Love),0,0,0,0
10678,ShotForge,0,0,0,0
10679,Emergency 2017,0,0,0,0
10680,Inevitable Path,0,0,0,0
10681,Evil Orbs,0,0,0,0
10682,Manor of the Damned!,0,0,0,0
10683,Behold!,0,0,0,0
10684,Killing Zombies,0,0,0,0
10685,Constricting Cubes,0,0,0,0
10686,One More Night,0,0,0,0
10687,Stereo Aereo,0,0,0,0
10688,Defense Of Greece TD,0,0,0,0
10689,Dungeon Of Doom Puzzle,0,0,0,0
10690,HAUNTED: Halloween 85 (Original NES Game),0,0,0,0
10691,Portal Key,0,0,0,0
10692,Citalis,0,0,0,0
10693,Nanomedix Inc,0,0,0,0
10694,Imprisoned Light,0,0,0,0
10695,Vulture Island,0,0,0,0
10696,Block Blowout,0,0,0,0
10697,Balloon Blowout,0,0,0,0
10698,RacetronicVR,0,0,0,0
10699,Byte Family,0,0,0,0
10700,Painted Memories,0,0,0,0
10701,Slap The Fly,0,0,0,0
10702,Legend of Merchant,0,0,0,0
10703,Zombie Exodus: Safe Haven,0,0,0,0
10704,Whack a Vote: Hammering the Polls,0,0,0,0
10705,Snake Pass,0,0,0,0
10706,VRCapture,0,0,0,0
10707,Organ Quarter Pre-Alpha Demo,0,0,0,0
10708,AL*FINE,0,0,0,0
10709,Bedfellows FRENZY,0,0,0,0
10710,GO AWAY THERES KUMIS OVER THERE!,0,0,0,0
10711,Shiver: Poltergeist Collectors Edition,0,0,0,0
10712,Wild Animals - Animated Jigsaws,0,0,0,0
10713,Gem Forge,0,0,0,0
10714,The Journey,0,0,0,0
10715,Craft Keep VR,0,0,0,0
10716,Crispy Chicken,0,0,0,0
10717,Heart and Seoul,0,0,0,0
10718,Snowball!,0,0,0,0
10719,Anomalies,0,0,0,0
10720,Strongmind,0,0,0,0
10721,Septic Savages,0,0,0,0
10722,Thats Mahjong!,0,0,0,0
10723,Mosaic: Game of Gods,0,0,0,0
10724,7D Game (VR for VIVE),0,0,0,0
10725,Apokalypsis,0,0,0,0
10726,Guild Quest,0,0,0,0
10727,Darkness Ahead,0,0,0,0
10728,Izanamis Dream Battle,0,0,0,0
10729,Trump Simulator VR,0,0,0,0
10730,Clown2Beat,0,0,0,0
10731,Alien Invasion Tower Defense,0,0,0,0
10732,Celestial Breach,0,0,0,0
10733,Congresswolf,0,0,0,0
10734,Wheely,0,0,0,0
10735,VR RunningJoe,0,0,0,0
10736,ObserVR Beta,0,0,0,0
10737,Fiber Twig: Midnight Puzzle,0,0,0,0
10738,Charm Tale Quest,0,0,0,0
10739,What The Heck Dude?,0,0,0,0
10740,Dofus,0,0,0,0
10741,Call of Duty(r): Infinite Warfare,5913,6702,-789,789
10742,Get Even,0,0,0,0
10743,Radiation Island,0,0,0,0
10744,The Exiled,0,0,0,0
10745,Finding Paradise,0,0,0,0
10746,Subsiege,0,0,0,0
10747,Pig Eat Ball,0,0,0,0
10748,Cyber Chicken,0,0,0,0
10749,Google Earth VR,601,813,-212,212
10750,The Martian VR Experience,0,0,0,0
10751,Stratus: Battle For The Sky,0,0,0,0
10752,Drive!Drive!Drive!,0,0,0,0
10753,Super Daryl Deluxe,0,0,0,0
10754,GAROU: MARK OF THE WOLVES,0,0,0,0
10755,Hollow Knight,0,0,0,0
10756,Toonstruck,0,0,0,0
10757,FIRMA,0,0,0,0
10758,Ohr: vr,0,0,0,0
10759,XField Paintball 3,0,0,0,0
10760,Sentinels,0,0,0,0
10761,High Fidelity,0,0,0,0
10762,DeathCrank,0,0,0,0
10763,Dishonored 2,5913,12451,-6538,6538
10764,Lords of New York,0,0,0,0
10765,Siegecraft Commander,0,0,0,0
10766,Motorsport Manager,864,1150,-286,286
10767,Caretaker Retribution,0,0,0,0
10768,Creeper World: Anniversary Editon,0,0,0,0
10769,Gods and Idols,0,0,0,0
10770,Space Junk Patrol,0,0,0,0
10771,Tales of Berseria(tm),0,0,0,0
10772,Memoranda,0,0,0,0
10773,Breakroom,0,0,0,0
10774,Sethian,0,0,0,0
10775,Melon Simulator,0,0,0,0
10776,Street Posse Showdown,0,0,0,0
10777,Escape: Sierra Leone,0,0,0,0
10778,The SoulKeeper VR,0,0,0,0
10779,Mindball Play,0,0,0,0
10780,Watch_Dogs(r) 2,2943,4472,-1529,1529
10781,Minimal,0,0,0,0
10782,Ariel,0,0,0,0
10783,Wincars Racer,0,0,0,0
10784,Snakes on an Extradimensional Plane,0,0,0,0
10785,Quantum Chess,0,0,0,0
10786,Days of War,0,0,0,0
10787,Spider Wars,0,0,0,0
10788,DRAGON BALL XENOVERSE 2,2943,3385,-442,442
10789,FrightShow Fighter,0,0,0,0
10790,Gary the Gull,0,0,0,0
10791,TumbleSeed,0,0,0,0
10792,Who Must Die,0,0,0,0
10793,PlayFortress,0,0,0,0
10794,Steep,542,659,-117,117
10795,EmergeNYC,0,199,-199,199
10796,CAFE 0 ~The Sleeping Beast~,0,0,0,0
10797,Darksiders Warmastered Edition,1349,1031,318,318
10798,Last Survivor,0,211,-211,211
10799,Arcade Saga,0,0,0,0
10800,Regalia: Of Men and Monarchs,0,0,0,0
10801,Bounce,0,0,0,0
10802,Runbow,0,0,0,0
10803,Sumer,0,0,0,0
10804,Bootleg Systems,0,0,0,0
10805,Rage Pig,0,0,0,0
10806,The Pedestrian,0,0,0,0
10807,Voodoo,0,0,0,0
10808,Genital Jousting,766,766,0,0
10809,Winged Sakura: Demon Civil War,0,0,0,0
10810,SwingStar VR,0,0,0,0
10811,Emberdoom,0,0,0,0
10812,Zero Escape: The Nonary Games,0,0,0,0
10813,Qantas VR,0,0,0,0
10814,Yu-Gi-Oh! Legacy of the Duelist,0,104,-104,104
10815,Nitroplus Blasterz: Heroines Infinite Duel,0,0,0,0
10816,NAL Is Alive,0,0,0,0
10817,Angeldust,601,612,-11,11
10818,Her Majestys SPIFFING,0,0,0,0
10819,Werewolves Within(tm),0,0,0,0
10820,Brut@l,0,0,0,0
10821,Weird Hero,0,0,0,0
10822,Notruf 112 - Die Feuerwehr Simulation,209,356,-147,147
10823,Assault on the Necrospire,0,0,0,0
10824,Project Syria,0,0,0,0
10825,Monster Puzzle,0,0,0,0
10826,EARTHS DAWN,0,0,0,0
10827,Fractasia,0,0,0,0
10828,ConflictCraft,0,0,0,0
10829,Deios II // DEIDIA,0,0,0,0
10830,LaserCat,0,0,0,0
10831,J.A.C.K.,0,0,0,0
10832,Mystic Diary - Quest for Lost Brother,0,0,0,0
10833,CONSTRUCT,0,0,0,0
10834,Crystal Quest Classic,0,0,0,0
10835,QUACK ATTACK 1985: TURBO DX EDITION,0,0,0,0
10836,SoulHunt,0,0,0,0
10837,Fist of Physics,0,0,0,0
10838,GET THE GEMS,0,0,0,0
10839,What Remains of Edith Finch,0,0,0,0
10840,SOS: SPECIAL OPERATIVE STORIES,0,0,0,0
10841,CyberLink PowerDirector 15 Ultra,0,0,0,0
10842,CyberLink PhotoDirector 8 Ultra,0,0,0,0
10843,Orczz,0,0,0,0
10844,ATV Quadracer Ultimate,0,0,0,0
10845,Roadworks - The Simulation,0,0,0,0
10846,VoxVR,0,0,0,0
10847,Ultimate General: Civil War,209,424,-215,215
10848,Team Racing League,0,0,0,0
10849,Salvaged,0,0,0,0
10850,Apocalipsis,0,0,0,0
10851,Antihero,0,0,0,0
10852,Downward,0,0,0,0
10853,CoLab,0,0,0,0
10854,Bicyclism EP,0,0,0,0
10855,Cirkele,0,0,0,0
10856,Island Simulator 2016,0,0,0,0
10857,Ashes of the Singularity: Escalation,0,150,-150,150
10858,Dragon Knight,0,151,-151,151
10859,Anime Studio Simulator,0,0,0,0
10860,Strategy & Tactics: Dark Ages,0,0,0,0
10861,Project Lounge,0,0,0,0
10862,QUBIC,0,0,0,0
10863,Heroes of Dire,0,0,0,0
10864,Lazarus,0,0,0,0
10865,Dragon Souls,0,0,0,0
10866,Mr. Massagy,0,0,0,0
10867,Glass Masquerade,0,0,0,0
10868,Nanuleu,0,0,0,0
10869,Kite,0,0,0,0
10870,Nightshade/Bai Hua Bai Lang,0,0,0,0
10871,Drunk On Nectar,0,0,0,0
10872,Duckles: the Jisgaw Witch,0,0,0,0
10873,Quern - Undying Thoughts,0,0,0,0
10874,Drop Alive,0,0,0,0
10875,Vive le Roi,0,0,0,0
10876,SkyTime,0,0,0,0
10877,SCUM,0,0,0,0
10878,SENRAN KAGURA Bon Appetit! - Full Course,0,149,-149,149
10879,Unreal Heroes,0,0,0,0
10880,Stifled,0,0,0,0
10881,A Duel Hand Disaster: Trackher,0,0,0,0
10882,Stratego(r) Single Player,0,0,0,0
10883,Flying Baron 1916,0,0,0,0
10884,Aztecalypse,0,0,0,0
10885,Publisher Tycoon,0,0,0,0
10886,How to shoot a criminal,0,0,0,0
10887,theHunter(tm): Call of the Wild,0,0,0,0
10888,Surgeon Simulator: Experience Reality,0,0,0,0
10889,NBA 2KVR Experience,0,0,0,0
10890,Zenza,0,0,0,0
10891,Remembering Pearl Harbor,0,0,0,0
10892,GUILTY GEAR Xrd -REVELATOR-,0,0,0,0
10893,INTERSHELTER,360,409,-49,49
10894,The Journey Of Forgotten Memories,0,0,0,0
10895,DWVR,0,0,0,0
10896,Metal Noise,0,0,0,0
10897,The Electric Shocktopus,0,0,0,0
10898,MAGICALxSPIRAL,0,0,0,0
10899,Where are my Internets?,0,0,0,0
10900,Autumn Dream,0,0,0,0
10901,Medieval Defenders,0,0,0,0
10902,God Of Arrows VR,0,0,0,0
10903,Ant-gravity: Tinys Adventure,0,0,0,0
10904,A Normal Lost Phone,0,0,0,0
10905,peakvox Escape Virus HD,0,0,0,0
10906,Asura,0,0,0,0
10907,Escape From Nazi Labs,0,0,0,0
10908,Nock: Hidden Arrow,0,0,0,0
10909,Resin,0,0,0,0
10910,Garden Wars,0,0,0,0
10911,Silhouette,0,0,0,0
10912,vRhythm,0,0,0,0
10913,Lifeliqe VR Museum,0,0,0,0
10914,Jumper Jape,0,0,0,0
10915,Cubotrox,0,0,0,0
10916,Galaxy Commando,0,0,0,0
10917,SQUAKE,0,0,0,0
10918,Handball 17,0,0,0,0
10919,Bubble Labs VR,0,0,0,0
10920,CGWallpapers,0,0,0,0
10921,Captain Kaon,0,0,0,0
10922,Demon Hunter 3: Revelation,0,0,0,0
10923,Keep Defending,0,0,0,0
10924,Darkness and Flame: Born of Fire,0,0,0,0
10925,Solstice Chronicles: MIA,0,0,0,0
10926,Patchwork,0,0,0,0
10927,Wells,0,0,0,0
10928,Rogalia,0,0,0,0
10929,Drunkn Bar Fight,0,0,0,0
10930,Rugby Union Team Manager 2017,0,0,0,0
10931,Operation: New Earth,0,0,0,0
10932,Eisenwald: Blood of November,0,0,0,0
10933,SosSurvival,0,0,0,0
10934,Virtual-O,0,0,0,0
10935,Expect The Unexpected,0,0,0,0
10936,Moekuri: Adorable + Tactical SRPG,0,0,0,0
10937,Kittypocalypse - Ungoggled,0,0,0,0
10938,FISH LAKE,0,0,0,0
10939,Mages of Mystralia,0,0,0,0
10940,Total Extreme Wrestling,0,0,0,0
10941,Ley Lines,0,0,0,0
10942,Slymes,0,0,0,0
10943,Smashbox Arena,0,0,0,0
10944,Subject A-119,0,0,0,0
10945,ROM: Extraction,0,0,0,0
10946,Eternal Card Game,0,574,-574,574
10947,Dawns Light 2,0,0,0,0
10948,Time Leap Paradise SUPER LIVE!,0,0,0,0
10949,ComPet,0,0,0,0
10950,CAYNE,0,0,0,0
10951,Flatty Animals,0,0,0,0
10952,ligna,0,0,0,0
10953,Filthy Lucre,0,0,0,0
10954,Dont Chat With Strangers,0,0,0,0
10955,Campfire: One of Us Is the Killer,0,0,0,0
10956,Fight Me Bro!,0,0,0,0
10957,Orcish Inn,0,0,0,0
10958,Depth VR,0,0,0,0
10959,Solitaire 220 Plus,0,0,0,0
10960,4Team,0,0,0,0
10961,Ancient Rome 2,0,0,0,0
10962,Heroes Evolved,0,0,0,0
10963,The Secret of Middle City,0,0,0,0
10964,Moorhuhn schlagt zuruck,0,0,0,0
10965,3D Chess,0,0,0,0
10966,Marblize,0,0,0,0
10967,Phrase Shift,0,0,0,0
10968,Perfect Fit - Totemland,0,0,0,0
10969,Grimm: Dark Legacy,0,0,0,0
10970,Lost Grimoires: Stolen Kingdom,0,0,0,0
10971,Groggers!,0,0,0,0
10972,MagixHome(tm) VR,0,0,0,0
10973,Red Spider: Vengeance,0,0,0,0
10974,VR Swing Table Tennis Oculus,0,0,0,0
10975,HEROINE ANTHEM ZERO,0,0,0,0
10976,VR Idol Stars Project Hop Step Sing! High Quality Edition,0,0,0,0
10977,Dantes Forest,0,0,0,0
10978,Bad Dream: Coma,0,0,0,0
10979,EVE: Valkyrie,0,101,-101,101
10980,Triennale Game Collection,0,0,0,0
10981,Fiery Disaster,0,0,0,0
10982,SugarMill,0,0,0,0
10983,Super Island God VR,0,0,0,0
10984,Clazer,0,0,0,0
10985,Ball of Light,0,0,0,0
10986,Space Cat,0,0,0,0
10987,Tank Battle: Blitzkrieg,0,0,0,0
10988,Jewel Quest Seven Seas Collectors Edition,0,0,0,0
10989,Commercium,0,0,0,0
10990,Delicious - Emilys Message in a Bottle,0,0,0,0
10991,Nuclear Contingency,0,0,0,0
10992,Vox-L,0,0,0,0
10993,PRO EVOLUTION SOCCER 2017 TRIAL EDITION,766,142,624,624
10994,Nodiatis,0,0,0,0
10995,PhysDrive,0,0,0,0
10996,Skyway,0,0,0,0
10997,Operation Abyss: New Tokyo Legacy,0,0,0,0
10998,TRI.DEFENDER,0,0,0,0
10999,Xemo(tm) : Robot Simulation,0,0,0,0
11000,TZOMPANTLI,0,0,0,0
11001,The Herbalist,0,112,-112,112
11002,Happy Maze,0,0,0,0
11003,Wheres the Fck*ng Light - VR,0,0,0,0
11004,Lost in the Rift - Reborn,0,0,0,0
11005,Lonelyland VR,0,0,0,0
11006,Castle Must Be Mine,0,0,0,0
11007,Crumbled World,0,0,0,0
11008,Kickoff Legends,0,0,0,0
11009,Beat The Game,0,0,0,0
11010,HandPass VR,0,0,0,0
11011,SuperMoose,0,0,0,0
11012,Mr. Shadow,0,0,0,0
11013,Void & Nothingness,0,0,0,0
11014,Horizon Of History,0,0,0,0
11015,Holo Impact : Prologue,0,0,0,0
11016,Archer Guardian VR : The Chapter Zero,0,0,0,0
11017,Z`code (VR for HTC Vive),0,0,0,0
11018,Damage: Sadistic Butchering of Humanity,0,0,0,0
11019,Tyto Online,0,0,0,0
11020,Memory of a Broken Dimension,0,0,0,0
11021,Next Stop 2,0,0,0,0
11022,Draft Day Sports: Pro Basketball 2017,0,0,0,0
11023,Delicious - Emilys Christmas Carol,0,0,0,0
11024,Sacred Almanac Traces of Greed,0,0,0,0
11025,Holy Avenger,0,0,0,0
11026,Delicious - Emilys New Beginning,0,0,0,0
11027,Limelight VR,0,0,0,0
11028,Milkmaid of the Milky Way,0,0,0,0
11029,Badiya,0,0,0,0
11030,Driver Booster 4 for Steam,230,158,72,72
11031,Beastiarium,0,0,0,0
11032,Lost Sector Online Europe,0,0,0,0
11033,CountDown,0,0,0,0
11034,Nother,0,0,0,0
11035,Wanderland,0,0,0,0
11036,Luke Sidewalker,0,0,0,0
11037,Hunting Unlimited 4,0,0,0,0
11038,Hunting Unlimited 2009,0,0,0,0
11039,Teslas Best Friend,0,0,0,0
11040,Fatal Gem VR(The First Match-3 VR Game),0,0,0,0
11041,Coffin of Ashes,0,0,0,0
11042,BOTOLO,0,0,0,0
11043,Starry Nights : Helix,0,0,0,0
11044,Xenus 2. White gold.,0,0,0,0
11045,SPACE MOUSE 35th Anniversary edition,0,0,0,0
11046,Dynamic,0,0,0,0
11047,Acro Storm,0,0,0,0
11048,Beat Boxer,0,0,0,0
11049,Comit the Astrodian,0,0,0,0
11050,Merchants & Mercenaries,0,0,0,0
11051,Fear Effect Sedna,0,0,0,0
11052,Mechatroniks Attack,0,0,0,0
11053,Midnight Carnival,0,0,0,0
11054,Town of Night,0,0,0,0
11055,Terminal Hacker,0,0,0,0
11056,RYB,0,0,0,0
11057,Dark War,0,0,0,0
11058,Pinball FX2 VR,0,0,0,0
11059,Interfectorem,0,0,0,0
11060,Front Office Football Eight,0,0,0,0
11061,Warfleet,0,0,0,0
11062,Runes,0,0,0,0
11063,Space Merchants: Arena,0,0,0,0
11064,Star-Twine,0,0,0,0
11065,Arena Master,0,0,0,0
11066,SPINGUN,0,0,0,0
11067,Eradicated(tm),0,0,0,0
11068,Magical Mysteries: Path of the Sorceress,0,0,0,0
11069,Manastorm: Champions of Gnar,0,0,0,0
11070,Lightspeed Frontier,0,0,0,0
11071,Through the Mirror,0,0,0,0
11072,Warpin: Creation (VR),0,0,0,0
11073,A Rose in the Twilight,0,0,0,0
11074,The Torus Syndicate,0,0,0,0
11075,Fallen Mage,0,0,0,0
11076,Munch VR,0,0,0,0
11077,SnipZ,0,0,0,0
11078,Counter Agents,0,0,0,0
11079,FETCH,0,0,0,0
11080,Alwas Awakening,0,0,0,0
11081,Ironclads 2: War of the Pacific,0,0,0,0
11082,Wondee,0,0,0,0
11083,Incursion The Thing,0,0,0,0
11084,Indie Game Sim,0,0,0,0
11085,Evolution VR,0,0,0,0
11086,Rainbow Rage Squad,0,0,0,0
11087,Bunny & Piggy,0,0,0,0
11088,RoboSports VR,0,0,0,0
11089,Leviathan Starblade,0,0,0,0
11090,VRchaeology: Prologue,0,0,0,0
11091,Happy Room,0,0,0,0
11092,Marmoset Toolbag 3,0,0,0,0
11093,Street Champ VR,0,0,0,0
11094,RPG Fighter League,0,0,0,0
11095,After Life - Story of a Father,0,0,0,0
11096,One Of The Last,0,0,0,0
11097,Kingdom of Aurelia: Mystery of the Poisoned Dagger,0,0,0,0
11098,Stargazer Christmas,0,0,0,0
11099,Azkend 2: The World Beneath,0,0,0,0
11100,Sparkle Unleashed,0,0,0,0
11101,B. Braun Future Operating Room,0,0,0,0
11102,Sphere Complex,0,0,0,0
11103,Abduction Bit,0,0,0,0
11104,Kitten Cannon,0,0,0,0
11105,Brain Voyagers,0,0,0,0
11106,Fresh Body,0,0,0,0
11107,Micro Trial RC,0,0,0,0
11108,Repulsanoid,0,0,0,0
11109,Rocket Craze 3D,0,0,0,0
11110,Rescue your chickens,0,0,0,0
11111,Oblivions Edge,0,0,0,0
11112,WayOut,0,0,0,0
11113,Spirit of Revenge: Cursed Castle Collectors Edition,0,0,0,0
11114,123 Slaughter Me Street 2,0,0,0,0
11115,Lord Darydikilkil,0,0,0,0
11116,Sea of Lies: Mutiny of the Heart Collectors Edition,0,0,0,0
11117,Myths of the World: Chinese Healer Collectors Edition,0,0,0,0
11118,Star Fight,0,0,0,0
11119,Last Days of Spring 2,0,0,0,0
11120,ASSASSINATION BOX,0,0,0,0
11121,TWIN BROS,0,0,0,0
11122,Bad birthday,0,0,0,0
11123,Counter Fight,0,0,0,0
11124,Unearthed Inc: The Lost Temple,0,0,0,0
11125,Depression,0,0,0,0
11126,Survival VR,0,0,0,0
11127,Crystal Shard Adventure Bundle,0,0,0,0
11128,Abandon Ship,0,0,0,0
11129,Pro Skater 2D,0,0,0,0
11130,DatavizVR Demo,0,0,0,0
11131,Escape!VR -The Basement-,0,0,0,0
11132,Brick Rigs,0,0,0,0
11133,Whiplash - Crash Valley,0,0,0,0
11134,CAGE,0,0,0,0
11135,Willies Haunted Hayride,0,0,0,0
11136,Hade,0,0,0,0
11137,Pure Heart,0,0,0,0
11138,Doomsday Survival:Training,0,0,0,0
11139,Fancy Trangram VR,0,0,0,0
11140,Primitive Road,0,0,0,0
11141,You Hun 2 -youre the only one-,0,0,0,0
11142,The storm front,0,0,0,0
11143,Anguished,0,0,0,0
11144,Happy Birthday Bernard,0,0,0,0
11145,Project Abyss,0,0,0,0
11146,Jades Journey,0,0,0,0
11147,Keep Watching VR,0,0,0,0
11148,8-Bit Arena VR,0,0,0,0
11149,Rite of Passage: The Perfect Show Collectors Edition,0,0,0,0
11150,Fantasy Fairways,0,0,0,0
11151,Saga of the North Wind,0,0,0,0
11152,Speech Trainer,0,0,0,0
11153,aMAZEing adventures,0,0,0,0
11154,Fastigium,0,0,0,0
11155,Escape The Island,0,0,0,0
11156,BASMENT DWELLERS,0,0,0,0
11157,Timber! The Logging Experts,0,0,0,0
11158,Alpine Ski VR,0,0,0,0
11159,Into The Unknown,0,0,0,0
11160,VR Dungeon,0,0,0,0
11161,Warhammer 40000: Space Wolf,0,0,0,0
11162,Drift King: Survival,0,0,0,0
11163,Space Ghost Pirate Zombie Slayer,0,0,0,0
11164,Pirate Defense,0,0,0,0
11165,The Purge Day,0,0,0,0
11166,Hex Phase,0,0,0,0
11167,Hot Squat,0,0,0,0
11168,ArsonVille,0,0,0,0
11169,ICEY,393,6176,-5783,5783
11170,Hand Eye Cubination,0,0,0,0
11171,ARK BOX Unlimited,0,0,0,0
11172,Once in Yaissor,0,0,0,0
11173,Lunar Stone - Origin of Blood,0,0,0,0
11174,DeathMetal,0,0,0,0
11175,Desert Ride Coaster,0,0,0,0
11176,Frequent Flyer,0,0,0,0
11177,Himawari - The Sunflower -,0,0,0,0
11178,Rage Wars,0,0,0,0
11179,BladeShield,0,0,0,0
11180,CRACKHEAD,0,0,0,0
11181,Amaranthine Voyage: The Tree of Life Collectors Edition,0,0,0,0
11182,Ultramegon,0,0,0,0
11183,Rescue the Great Demon 2,453,285,168,168
11184,Crazy Saloon VR,0,0,0,0
11185,Viking Escape,0,0,0,0
11186,Ziba,0,0,0,0
11187,0 Day,0,0,0,0
11188,Fan Fun,0,0,0,0
11189,Final Goalie: Football simulator,0,0,0,0
11190,Sonic Hunter VR,0,0,0,0
11191,The First Tree,0,0,0,0
11192,Pavlov,0,0,0,0
11193,InfinitasDM,0,0,0,0
11194,Detention Fan Xiao,0,0,0,0
11195,The table at war VR,0,0,0,0
11196,Little Briar Rose,0,0,0,0
11197,Infestation: The New Z,3920,6925,-3005,3005
11198,The Legend of Dark Witch 2 (Mo Shen Shao Nu episodo2),0,0,0,0
11199,Crazy Oafish Ultra Blocks: Big Sale,0,0,0,0
11200,A Magical High School Girl / Mo Fa noNu Zi Gao Sheng,0,0,0,0
11201,Zolg,0,0,0,0
11202,Grave Danger,0,0,0,0
11203,Masked Forces,0,0,0,0
11204,Adrenaline Adventure,0,0,0,0
11205,Grim Facade: Mystery of Venice Collectors Edition,0,0,0,0
11206,Galactic Landing,0,0,0,0
11207,Burgers 2,0,0,0,0
11208,Rapiti,0,0,0,0
11209,Madness,0,0,0,0
11210,Fairyland: Fairy Power,0,0,0,0
11211,Gold Crusader,0,0,0,0
11212,Neon Arena,0,0,0,0
11213,Detective Gallo,0,0,0,0
11214,Galactic Fighter,0,0,0,0
11215,Reptilians Must Die!,0,0,0,0
11216,Drones The Human Condition,0,0,0,0
11217,PHAT STACKS,0,0,0,0
11218,Seven Seas Solitaire,0,0,0,0
11219,Disoriented,0,0,0,0
11220,Neon Prism,0,0,0,0
11221,Age of Farming,0,0,0,0
11222,King Kaiju,0,0,0,0
11223,Gladius,0,0,0,0
11224,INTRUDER - WAR AREAS,0,0,0,0
11225,Marrow,0,0,0,0
11226,Legrand Legacy,0,0,0,0
11227,SourVR Video Player,0,0,0,0
11228,Star Phoenix,0,0,0,0
11229,Warbands: Bushido,0,0,0,0
11230,Gladiator School,0,0,0,0
11231,Charlies Adventure,0,0,0,0
11232,Dreamcage Escape,0,0,0,0
11233,Rage Against The Zombies,0,0,0,0
11234,Avenger Bird,0,0,0,0
11235,BuildMoreCubes,0,0,0,0
11236,iREC,0,0,0,0
11237,Credence Filter,0,0,0,0
11238,My Friend Pedro,0,0,0,0
11239,Dream Quest,0,0,0,0
11240,Germ Wars,0,0,0,0
11241,Empyrean,0,0,0,0
11242,I Hate Santa,0,0,0,0
11243,Giants: Citizen Kabuto,0,0,0,0
11244,Pawn,0,0,0,0
11245,Atom Fishing II,0,133,-133,133
11246,My Pet Rock,0,0,0,0
11247,Magnificent Ships: Volume 1,0,0,0,0
11248,Azurea Juncture,0,0,0,0
11249,Sunsets Ashes,0,0,0,0
11250,REVIVAL RESET,0,0,0,0
11251,JETPACK PORTER,0,0,0,0
11252,ROBUST ROAD ROLLER,0,0,0,0
11253,Candy Island,0,0,0,0
11254,Cannonfire Concerto,0,0,0,0
11255,Mad Hunter,0,0,0,0
11256,Steel Invaders,0,0,0,0
11257,Star Kingdom - The Elements,0,0,0,0
11258,its always monday,0,105,-105,105
11259,The Agency of Anomalies: Cinderstone Orphanage Collectors Edition,0,0,0,0
11260,CRAFT: Work VR Shop Demo,0,0,0,0
11261,Children of Colossus,0,0,0,0
11262,Club Naughty,0,0,0,0
11263,Cosmic Sugar VR,0,0,0,0
11264,The Purgatory,0,0,0,0
11265,Royal Detective: The Lord of Statues Collectors Edition,0,0,0,0
11266,Dannys War,0,0,0,0
11267,Rakuen,0,0,0,0
11268,Snailiens,0,0,0,0
11269,Thunder Spheres,0,0,0,0
11270,EURGAVA(tm) - Fight for Haaria,0,0,0,0
11271,Demented Pixie,0,0,0,0
11272,Sleengster,0,0,0,0
11273,Love Ribbon,0,0,0,0
11274,Time Tenshi 2: Special Edition,0,0,0,0
11275,PAKO - Car Chase Simulator,0,0,0,0
11276,Broken Blue,0,0,0,0
11277,Shrouded Tales: The Spellbound Land Collectors Edition,0,0,0,0
11278,PLANNES,0,0,0,0
11279,Estiman,0,0,0,0
11280,Black Swan,0,0,0,0
11281,Breaking Bones,0,0,0,0
11282,The Cabin: VR Escape the Room,0,0,0,0
11283,Andoran Skye XD,0,0,0,0
11284,Red Spider2: Exiled,0,0,0,0
11285,Magic Tavern,0,0,0,0
11286,Delicious - Emilys Home Sweet Home,0,0,0,0
11287,Bamboo EP,0,0,0,0
11288,Special Delivery,0,0,0,0
11289,BasementVR,0,0,0,0
11290,Santas Christmas Solitaire,0,0,0,0
11291,Emission VR,0,0,0,0
11292,REALITY,0,0,0,0
11293,Liquid Pinball,0,0,0,0
11294,The Dark Within,0,0,0,0
11295,Zup! 2,0,897,-897,897
11296,Space Tyrant,0,0,0,0
11297,The Spirit Underneath,0,0,0,0
11298,Shot Shot Tactic,0,0,0,0
11299,Viktaram,0,0,0,0
11300,Locked In VR,0,0,0,0
11301,Panty Party,0,0,0,0
11302,Salvage Op,0,0,0,0
11303,Ra2,0,0,0,0
11304,Warstone TD,0,0,0,0
11305,Attempt[42],0,0,0,0
11306,Boozy Dwarf,0,0,0,0
11307,Our Wonderful World,0,0,0,0
11308,Cube Master,0,0,0,0
11309,Pandarama: The Lost Toys,0,0,0,0
11310,The Wizards Who Fell In A Hole,0,0,0,0
11311,Immersion,0,0,0,0
11312,Paintball 707,0,0,0,0
11313,ZombiesTown VR,0,0,0,0
11314,HOUND,0,0,0,0
11315,The Cows Are Watching,0,0,0,0
11316,Adventures of Hooi,0,0,0,0
11317,Dispersio,0,0,0,0
11318,Lemuria: Lost in Space,0,0,0,0
11319,Mountain Trap: The Manor of Memories,0,0,0,0
11320,Mountain Trap 2: Under the Cloak of Fear,0,0,0,0
11321,Blue Tear,0,0,0,0
11322,Ludu,0,0,0,0
11323,Void Pyramid,0,0,0,0
11324,Earth Liberation,0,0,0,0
11325,Russian Underground: VR,0,0,0,0
11326,The World 3:Rise of Demon,0,0,0,0
11327,Historium VR - Relive the history of Bruges,0,0,0,0
11328,The Edgelands,0,0,0,0
11329,Guardian Of December,0,0,0,0
11330,Fierce Tales: The Dogs Heart Collectors Edition,0,0,0,0
11331,Santas Special Delivery,0,0,0,0
11332,Whispered Secrets: The Story of Tideville Collectors Edition,0,0,0,0
11333,Boyar,0,0,0,0
11334,Guardian Arena,0,0,0,0
11335,Dimension Jump,0,0,0,0
11336,Killer Klownz,0,0,0,0
11337,Subliminal Realms: The Masterpiece Collectors Edition,0,0,0,0
11338,Mobile Astro,0,0,0,0
11339,Twisted,0,0,0,0
11340,ZombieCarz,0,0,0,0
11341,Cargo Cult: ShootnLoot VR,0,0,0,0
11342,Christmas Stories: Nutcracker Collectors Edition,0,0,0,0
11343,Christmas Eve: Midnights Call Collectors Edition,0,0,0,0
11344,SWAM,0,0,0,0
11345,Tomato Way,0,0,0,0
11346,The Crypts of Anak Shaba - VR,0,0,0,0
11347,Bowling at the Lake,0,0,0,0
11348,Minions Monsters and Madness,0,0,0,0
11349,Brain In My Head,0,0,0,0
11350,Billiard: VR,0,0,0,0
11351,The Jigsaw Puzzle Room,0,0,0,0
11352,Pixel bomb! bomb!!,0,0,0,0
11353,TILE,0,0,0,0
11354,Baseball Riot,0,0,0,0
11355,Passage 4,0,0,0,0
11356,Piximalism,0,0,0,0
11357,Ghostlight Manor,0,0,0,0
